Symbol,Company Name,Sector,Market Cap
CARBORUNIV.NS,Carborundum Univers.,Abrasives,21538.54
WENDT.NS,Wendt (India),Abrasives,1632
GRINDWELL.NS,Grindwell Norton,Abrasives,21728.8
208501.BO,John Oakey & Mohan Ltd.,Abrasives,0
224761.BO,Alirox Abrasives,Abrasives,0
316825.BO,Adcounty Media India,Advertising & Media,200.44
303692.BO,Brandbucket Media,Advertising & Media,11.39
YAAP.NS,Yaap Digital,Advertising & Media,294.56
MAXPOSURE.NS,Maxposure,Advertising & Media,67.77
300010.BO,Navoday Enterprises,Advertising & Media,4.39
308814.BO,Innokaiz India,Advertising & Media,11.65
306573.BO,Maagh Advt. & Mktg.,Advertising & Media,571.98
VERITAAS.NS,Veritaas Advertising,Advertising & Media,8.44
CRAYONS.NS,Crayons Advertising,Advertising & Media,61.32
VERTOZ.NS,Vertoz,Advertising & Media,320.98
SIGNPOST.NS,Signpost India,Advertising & Media,1305.52
CUDML.NS,Cash UR Drive Market,Advertising & Media,185.63
308505.BO,Bright Outdoor Media,Advertising & Media,766.54
RKSWAMY.NS,RK Swamy,Advertising & Media,475.75
321345.BO,Simca Advertising,Advertising & Media,311.26
322253.BO,Yaap Digital,Advertising & Media,294.56
GRAPHISAD.NS,Graphisads,Advertising & Media,46.61
293001.BO,DAPS Advertising,Advertising & Media,12.67
131259.BO,Esha Media Research,Advertising & Media,35.99
112091.BO,Global Defence Inds.,Aerospace & Defense,1.87
ASTRAMICRO.NS,Astra Microwave Prod,Aerospace & Defense,16415.99
ROSSTECH.NS,Rossell Techsys,Aerospace & Defense,4336.98
UNIMECH.NS,Unimech Aerospace,Aerospace & Defense,7649.04
SIKA.NS,Sika Interplant Sys.,Aerospace & Defense,2111.82
JAYKAY.NS,Jaykay Enterprises,Aerospace & Defense,2318.55
AEQUS.NS,Aequs,Aerospace & Defense,16242.18
322569.BO,Digilogic Systems,Aerospace & Defense,491.59
AVANTEL.NS,Avantel,Aerospace & Defense,4117.46
AXISCADES.NS,Axiscades Tech.,Aerospace & Defense,7280.03
HAL.NS,Hindustan Aeronaut.,Aerospace & Defense,324757.14
BEL.NS,Bharat Electronics,Aerospace & Defense,296301.88
BDL.NS,Bharat Dynamics,Aerospace & Defense,46003.59
DATAPATTNS.NS,Data Patterns (I),Aerospace & Defense,25668.65
TECHERA.NS,TechEra Engineering,Aerospace & Defense,265.82
C2C.NS,C2C Advanced Systems,Aerospace & Defense,376.36
KRISHNADEF.NS,Krishna Defence,Aerospace & Defense,1514.51
APOLLO.NS,Apollo Micro Systems,Aerospace & Defense,14451.51
PARAS.NS,Paras Defence &Space,Aerospace & Defense,11402.3
ZENTEC.NS,Zen Technologies,Aerospace & Defense,16265.37
CENTUM.NS,Centrum Electronics,Aerospace & Defense,5561.29
123606.BO,Sika Interplant Sys.,Aerospace & Defense,2111.82
NIBE.NS,NIBE,Aerospace & Defense,2071.97
IDEAFORGE.NS,Ideaforge Technology,Aerospace & Defense,3862.6
DCXINDIA.NS,DCX Systems,Aerospace & Defense,1880.54
308491.BO,CFF Fluid Control,Aerospace & Defense,2074.97
MEGASOFT.NS,Sigma Advanced Sys.,Aerospace & Defense,14480.18
BSHSL.NS,Bombay Super Hybrid,Agriculture,959.97
119566.BO,Simran Farms,Agriculture,89.63
VISHWAS.NS,Vishwas Agri Seeds,Agriculture,44.2
KOTYARK.NS,Kotyark Industries,Agriculture,381.73
107530.BO,Thakkers Group,Agriculture,4.68
313453.BO,TGIF Agribusiness,Agriculture,23.94
RCDL.NS,Rajgor Castor Deriv.,Agriculture,67.68
317469.BO,Rukmani Devi Garg,Agriculture,124.26
132645.BO,Beeyu Overseas,Agriculture,4.02
324084.BO,Dhanwel Hybrid Seeds,Agriculture,69.75
KSCL.NS,Kaveri Seed,Agriculture,3827.58
VENKEYS.NS,Venky''s (India),Agriculture,2337.93
AVTNPL.NS,AVT Natural Products,Agriculture,1386.09
REGAAL.NS,Regaal Resources,Agriculture,911.6
NATHBIOGEN.NS,Nath Bio-Genes (I),Agriculture,290.99
219420.BO,The Devashola (Nilg),Agriculture,0
222406.BO,LJ International,Agriculture,0
219265.BO,Ossoor Estates,Agriculture,0
200028.BO,Aravali Inds,Agriculture,0
236766.BO,Cottanad Plantatat.,Agriculture,0
219553.BO,The Anaparai Estates,Agriculture,0
SHEEL.NS,Sheel Biotech,Agriculture,125.37
219261.BO,Midland Rubber & Pro,Agriculture,0
227498.BO,BE BE Rubber Estate,Agriculture,0
240989.BO,Velimalai Rubber Co,Agriculture,0
240060.BO,Nilambur Rubber Co,Agriculture,0
223380.BO,Malankara Plantation,Agriculture,0
267921.BO,The Bijoy Nagar Tea,Agriculture,0
245462.BO,MB Commercial Co,Agriculture,0
247733.BO,Vrundavan Agro Inds.,Agriculture,0
245096.BO,Sharavana Estates,Agriculture,0
SHEETAL.NS,Sheetal Universal,Agriculture,407.87
USASEEDS.NS,Upsurge Seeds OfAgri,Agriculture,93.19
NIRMAN.NS,Nirman Agri Genetics,Agriculture,22.67
OSWALSEEDS.NS,Shree Oswal Seeds,Agriculture,107.2
268606.BO,Kumi Agro Industries,Agriculture,0
FRESHARA.NS,Freshara Agro Export,Agriculture,1000.36
294747.BO,Kaneri Agro Indus,Agriculture,
DHANLAXMI.NS,Dhanlaxmi Crop,Agriculture,40.82
295999.BO,Green Farm Bio,Agriculture,
295496.BO,Greens Food Crafts,Agriculture,
ANTGRAPHIC.NS,Antarctica,Agriculture,11.32
NARMADA.NS,Narmada Agrobase,Agriculture,102.5
INDOUS.NS,Indo US Bio-Tech,Agriculture,155.36
MGEL.NS,Mangalam Global Ent.,Agriculture,469.29
311252.BO,Vrundavan Plantation,Agriculture,21.04
272547.BO,Raghuvansh Agrofarms,Agriculture,40.58
322616.BO,Unisem Agritech,Agriculture,55.41
318805.BO,Gujarat Peanut &Agri,Agriculture,76.97
296355.BO,Times Green Energy,Agriculture,45.15
AGRITECH.NS,Agri-Tech (India),Agriculture,60.12
119574.BO,Hind Agrigenetics,Agriculture,16.9
126899.BO,Himalaya Food Intnl.,Agriculture,69.95
247423.BO,Shri Mahalaxmi Agri,Agriculture,0
119479.BO,Omega Ag-SeedsPunjab,Agriculture,6.84
245238.BO,JK Agri Genetics,Agriculture,133.5
277049.BO,Genomic Valley Bio.,Agriculture,9.13
255071.BO,Naturite Agro Prod.,Agriculture,104.68
277332.BO,Mangalam Seeds,Agriculture,156.16
KANELOIL.NS,Kanel Industries,Agriculture,138.02
131834.BO,Natura Hue Chem,Agriculture,16.06
126081.BO,SC Agrotech,Agriculture,200.02
119285.BO,Tarai Foods,Agriculture,8.07
BOSCH-HCIL.NS,Bosch Home Comfort,Air Conditioners,4945.48
AMBER.NS,Amber Enterprises,Air Conditioners,26359.13
EPACK.NS,EPACK Durable,Air Conditioners,1821.32
VOLTAS.NS,Voltas,Air Conditioners,38713.51
BLUESTARCO.NS,Blue Star,Air Conditioners,30513.23
FLYSBS.NS,FlySBS Aviation,Airlines,1099.83
SPICEJET.NS,SpiceJet,Airlines,1484.89
TANAA.NS,Taneja Aerospace,Airlines,719.5
INDIGO.NS,Interglobe Aviation,Airlines,192443.97
TAALTECH.NS,TAAL Tech,Airlines,1403.04
RAYMOND.NS,Raymond,Airlines,4932.11
GLOBALVECT.NS,Global Vectra Helico,Airlines,197.62
254542.BO,Go Airlines (India),Airlines,
TANEJAERO.NS,Taneja Aerospace,Airlines,719.5
281896.BO,TAAL Tech,Airlines,1403.04
GMRAIRPORT.NS,GMR Airports,Airport Management Services,102897.22
112425.BO,Nirav Commercials,Aluminium & Aluminium Products,28.42
208912.BO,Palco Metals,Aluminium & Aluminium Products,65.48
131869.BO,Sacheta Metals,Aluminium & Aluminium Products,47.13
JAINIK.NS,Jainik Power Cables,Aluminium & Aluminium Products,300.15
MMP.NS,MMP Industries,Aluminium & Aluminium Products,1026.65
CENTEXT.NS,Century Extrusions,Aluminium & Aluminium Products,161.52
317395.BO,Om Metallogic,Aluminium & Aluminium Products,23.37
321819.BO,Kanishk Aluminium,Aluminium & Aluminium Products,30.64
MAANALU.NS,Maan Aluminium,Aluminium & Aluminium Products,707.22
ARFIN.NS,Arfin India,Aluminium & Aluminium Products,1471.93
NATIONALUM.NS,National Aluminium,Aluminium & Aluminium Products,68708.4
BAHETI.NS,Baheti Recycling Ind,Aluminium & Aluminium Products,883.81
EUROBOND.NS,Euro Panel Products,Aluminium & Aluminium Products,369.95
322367.BO,Msafe Equipments,Aluminium & Aluminium Products,511.63
212444.BO,Alom Extrusions Limited,Aluminium & Aluminium Products,0
SORICH.NS,Sorich Foils,Aluminium & Aluminium Products,
274049.BO,Century Metal Recy.,Aluminium & Aluminium Products,
316728.BO,Jivial Industries,Aluminium & Aluminium Products,37.31
319960.BO,Sampat Aluminium,Aluminium & Aluminium Products,32.86
318577.BO,Sharvaya Metals,Aluminium & Aluminium Products,146.94
322446.BO,HRS Aluglaze,Aluminium & Aluminium Products,489.67
MANAKALUCO.NS,Manaksia Aluminium,Aluminium & Aluminium Products,249.68
131979.BO,Hind Aluminium Inds.,Aluminium & Aluminium Products,61.38
106003.BO,Sudal Industries,Aluminium & Aluminium Products,38.11
131410.BO,Guj. Foils,Aluminium & Aluminium Products,0
GALPOWTEL.NS,Galada Power & Tele.,Aluminium & Aluminium Products,18.82
126747.BO,PG Foils,Aluminium & Aluminium Products,261.97
324031.BO,Silverstorm Parks,Amusement Parks/Recreation/Club,267.59
NICCOPAR.NS,Nicco Parks & Resort,Amusement Parks/Recreation/Club,372.29
WONDERLA.NS,Wonderla Holidays,Amusement Parks/Recreation/Club,3388.4
IMAGICAA.NS,Imagicaaworld Ent.,Amusement Parks/Recreation/Club,3133.74
270982.BO,Hanman Fit,Amusement Parks/Recreation/Club,3.73
DELTACORP.NS,Delta Corp,Amusement Parks/Recreation/Club,1502.73
242321.BO,Northland Holding Co,Amusement Parks/Recreation/Club,0
239502.BO,Sun City Amusement,Amusement Parks/Recreation/Club,0
126721.BO,Nicco Parks & Resort,Amusement Parks/Recreation/Club,372.29
MUKKA.NS,Mukka Proteins,Animal Feed,940.2
236135.BO,Mayank Cattle Food,Animal Feed,126.36
AVANTIFEED.NS,Avanti Feeds,Animal Feed,10880.58
131246.BO,Prima Industries,Animal Feed,18.8
GODREJAGRO.NS,Godrej Agrovet,Animal Feed,12407.65
KSE.NS,KSE,Animal Feed,576.38
AJOONI.NS,Ajooni Biotech,Animal Feed,67.24
119262.BO,Prima Agro,Animal Feed,8.05
119500.BO,BKV Industries,Aquaculture,14.68
119413.BO,Datiware Maritime,Aquaculture,30.43
SHINDL.NS,Sharat Industries,Aquaculture,636.92
WATERBASE.NS,Waterbase,Aquaculture,201.46
130215.BO,Kings Infra Ventures,Aquaculture,209.5
267528.BO,Vistar Amar,Aquaculture,119.89
277936.BO,Zeal Aqua,Aquaculture,138.29
APEX.NS,Apex Frozen Foods,Aquaculture,1172.34
208043.BO,Devi Sea Foods,Aquaculture,
290215.BO,Penver Products,Aquaculture,
119506.BO,NCC Blue Water Prod,Aquaculture,17.49
119397.BO,Sharat Industries,Aquaculture,636.92
RML.NS,Rane (Madras),Auto Ancillary,3581.5
SHANTIGEAR.NS,Shanthi Gears,Auto Ancillary,4769.81
105212.BO,Jainex Aamcol,Auto Ancillary,36.2
131994.BO,Auto Pins (India),Auto Ancillary,66.34
INDNIPPON.NS,India Nipon Elect.,Auto Ancillary,2620.01
FMGOETZE.NS,Federal-Mogul Goetze,Auto Ancillary,2789.67
PREMIUM.NS,Premium Plast,Auto Ancillary,72.57
AUTOIND.NS,Autoline Industries,Auto Ancillary,392.27
113687.BO,Spectra Industries,Auto Ancillary,2.79
SJS.NS,SJS Enterprises,Auto Ancillary,7437.06
BOSCHLTD.NS,Bosch,Auto Ancillary,138100.74
MOTHERSON.NS,SamvardhanaMotherson,Auto Ancillary,169609.89
TENNIND.NS,Tenneco Clean Air,Auto Ancillary,20888.54
UNOMINDA.NS,UNO Minda,Auto Ancillary,72166.08
TIINDIA.NS,Tube Investments,Auto Ancillary,52225.81
212935.BO,Dewas Metal Sections Limited,Auto Ancillary,0
237890.BO,Jonas Woodhead & Son,Auto Ancillary,0
SINTERCOM.NS,Sintercom India,Auto Ancillary,222.42
237906.BO,KR Rubberite,Auto Ancillary,0
SHIGAN.NS,Shigan Quantum Tech.,Auto Ancillary,144.53
SELLOWRAP.NS,Sellowrap Industries,Auto Ancillary,92.77
ASLIND.NS,Avatar Industries,Auto Ancillary,252.51
MANDEEP.NS,Mandeep Auto Inds.,Auto Ancillary,20.59
255214.BO,Ranbro Brakes India,Auto Ancillary,0
PRITIKA.NS,Pritika Engg. Compnt,Auto Ancillary,167.02
210950.BO,Adroit Industries,Auto Ancillary,
320056.BO,LAPL Automotive,Auto Ancillary,147.8
226268.BO,Maini Precision,Auto Ancillary,
322823.BO,Autofurnish,Auto Ancillary,75.42
PRECISION.NS,Precision Metaliks,Auto Ancillary,14.92
BBTC.NS,Bombay Burmah Trdg.,Auto Ancillary,10443.46
GABRIEL.NS,Gabriel India,Auto Ancillary,23982.77
BANCOINDIA.NS,Banco Products (I),Auto Ancillary,8918.38
CIEINDIA.NS,CIE Automotive India,Auto Ancillary,14618.73
JBMA.NS,JBM Auto,Auto Ancillary,14795.08
LUMAXTECH.NS,Lumax Auto Tech.,Auto Ancillary,13303.7
SANSERA.NS,Sansera Engineering,Auto Ancillary,23604.77
ZFCVINDIA.NS,ZF Commercial Vehic.,Auto Ancillary,29042.03
MINDACORP.NS,Minda Corporation,Auto Ancillary,16802.5
ENDURANCE.NS,Endurance Tech.,Auto Ancillary,39143.66
SONACOMS.NS,Sona BLW Precision,Auto Ancillary,49243.73
SHRIPISTON.NS,SPR Auto Tech.,Auto Ancillary,21044.99
CRAFTSMAN.NS,Craftsman Automation,Auto Ancillary,29810.82
VARROC.NS,Varroc Engineering,Auto Ancillary,12625.5
PRICOLLTD.NS,Pricol,Auto Ancillary,9323.33
MSUMI.NS,Motherson SumiWiring,Auto Ancillary,24218.83
LGBBROSLTD.NS,LG Balakrishnan&Bros,Auto Ancillary,5430.64
UCAL.NS,UCAL,Auto Ancillary,322.9
AUTOAXLES.NS,Automotive Axles,Auto Ancillary,2551.96
ZFSTEERING.NS,ZF Steering Gear (I),Auto Ancillary,605.64
SETCO.NS,Setco Automotive,Auto Ancillary,233.42
AUTOCORP.NS,Automobile Corp.Goa,Auto Ancillary,1094.49
BHARATGEAR.NS,Bharat Gears,Auto Ancillary,158.05
TALBROAUTO.NS,Talbros Auto Compont,Auto Ancillary,2516.97
HINDCOMPOS.NS,Hindustan Composites,Auto Ancillary,583.15
115043.BO,Saint-Gobain Sekurit,Auto Ancillary,1043.71
108807.BO,IST,Auto Ancillary,763.47
SSWL.NS,Steel Strips Wheels,Auto Ancillary,5690.64
LUMAXIND.NS,Lumax Industries,Auto Ancillary,5778.3
SUBROS.NS,Subros,Auto Ancillary,4629.13
OMAXAUTO.NS,Omax Autos,Auto Ancillary,391.55
RICOAUTO.NS,Rico Auto Industries,Auto Ancillary,1764.93
MUNJALSHOW.NS,Munjal Showa,Auto Ancillary,516.78
RAJRATAN.NS,Rajratan Global Wire,Auto Ancillary,2530.17
JAMNAAUTO.NS,Jamna Auto Inds.,Auto Ancillary,4827.42
JTEKTINDIA.NS,JTEKT India,Auto Ancillary,3363.99
JAYBARMARU.NS,Jay Bharat Maruti,Auto Ancillary,1323.79
ASAL.NS,Automot. Stamp&Assem,Auto Ancillary,751.58
SUPRAJIT.NS,Suprajit Engineering,Auto Ancillary,6577.06
SUNDRMBRAK.NS,Sundaram BrakeLining,Auto Ancillary,291.16
WHEELS.NS,Wheels India,Auto Ancillary,4214.45
SHIVAMAUTO.NS,Shivam Autotech,Auto Ancillary,236.82
FIEMIND.NS,Fiem Industries,Auto Ancillary,5489.75
PPAP.NS,PPAP Automotive,Auto Ancillary,369.25
MUNJALAU.NS,Munjal Auto Inds.,Auto Ancillary,1122.8
SHARDAMOTR.NS,Sharda Motor Inds.,Auto Ancillary,5063.07
REMSONSIND.NS,Remsons Industries,Auto Ancillary,346.52
RACLGEAR.NS,RACL Geartech,Auto Ancillary,1857.92
SANDHAR.NS,Sandhar Technologies,Auto Ancillary,3755.9
BHARATSE.NS,Bharat Seats,Auto Ancillary,1329.41
CARRARO.NS,Carraro India,Auto Ancillary,3033.88
BELRISE.NS,Belrise Industries,Auto Ancillary,22907.96
PAVNAIND.NS,Pavna Industries,Auto Ancillary,240.27
GNA.NS,GNA  Axles,Auto Ancillary,2365.7
PRECAM.NS,Precision Camshafts,Auto Ancillary,1178.01
293975.BO,Kranti Industries,Auto Ancillary,63.16
ASKAUTOLTD.NS,ASK Automotive,Auto Ancillary,12200.17
STUDDS.NS,Studds Accessories,Auto Ancillary,1669.37
DIVGIITTS.NS,Divgi Torqtransfer,Auto Ancillary,3779.44
KROSS.NS,Kross,Auto Ancillary,1364.83
SUNCLAY.NS,Sundaram-Clayton,Auto Ancillary,2875.7
131035.BO,EBIX,Auto Ancillary,434.59
NDRAUTO.NS,NDR Auto Components,Auto Ancillary,1720.75
URAVIDEF.NS,Uravi Defence&Tech.,Auto Ancillary,134.75
PRITIKAUTO.NS,Pritika Auto Inds.,Auto Ancillary,270.92
254975.BO,SM Auto Stamping,Auto Ancillary,40.38
313449.BO,Emmforce Autotech,Auto Ancillary,367.05
312297.BO,New Swan Multitech,Auto Ancillary,77.78
HITECHGEAR.NS,Hi-Tech Gears,Auto Ancillary,1067.38
113059.BO,GS Auto Intl.,Auto Ancillary,97.63
105978.BO,Triton Valves,Auto Ancillary,581.92
120075.BO,Samkrg Pistons&Rings,Auto Ancillary,114.7
130621.BO,Akar Auto Industries,Auto Ancillary,98.89
105893.BO,Hind Hardy,Auto Ancillary,104.56
105712.BO,Him Teknoforge,Auto Ancillary,283.28
130711.BO,Jagan Lamps,Auto Ancillary,44.64
209365.BO,Sal Automotive,Auto Ancillary,95.86
IPRINGLTD.NS,IP Rings,Auto Ancillary,202.8
131727.BO,Menon Pistons,Auto Ancillary,395.96
KINETICENG.NS,Kinetic Engineering,Auto Ancillary,610.48
120141.BO,Sibar Auto Parts,Auto Ancillary,12.87
122207.BO,Rasandik Engg. Inds.,Auto Ancillary,34.48
209393.BO,Talbros Engineering,Auto Ancillary,321.11
220964.BO,Enkei Wheels (India),Auto Ancillary,700.66
245042.BO,Sar Auto Products,Auto Ancillary,2033.07
131399.BO,GG Automotive Gears,Auto Ancillary,163.34
113252.BO,Jay Ushin,Auto Ancillary,323.92
123248.BO,Machino Plastics,Auto Ancillary,160.14
VICTORYEV.NS,Victory Electric Veh,Automobile Two & Three Wheelers,37.7
WARDINMOBI.NS,Wardwizard Innovat.,Automobile Two & Three Wheelers,
315951.BO,Supertech EV,Automobile Two & Three Wheelers,44.43
OLAELEC.NS,OLA Electric Mobilit,Automobile Two & Three Wheelers,17680.52
319984.BO,Zelio E-Mobility,Automobile Two & Three Wheelers,1858.87
ATHERENERG.NS,Ather Energy,Automobile Two & Three Wheelers,62822.03
TVSMOTOR.NS,TVS Motor Company,Automobile Two & Three Wheelers,196358.26
DELTIC.NS,Delta Autocorp,Automobile Two & Three Wheelers,54.05
EICHERMOT.NS,Eicher Motors,Automobile Two & Three Wheelers,209473.79
BAJAJ-AUTO.NS,Bajaj Auto,Automobile Two & Three Wheelers,327538.69
HEROMOTOCO.NS,Hero MotoCorp,Automobile Two & Three Wheelers,106074.84
ATULAUTO.NS,Atul Auto,Automobile Two & Three Wheelers,1290.85
TUNWAL.NS,Tunwal E-Motors,Automobile Two & Three Wheelers,144.81
URJA.NS,Urja Global,Automobile Two & Three Wheelers,511.52
255008.BO,Wardwizard Innovat.,Automobile Two & Three Wheelers,176.28
KALYANI.NS,Kalyani Commercial,Automobiles - Dealers & Distributors,14.5
COMPEAU.NS,Competent Automobile,Automobiles - Dealers & Distributors,
313406.BO,Resourceful Automob.,Automobiles - Dealers & Distributors,10.89
LANDMARK.NS,Landmark Cars,Automobiles - Dealers & Distributors,2115.33
AMBAAUTO.NS,Amba Auto Sales &Ser,Automobiles - Dealers & Distributors,
BIKEWO.NS,Bikewo Green Tech,Automobiles - Dealers & Distributors,131.99
PVSL.NS,Popular Vehicles&Ser,Automobiles - Dealers & Distributors,730.71
CARTRADE.NS,CarTrade Tech,Automobiles - Dealers & Distributors,14506.43
213145.BO,French Motor Car Co. Limited,Automobiles - Dealers & Distributors,0
213357.BO,JJ Automotive Limited,Automobiles - Dealers & Distributors,0
214442.BO,Veerprabhu Marketing Limited,Automobiles - Dealers & Distributors,0
238615.BO,Lexicon Commercial,Automobiles - Dealers & Distributors,0
322744.BO,Amba Auto Sales &Ser,Automobiles - Dealers & Distributors,202.48
252055.BO,Orbit Industries,Automobiles - Dealers & Distributors,0
255409.BO,Vaibhav Heavy Vehi.,Automobiles - Dealers & Distributors,0
131041.BO,Competent Automobile,Automobiles - Dealers & Distributors,228.51
HYUNDAI.NS,Hyundai Motor India,Automobiles - Passenger Cars,179165.31
100520.BO,Mahindra & Mahindra,Automobiles - Passenger Cars,
HINDMOTORS.NS,Hindustan Motors,Automobiles - Passenger Cars,295.67
TMPV.NS,Tata MotorsPassenger,Automobiles - Passenger Cars,114722.07
MERCURYEV.NS,Mercury Ev-Tech,Automobiles - Passenger Cars,
MARUTI.NS,Maruti Suzuki India,Automobiles - Passenger Cars,399102.63
221592.BO,Suzuki (India),Automobiles - Passenger Cars,0
131357.BO,Mercury Ev-Tech,Automobiles - Passenger Cars,697.96
VSTTILLERS.NS,VST Tillers Tractors,Automobiles-Tractors,3623.43
INDOFARM.NS,Indo Farm Equipments,Automobiles-Tractors,644.04
ESCORTS.NS,Escorts Kubota,Automobiles-Tractors,33214.27
SMLMAH.NS,SML Mahindra,Automobiles-Trucks/Lcv,9114.97
ASHOKLEY.NS,Ashok Leyland,Automobiles-Trucks/Lcv,99268.14
FORCEMOT.NS,Force Motors,Automobiles-Trucks/Lcv,23058.46
OLECTRA.NS,Olectra Greentech,Automobiles-Trucks/Lcv,10087.72
TMCV.NS,Tata Motors,Automobiles-Trucks/Lcv,168741.33
UJJIVANSFB.NS,Ujjivan Small Fin,Bank - Private,12554.45
RBLBANK.NS,RBL Bank,Bank - Private,64263.17
HDFCBANK.NS,HDFC Bank,Bank - Private,1097643.69
KOTAKBANK.NS,Kotak Mahindra Bank,Bank - Private,422278
CSBBANK.NS,CSB Bank,Bank - Private,5699.88
UTKARSHBNK.NS,Utkarsh Small Fin.,Bank - Private,2590.99
IDBI.NS,IDBI Bank,Bank - Private,97449.02
TMB.NS,Tamilnad Mercantile,Bank - Private,14765.48
SURYODAY.NS,Suryoday Small Fin.,Bank - Private,1616.45
DCBBANK.NS,DCB Bank,Bank - Private,7112.13
ICICIBANK.NS,ICICI Bank,Bank - Private,1021489.83
AXISBANK.NS,Axis Bank,Bank - Private,396316.12
FEDERALBNK.NS,Federal Bank,Bank - Private,84792
SOUTHBANK.NS,South Indian Bank,Bank - Private,12386.67
CUB.NS,City Union Bank,Bank - Private,23383.57
INDUSINDBK.NS,Indusind Bank,Bank - Private,78576.32
YESBANK.NS,Yes Bank,Bank - Private,70623.67
EQUITASBNK.NS,Equitas Small Fin.,Bank - Private,8344.98
JSFB.NS,Jana Small Fin. Bank,Bank - Private,5658.82
IDFCFIRSTB.NS,IDFC First Bank,Bank - Private,74758.84
BANDHANBNK.NS,Bandhan Bank,Bank - Private,26575.29
AUBANK.NS,AU Small Fin. Bank,Bank - Private,79936.57
KTKBANK.NS,Karnataka Bank,Bank - Private,12863.03
CAPITALSFB.NS,Capital Small Fin.,Bank - Private,1277.34
KARURVYSYA.NS,Karur Vysya Bank,Bank - Private,33723.8
DHANBANK.NS,Dhanlaxmi Bank,Bank - Private,1257.51
ESAFSFB.NS,ESAF Small Finance,Bank - Private,2137.21
FINOPB.NS,Fino Payments Bank,Bank - Private,1159.48
CENTRALBK.NS,CentralBank of India,Bank - Public,28131.76
IOB.NS,Indian Overseas Bank,Bank - Public,64605.86
PSB.NS,Punjab & Sind Bank,Bank - Public,16483.04
UCOBANK.NS,UCO Bank,Bank - Public,31073.03
PNB.NS,PNB,Bank - Public,134467.44
UNIONBANK.NS,Union Bank Of India,Bank - Public,142916.36
MAHABANK.NS,Bank of Maharashtra,Bank - Public,66108.91
INDIANB.NS,Indian Bank,Bank - Public,118492.42
BANKBARODA.NS,Bank Of Baroda,Bank - Public,123595.56
CANBK.NS,Canara Bank,Bank - Public,113836.67
SBIN.NS,State Bank Of India,Bank - Public,937923.05
BANKINDIA.NS,Bank Of India,Bank - Public,66013.68
HBLENGINE.NS,HBL Engineering,Batteries,19285.84
104176.BO,High EnergyBatteries,Batteries,540.3
NIPPOBATRY.NS,Indo-National,Batteries,248.81
277554.BO,Waaree Technologies,Batteries,228.72
100008.BO,Amara Raja Energy,Batteries,
GOLDSTAR.NS,Goldstar Power,Batteries,220.37
MAXVOLT.NS,Maxvolt Energy Inds.,Batteries,354.16
LAKHNNATNL.NS,Panasonic Energy Ind,Batteries,195.56
EVEREADY.NS,Eveready Inds. India,Batteries,2310.73
316313.BO,CLN Energy,Batteries,548.77
EXIDEIND.NS,Exide Industries,Batteries,36069.75
291163.BO,Electra Accumulators,Batteries,
ATCENERGY.NS,ATC Energies System,Batteries,45.87
105827.BO,SNL Bearings,Bearings,150.64
MENONBE.NS,Menon Bearings,Bearings,1801.13
SKP.NS,SKP Bearing Inds.,Bearings,251.49
275533.BO,Vishal Bearings,Bearings,56.6
AUSTENG.NS,Austin EngineeringCo,Bearings,
288389.BO,Benara Bearings&Pist,Bearings,17.58
NIBL.NS,NRB Indl. Bearing,Bearings,74.63
SKFINDUS.NS,SKF India (Indl.),Bearings,14843.75
126073.BO,Galaxy Bearings,Bearings,271.4
ROLEXRINGS.NS,Rolex Rings,Bearings,4504.78
SCHAEFFLER.NS,Schaeffler India,Bearings,61839.98
TIMKEN.NS,Timken India,Bearings,23508.11
SKFINDIA.NS,SKF India,Bearings,7678.7
222099.BO,National Engg. Inds.,Bearings,0
226050.BO,AKS Bearings Ltd.,Bearings,0
NRBBEARING.NS,NRB Bearings,Bearings,4332.44
122005.BO,Austin EngineeringCo,Bearings,43.37
BIMETAL.NS,Bimetal Bearings,Bearings,242.89
105703.BO,Satani Bearings,Bearings,566.1
131911.BO,Galaxy Agrico Export,Bearings,154.14
122271.BO,Union Bearings,Bearings,0
AFFLE.NS,Affle 3i,BPO/ITeS,22778.8
227740.BO,Jupiter Infomedia,BPO/ITeS,37.6
132139.BO,G-Tech Info Training,BPO/ITeS,2.76
PLADAINFO.NS,Plada Infotech Serv.,BPO/ITeS,9.3
ACEINTEG.NS,ACE Integrated Soln.,BPO/ITeS,18.19
130595.BO,TeleCanor Global,BPO/ITeS,32.73
SECURCRED.NS,SecUR Credentials,BPO/ITeS,6.41
TRITON.NS,Homre,BPO/ITeS,38.58
CADSYS.NS,Cadsys India,BPO/ITeS,46.46
ECLERX.NS,eClerx Services,BPO/ITeS,17923.25
NAUKRI.NS,Info Edge (India),BPO/ITeS,85578.55
FSL.NS,Firstsource Solution,BPO/ITeS,18766.31
ALLDIGI.NS,Alldigi Tech,BPO/ITeS,1227.98
ONEPOINT.NS,One Point OneSolutin,BPO/ITeS,1499
QUADPRO.NS,Quadpro ITeS,BPO/ITeS,12.64
KANDARP.NS,Kandarp Digi Smart,BPO/ITeS,87.04
HRHNEXT.NS,HRH Next Services,BPO/ITeS,33.54
ENSER.NS,Enser Communications,BPO/ITeS,133.36
290225.BO,RLabs EnterpriseServ,BPO/ITeS,
AKIKO.NS,Akiko Global Service,BPO/ITeS,448.18
PROTEAN.NS,Protean e-Gov Tech.,BPO/ITeS,2016.03
HGM.NS,HandsOn GlobalMgmnt.,BPO/ITeS,66.29
VAKRANGEE.NS,Vakrangee,BPO/ITeS,627.17
MATRIMONY.NS,Matrimony.Com,BPO/ITeS,1093.73
SECMARK.NS,Secmark Consultancy,BPO/ITeS,150.85
SIGMA.NS,Sigma Solve,BPO/ITeS,479.55
WEWIN.NS,We Win,BPO/ITeS,42.58
295808.BO,Alphalogic Techsys,BPO/ITeS,250.32
HGS.NS,Hinduja Global Soln.,BPO/ITeS,1857.32
299868.BO,PlatinumOne Business,BPO/ITeS,30.37
321328.BO,Prodocs Solutions,BPO/ITeS,112.8
314703.BO,NSB BPO Solutions,BPO/ITeS,128.02
AAATECH.NS,AAA Technologies,BPO/ITeS,117.67
102893.BO,United Interactive,BPO/ITeS,12.45
285974.BO,Riddhi Corp. Service,BPO/ITeS,66.25
104810.BO,Informed Tech. India,BPO/ITeS,33.47
131635.BO,Silver Oak (India),Breweries & Distilleries,28.8
INDIAGLYCO.NS,India Glycols,Breweries & Distilleries,1745.38
SDBL.NS,Som DistilleriesBrew,Breweries & Distilleries,1538.47
123309.BO,Shri Gang Ind&Allied,Breweries & Distilleries,129.3
112361.BO,Cupid Breweries,Breweries & Distilleries,237.86
ALCODIS.NS,Alcokraft Distiller.,Breweries & Distilleries,70.11
116032.BO,Tahmar Enterprises,Breweries & Distilleries,49.85
126471.BO,Winsome Breweries,Breweries & Distilleries,54.26
TI.NS,Tilaknagar Inds.,Breweries & Distilleries,13242.33
RADICO.NS,Radico Khaitan,Breweries & Distilleries,60211.69
UNITDSPR.NS,United Spirits,Breweries & Distilleries,107044.23
UBL.NS,United Breweries,Breweries & Distilleries,33827.99
ABDL.NS,Allied Blenders&Dist,Breweries & Distilleries,17060.92
220612.BO,Travancore Sugars,Breweries & Distilleries,0
214245.BO,Sterling Chem.&Alcoh,Breweries & Distilleries,
241001.BO,Vijayawada Bottling,Breweries & Distilleries,0
247499.BO,Sunrise Distilleries,Breweries & Distilleries,0
SULA.NS,Sula Vineyards,Breweries & Distilleries,1258.26
IFBAGRO.NS,IFB Agro Industries,Breweries & Distilleries,846.13
GMBREW.NS,GM Breweries,Breweries & Distilleries,2101.57
GLOBUSSPR.NS,Globus Spirits,Breweries & Distilleries,2876.51
PICCADIL.NS,Piccadily Agro Inds.,Breweries & Distilleries,6069.58
RKDL.NS,Ravi Kumar Distiller,Breweries & Distilleries,44.14
ASALCBR.NS,Assoc Alcohols &Brew,Breweries & Distilleries,1418.29
GULPOLY.NS,Gulshan Polyols,Breweries & Distilleries,1160.16
TRUALT.NS,TruAlt Bioenergy,Breweries & Distilleries,3646.63
JAGAJITIND.NS,Jagatjit Industries,Breweries & Distilleries,748.75
VOLERCAR.NS,Voler Car,Business Support,275.19
119475.BO,Chordia Food Prod,Business Support,35.85
302305.BO,Focus Business Solu.,Business Support,149.39
103816.BO,Swadeshi Polytex,Business Support,149.49
317111.BO,Nukleus Office Solut,Business Support,78.62
286634.BO,Vanta Bioscience,Business Support,13.97
237872.BO,Jayatma Spinners,Business Support,8.14
132167.BO,Omkar Pharmachem,Business Support,9.34
131640.BO,Suvidha Infraestate,Business Support,10.59
131279.BO,Trishakti Industries,Business Support,401.16
SPARC.NS,Sun Pharma Adv. Res,Business Support,6473.23
IGIL.NS,International Gemolo,Business Support,13980.37
JUSTDIAL.NS,Just Dial,Business Support,5892.62
NESCO.NS,NESCO,Business Support,7381.39
SAGILITY.NS,Sagility,Business Support,21917.98
MITCON.NS,Mitcon Consul.&Engg.,Business Support,135.52
AILIMITED.NS,Abhishek Integration,Business Support,28.2
INFOLLION.NS,Infollion Research,Business Support,155.11
DHARARAIL.NS,Dhara Rail Projects,Business Support,206.05
MMEL.NS,Moving Media Entert.,Business Support,47.49
TAC.NS,TAC Infosec,Business Support,911.22
322817.BO,Seemax Resources,Business Support,22.51
322252.BO,Leap India,Business Support,6619.5
CROWN.NS,Crown Lifters,Business Support,130.78
324034.BO,Horizon Industrial,Business Support,15893.44
INDGN.NS,Indegene,Business Support,14490.97
MEDIASSIST.NS,Medi Assist Health,Business Support,2542.48
SYNGENE.NS,Syngene Internatl.,Business Support,15969.15
AWFIS.NS,Awfis Space Solution,Business Support,1866.37
LATENTVIEW.NS,Latent View Analytic,Business Support,5530.07
CMSINFO.NS,CMS Info Systems,Business Support,3896.9
MMWL.NS,Media Matrix World,Business Support,1645.87
JITFINFRA.NS,JITF Infralogistics,Business Support,782.68
PTL.NS,PTL Enterprises,Business Support,512.83
VIMTALABS.NS,Vimta Labs,Business Support,2840.52
PFOCUS.NS,Prime Focus,Business Support,23908.36
EFCIL.NS,EFC (I),Business Support,2858.91
300924.BO,EKI Energy Services,Business Support,205.24
RADIANTCMS.NS,Radiant Cash Mgmnt.,Business Support,445.83
ECOSMOBLTY.NS,Ecos India Mob Hosp.,Business Support,681.24
FMNL.NS,Future MarketNetwork,Business Support,67.43
INDIQUBE.NS,Indiqube Spaces,Business Support,4124.2
SMARTWORKS.NS,Smartworks Coworking,Business Support,6193.74
294760.BO,Evans Electric,Business Support,41.16
311473.BO,Techknowgreen Solutn,Business Support,102.25
307298.BO,Silicon RentalSolns.,Business Support,85.6
316183.BO,Toss the Coin,Business Support,30.22
317352.BO,Icon Facilitators,Business Support,54.23
320399.BO,Justo Realfintech,Business Support,197.29
321744.BO,Bharatrohan Airborne,Business Support,266.97
131219.BO,Shyama Computronics,Business Support,3.42
250197.BO,Mercantile Ventures,Business Support,285.22
126139.BO,Transgene Biotek,Business Support,20.61
126546.BO,Choksi Laboratories,Business Support,115.1
222413.BO,AMPVOLTS,Business Support,70.42
112257.BO,Swasti Vinayaka Art,Business Support,31.14
219575.BO,Quint Digital,Business Support,192.04
117238.BO,Dynavision,Business Support,94.33
MAJESAUTO.NS,Majestic Auto,Business Support,369.06
FGPIND.NS,FGP,Business Support,17.33
123650.BO,Yash Innoventures,Business Support,65.24
284405.BO,Shangar Decor,Business Support,12.24
ABGHEAVY.NS,Starlog Enterprises,Business Support,56.9
100426.BO,UTL Industries,Business Support,4.75
276565.BO,Swagtam Tradg.& Ser.,Business Support,8.21
132701.BO,Cella Space,Business Support,77.1
AGSTRA.NS,AGS Transact Tech,Business Support,25.56
270491.BO,Ultracab (India),Cable,100.83
286408.BO,Jigar Cables,Cable,54.88
CORDSCABLE.NS,Cords Cable Inds,Cable,409.81
DCG.NS,DCG Cables & Wires,Cable,124.87
STLTECH.NS,Sterlite Tech.,Cable,38486.81
DYCL.NS,Dynamic Cables,Cable,2364.3
KEI.NS,KEI Industries,Cable,46366.29
VMARCIND.NS,V-Marc India,Cable,4690.24
RRKABEL.NS,RR Kabel Ltd.,Cable,27757.22
POLYCAB.NS,Polycab India,Cable,125074.02
FINCABLES.NS,Finolex Cables,Cable,18661.66
DIACABS.NS,Diamond Power Infra,Cable,19844
219572.BO,GPC Technology,Cable,0
222310.BO,Fort Gloster Inds.,Cable,0
MARCO.NS,Marco Cables&Conduct,Cable,58.25
212801.BO,Central Cables Limited,Cable,0
239409.BO,Crystal Cable Ind.,Cable,0
247587.BO,Versatile Wires,Cable,0
BHADORA.NS,Bhadora Industries,Cable,208.23
PRIMECAB.NS,Prime Cable Inds.,Cable,361.9
238594.BO,Laser Power & Infra,Cable,4149.99
251972.BO,Indo American Elect.,Cable,0
251228.BO,Hindustan Cables,Cable,0
268324.BO,Hindustan Wire Prod.,Cable,0
BIRLACABLE.NS,Birla Cable,Cable,1129.65
TNTELE.NS,TN Telecommunication,Cable,40.56
UNIVCABLES.NS,Universal Cables,Cable,5469.03
PRECWIRE.NS,Precision Wire India,Cable,8643.09
PARACABLES.NS,Paramount Communicat,Cable,2143.75
AKSHOPTFBR.NS,Aksh Optifibre,Cable,120.88
ADVAIT.NS,Advait Energy Trans.,Cable,2354.17
PLAZACABLE.NS,Plaza Wires,Cable,268.29
QUADFUTURE.NS,Quadrant Future Tek,Cable,1671.6
321329.BO,JD Cables,Cable,486.2
280180.BO,Relicab Cable Mfg.,Cable,38.07
104240.BO,Delton Cables,Cable,491.27
117320.BO,Magnus Steel & Infra,Cable,7.39
117564.BO,Clenon Enterprises,Cable,44.38
131472.BO,Cybele Industries,Cable,43.74
131812.BO,SGN Telecoms,Cable,4.61
CMICABLES.NS,CMI,Cable,4.05
HSCL.NS,Himadri Speciality,Carbon Black,33859.45
HIGREEN.NS,Hi-Green Carbon,Carbon Black,309.88
PCBL.NS,PCBL Chemical,Carbon Black,12472.76
GOACARBON.NS,Goa Carbon,Carbon Black,346.32
108875.BO,Nitin Castings,Castings/Forgings,202.52
131289.BO,National Fittings,Castings/Forgings,213.14
317135.BO,Neetu Yoshi,Castings/Forgings,723.27
318207.BO,KVS Castings,Castings/Forgings,169.64
319989.BO,Swastika Castal,Castings/Forgings,115.07
275156.BO,Captain Technocast,Castings/Forgings,592.11
SCML.NS,Sharp Chucks & Mach.,Castings/Forgings,117.42
243574.BO,Creative Castings,Castings/Forgings,84.51
308665.BO,Kalyani Cast-Tech,Castings/Forgings,701.43
278156.BO,Universal Auto Found,Castings/Forgings,63.76
AIAENG.NS,AIA Engineering,Castings/Forgings,39485.71
104605.BO,Uni Abex Alloy Prod,Castings/Forgings,979.6
STEELCAS.NS,Steelcast,Castings/Forgings,3319.87
ALICON.NS,Alicon Castalloy,Castings/Forgings,1122.9
NELCAST.NS,Nelcast,Castings/Forgings,1017.83
222667.BO,Lamina Foundries,Castings/Forgings,0
236840.BO,Datre Corporation,Castings/Forgings,0
200408.BO,Tribology India,Castings/Forgings,0
TCL.NS,Thaai Casting,Castings/Forgings,299.4
MUNISH.NS,Munish Forge,Castings/Forgings,199.9
256498.BO,Kumar Autocast,Castings/Forgings,0
297317.BO,Veltech Forging,Castings/Forgings,
243578.BO,Dee Dee Steel,Castings/Forgings,0
237444.BO,Gujarat Metal Cast,Castings/Forgings,0
318423.BO,Shayona Engineering,Castings/Forgings,56.05
PTCIL.NS,PTC Industries,Castings/Forgings,35727.24
SGIL.NS,Synergy Green Inds.,Castings/Forgings,942.22
317349.BO,Super Iron Foundry,Castings/Forgings,91.24
104786.BO,Invts & Precisn Cast,Castings/Forgings,1273.6
104988.BO,Welcast Steels,Castings/Forgings,39.63
SIMPLEXCAS.NS,Simplex Castings,Castings/Forgings,414.84
104646.BO,Bhagwati Autocast,Castings/Forgings,191.41
117372.BO,Guj. Intrux,Castings/Forgings,154.71
117449.BO,Magna ElectroCasting,Castings/Forgings,602.44
130609.BO,Carnation Industries,Castings/Forgings,33.97
SAHYADRI.NS,Sahyadri Industries,Cement & Construction Materials,429.26
118011.BO,Keerthi Industries,Cement & Construction Materials,34.4
PANYAMCEM.NS,Panyam Cement & Min.,Cement & Construction Materials,92.81
131825.BO,RCC Cements,Cement & Construction Materials,8.37
BURNPUR.NS,Burnpur Cement,Cement & Construction Materials,37.14
118017.BO,Bheema Cements,Cement & Construction Materials,52.67
KCP.NS,KCP,Cement & Construction Materials,2093.42
KAKATCEM.NS,Kakatiya Cemen Sugar,Cement & Construction Materials,85.2
SAGCEM.NS,Sagar Cements,Cement & Construction Materials,1998
DALBHARAT.NS,Dalmia Bharat,Cement & Construction Materials,32810.91
ULTRACEMCO.NS,Ultratech Cement,Cement & Construction Materials,336170
AMBUJACEM.NS,Ambuja Cements,Cement & Construction Materials,100635.1
ACC.NS,ACC,Cement & Construction Materials,24108.13
SHREECEM.NS,Shree Cement,Cement & Construction Materials,86070.62
JKCEMENT.NS,JK Cement,Cement & Construction Materials,39279.32
211328.BO,Penna Cement Ind,Cement & Construction Materials,
209489.BO,UP Asbestos Ltd.,Cement & Construction Materials,0
268911.BO,Necem Cements,Cement & Construction Materials,0
281166.BO,NU Vista,Cement & Construction Materials,
238627.BO,Light Roofings,Cement & Construction Materials,0
BIRLACORPN.NS,Birla Corporation,Cement & Construction Materials,6833.07
JKLAKSHMI.NS,JK Lakshmi Cement,Cement & Construction Materials,6402.13
INDIACEM.NS,India Cements,Cement & Construction Materials,11233.77
STARCEMENT.NS,Star Cement,Cement & Construction Materials,7687.11
ORIENTCEM.NS,Orient Cement,Cement & Construction Materials,2664.4
NUVOCO.NS,Nuvoco Vistas Corpn.,Cement & Construction Materials,12577.25
HEIDELBERG.NS,Heidelberg Cement,Cement & Construction Materials,3629.66
PRSMJOHNSN.NS,Prism Johnson,Cement & Construction Materials,5593.3
DECCANCE.NS,Deccan Cements,Cement & Construction Materials,798.08
SHREDIGCEM.NS,Shree DigvijayCement,Cement & Construction Materials,1101.07
SAURASHCEM.NS,Saurashtra Cement,Cement & Construction Materials,641.13
NCLIND.NS,NCL Industries,Cement & Construction Materials,804.28
MANGLMCEM.NS,Mangalam Cement,Cement & Construction Materials,3011.5
EVERESTIND.NS,Everest Industries,Cement & Construction Materials,672.13
APCL.NS,Anjani Portland Cem.,Cement & Construction Materials,297.92
RAMCOIND.NS,Ramco Industries,Cement & Construction Materials,2807.15
ACL.NS,Andhra Cements,Cement & Construction Materials,399.66
BVCL.NS,Barak Valley Cements,Cement & Construction Materials,96.35
BIGBLOC.NS,Bigbloc Construction,Cement & Construction Materials,593.49
JSWCEMENT.NS,JSW Cement,Cement & Construction Materials,16915.27
VISAKAIND.NS,Visaka Industries,Cement & Construction Materials,806.76
BIRLANU.NS,BirlaNu,Cement & Construction Materials,1091.92
126941.BO,Vaishno Cement Co,Cement & Construction Materials,2.42
207644.BO,Kanoria Energy&Infra,Cement & Construction Materials,156.68
132323.BO,Shiva Cement,Cement & Construction Materials,471.12
118053.BO,Srichakra Cement,Cement & Construction Materials,33.33
130977.BO,Shri Keshav Cements,Cement & Construction Materials,170.1
126315.BO,Divyashakti,Ceramics/Marble/Granite/Sanitaryware,73.64
115085.BO,Restile Ceramics,Ceramics/Marble/Granite/Sanitaryware,79.8
ORIENTALTL.NS,Oriental Trimex,Ceramics/Marble/Granite/Sanitaryware,39.03
AROGRANITE.NS,Aro Granite Inds.,Ceramics/Marble/Granite/Sanitaryware,37.56
113528.BO,Glittek Granites,Ceramics/Marble/Granite/Sanitaryware,206.09
REGENCERAM.NS,Regency Ceramics,Ceramics/Marble/Granite/Sanitaryware,92.18
131338.BO,Milestone Global,Ceramics/Marble/Granite/Sanitaryware,8.69
131281.BO,Marble City India,Ceramics/Marble/Granite/Sanitaryware,266.81
DURLAX.NS,Durlax Top Surface,Ceramics/Marble/Granite/Sanitaryware,186.61
SOMANYCERA.NS,Somany Ceramics,Ceramics/Marble/Granite/Sanitaryware,2285.85
KAJARIACER.NS,Kajaria Ceramics,Ceramics/Marble/Granite/Sanitaryware,19479.45
CERA.NS,Cera Sanitaryware,Ceramics/Marble/Granite/Sanitaryware,7464.45
MIDWESTLTD.NS,Midwest,Ceramics/Marble/Granite/Sanitaryware,3840.64
CLAYCRAFT.NS,Clay Craft India,Ceramics/Marble/Granite/Sanitaryware,
208343.BO,Hitachi Metglas (India) Pvt. Ltd.,Ceramics/Marble/Granite/Sanitaryware,0
266872.BO,Ratna Sila Granites,Ceramics/Marble/Granite/Sanitaryware,0
219418.BO,Carbo Ceramics,Ceramics/Marble/Granite/Sanitaryware,0
224211.BO,Mysore Stoneware,Ceramics/Marble/Granite/Sanitaryware,0
LEXUS.NS,Lexus Granito (I),Ceramics/Marble/Granite/Sanitaryware,28.13
ESPRIT.NS,Esprit Stones,Ceramics/Marble/Granite/Sanitaryware,138.25
215169.BO,Clay Craft India,Ceramics/Marble/Granite/Sanitaryware,327.89
GANGABATH.NS,Ganga Bath Fittings,Ceramics/Marble/Granite/Sanitaryware,45.08
MURUDCERA.NS,Murudeshwar Ceramics,Ceramics/Marble/Granite/Sanitaryware,179.58
ORIENTBELL.NS,Orient Bell,Ceramics/Marble/Granite/Sanitaryware,618.2
NITCO.NS,Nitco,Ceramics/Marble/Granite/Sanitaryware,2427.26
MADHAV.NS,Madhav Marbles&Gran.,Ceramics/Marble/Granite/Sanitaryware,31.64
POKARNA.NS,Pokarna,Ceramics/Marble/Granite/Sanitaryware,2533.49
ASIANTILES.NS,Asian Granito India,Ceramics/Marble/Granite/Sanitaryware,1490.08
281567.BO,Shiva Granito Export,Ceramics/Marble/Granite/Sanitaryware,15.52
126570.BO,Midwest Energy,Ceramics/Marble/Granite/Sanitaryware,4920.61
GSLSU.NS,Global Surfaces,Ceramics/Marble/Granite/Sanitaryware,120.24
EXXARO.NS,Exxaro Tiles,Ceramics/Marble/Granite/Sanitaryware,294.84
126095.BO,Ravileela Granites,Ceramics/Marble/Granite/Sanitaryware,57.23
PACIFICIND.NS,Pacific Industries,Ceramics/Marble/Granite/Sanitaryware,99.13
113699.BO,Solid Stone Company,Ceramics/Marble/Granite/Sanitaryware,14.53
126705.BO,Elegant Marbles&Gran,Ceramics/Marble/Granite/Sanitaryware,56.59
131129.BO,Inani Marbles &Inds.,Ceramics/Marble/Granite/Sanitaryware,17.3
245355.BO,Jain Marmo Inds.,Ceramics/Marble/Granite/Sanitaryware,6.89
131049.BO,NeelkanthRockmineral,Ceramics/Marble/Granite/Sanitaryware,29.25
124576.BO,Vivid Global Inds.,Chemicals,22.71
324663.BO,Devson Catalyst,Chemicals,
315511.BO,Vikram Aroma,Chemicals,27.65
124434.BO,Asian Petroproducts,Chemicals,29.67
SACHEEROME.NS,Sacheerome,Chemicals,1085.64
TECILCHEM.NS,TECIL Chem & Hydro,Chemicals,18.43
267523.BO,Zinema Media & Ent.,Chemicals,11.49
VSCL.NS,Vadivarhe Speciality,Chemicals,31.35
OMKARCHEM.NS,Omkar SpecialityChem,Chemicals,0.35
124640.BO,Archit Organosys,Chemicals,127.52
PIDILITIND.NS,Pidilite Inds.,Chemicals,165863.5
SRF.NS,SRF,Chemicals,75499.4
SOLARINDS.NS,Solar Industries Ind,Chemicals,194055.92
GNFC.NS,GNFC,Chemicals,8767.95
ATUL.NS,Atul,Chemicals,18801.5
JOCIL.NS,Jocil,Chemicals,137.04
200352.BO,Resins & Plastics,Chemicals,0
221176.BO,Priya International,Chemicals,0
220178.BO,Kolmak Chemicals,Chemicals,0
226856.BO,Amol Dicalite,Chemicals,0
237492.BO,Healthcaps India,Chemicals,0
245396.BO,KCIL,Chemicals,0
247561.BO,Tantech Agro Chem.,Chemicals,0
SANGINITA.NS,Sanginita Chemicals,Chemicals,268.1
247452.BO,Southern Agrosynthes,Chemicals,0
245847.BO,Anjana Explosives,Chemicals,0
254398.BO,Chemcaps,Chemicals,0
247595.BO,Vidula Chem. & Mfg.,Chemicals,0
267988.BO,Chemi World,Chemicals,0
254296.BO,Apex Enterprises (I),Chemicals,0
255085.BO,New Era Alkaloids,Chemicals,0
ARVEE.NS,Arvee Laboratories,Chemicals,181.94
VITAL.NS,Vital Chemtech,Chemicals,133.46
AVSL.NS,AVSL Industries,Chemicals,63.81
MAHICKRA.NS,Mahickra Chemicals,Chemicals,283.5
RITEZONE.NS,Rite Zone Chemcon,Chemicals,8.67
AMBANIORGO.NS,Ambani Orgochem,Chemicals,98.11
MCON.NS,MCON Rasayan India,Chemicals,32.28
INFINIUM.NS,Infinium Pharmachem,Chemicals,411.39
PARAGON.NS,Paragon Fine & Spl.,Chemicals,92.94
SNEHAA.NS,Snehaa Organics,Chemicals,47.84
IEML.NS,Indian Emulsifiers,Chemicals,77.09
200002.BO,Ammana Bio Pharma,Chemicals,
RNPL.NS,Renol Polychem,Chemicals,95.47
SPEB.NS,SPEB Adhesives,Chemicals,213.41
NEOCHEM.NS,Neochem Bio Solution,Chemicals,163.08
212826.BO,Chemspec Chemicals,Chemicals,
213368.BO,Jesons Industries,Chemicals,
HINDCON.NS,Hindcon Chemicals,Chemicals,122.35
323680.BO,Vahh Chemicals,Chemicals,46.09
322857.BO,Biopol Chemicals,Chemicals,49.43
BASF.NS,BASF India,Chemicals,16729.47
GHCL.NS,GHCL,Chemicals,4022.42
TATACHEM.NS,Tata Chemicals,Chemicals,15924.81
GODREJIND.NS,Godrej Industries,Chemicals,39192.62
STYRENIX.NS,Styrenix Performance,Chemicals,3593.09
DEEPAKFERT.NS,Deepak Fert & Petro,Chemicals,17252.75
DEEPAKNTR.NS,Deepak Nitrite,Chemicals,23355.94
VINATIORGA.NS,Vinati Organics,Chemicals,13587.45
ALKYLAMINE.NS,Alkyl Amines Chem.,Chemicals,10336.13
PREMEXPLN.NS,Premier Explosives,Chemicals,3569.74
AARTIIND.NS,Aarti Industries,Chemicals,17847.97
PRIVISCL.NS,Privi SpecialityChem,Chemicals,13153.58
NAVINFLUOR.NS,Navin Fluorine Intl.,Chemicals,43906.92
LXCHEM.NS,Laxmi Organic Inds.,Chemicals,4781.24
ANURAS.NS,Anupam Rasayan India,Chemicals,14102.58
FINEORG.NS,Fine Organic Inds.,Chemicals,15796.02
CAMLINFINE.NS,Camlin Fine Sciences,Chemicals,1981.09
EPIGRAL.NS,Epigral,Chemicals,5261.95
ACI.NS,Archean Chem. Inds.,Chemicals,6224.77
AETHER.NS,Aether Industries,Chemicals,21576.24
JUBLINGREA.NS,Jubilant Ingrevia,Chemicals,10835.9
FLUOROCHEM.NS,Gujarat Fluorochem.,Chemicals,50025.69
CLEAN.NS,Clean Science & Tech,Chemicals,8886.95
BEPL.NS,Bhansali Engg. Poly.,Chemicals,3172.95
OAL.NS,Oriental Aromatics,Chemicals,1749.65
DICIND.NS,DIC India,Chemicals,567.81
DCW.NS,DCW,Chemicals,1357.12
FOSECOIND.NS,Foseco India,Chemicals,4720.59
GANESHBE.NS,Ganesh Benzoplast,Chemicals,887.13
DRBECK.NS,Elantas Beck India,Chemicals,9686.83
IGPL.NS,IG Petrochemicals,Chemicals,1747.3
NOCIL.NS,NOCIL,Chemicals,2880.18
LORDSCHLO.NS,Lords Chloro Alkali,Chemicals,420.07
GRAUWEIL.NS,Grauer & Weil (I),Chemicals,3200.63
AMNPLST.NS,Amines & Plasticizer,Chemicals,951.24
TIRUMALCHM.NS,Thirumalai Chemicals,Chemicals,1894.97
HOCL.NS,Hind Organic Chem,Chemicals,246.46
MANALIPETC.NS,Manali Petrochemical,Chemicals,1492.27
GOCLCORP.NS,GOCL Corporation,Chemicals,2118.98
CHEMPLASTS.NS,Chemplast Sanmar,Chemicals,2692.45
DMCC.NS,DMCC Speciality Chem,Chemicals,731.61
DIAMINESQ.NS,Diamines & Chemicals,Chemicals,242.33
SADHNANIQ.NS,Sadhana Nitro Chem,Chemicals,824.76
PRIMO.NS,Primo Chemicals,Chemicals,515.46
MANORG.NS,Mangalam Organics,Chemicals,419.23
TANFACIND.NS,Tanfac Industries,Chemicals,6853.87
SREERAYALK.NS,TGV SRACC,Chemicals,1177.77
114448.BO,Jyoti Resins&Adhesiv,Chemicals,1041.72
VISHNU.NS,Vishnu Chemicals,Chemicals,4725.53
INDOBORAX.NS,Indo Borax & Chem.,Chemicals,1652.31
VIKASECO.NS,Vikas EcoTech,Chemicals,148.55
CHEMBOND.NS,Chembond Matl. Tech.,Chemicals,229.83
JAYAGROGN.NS,Jayant Agro-Organics,Chemicals,691.8
GUJALKALI.NS,Guj. Alkalies & Chem,Chemicals,5299.21
KANORICHEM.NS,Kanoria Chem. & Inds,Chemicals,679.69
INDOAMIN.NS,Indo Amines,Chemicals,914.31
PLASTIBLEN.NS,Plastiblends India,Chemicals,488.36
PAUSHAKLTD.NS,Paushak,Chemicals,1936.8
BALAMINES.NS,Balaji Amines,Chemicals,8181.9
SRHHYPOLTD.NS,Sree Rayal.Hi-Strent,Chemicals,911.54
ANDHRSUGAR.NS,Andhra Sugars,Chemicals,1348.71
FCL.NS,Fineotex Chemical,Chemicals,5998.34
SHK.NS,SH Kelkar & Company,Chemicals,2088.35
JGCHEM.NS,JG Chemicals,Chemicals,2343.91
TATVA.NS,Tatva Chintan Pharma,Chemicals,3926.36
NEOGEN.NS,Neogen Chemicals,Chemicals,5853.93
ROSSARI.NS,Rossari Biotech,Chemicals,2549.51
YASHO.NS,Yasho Industries,Chemicals,4984.52
CHEMFAB.NS,Chemfab Alkalis,Chemicals,517.6
JUBLCPL.NS,Jubilant Agri & Con.,Chemicals,3367.79
289984.BO,Deep Polymers,Chemicals,84.63
FAIRCHEMOR.NS,Fairchem Organics,Chemicals,831.64
ALKALI.NS,Alkali Metals,Chemicals,66.75
284370.BO,Chemcrux Enterprises,Chemicals,121.67
CHEMCON.NS,Chemcon Speciality,Chemicals,726.68
PLATIND.NS,Platinum Industries,Chemicals,1271.73
KRONOX.NS,Kronox Lab Sciences,Chemicals,685.27
GEMAROMA.NS,Gem Aromatics,Chemicals,843.63
HPAL.NS,HP Adhesives,Chemicals,326.89
OCCLLTD.NS,OCCL,Chemicals,818.84
CHEMBONDCH.NS,Chembond Chemicals,Chemicals,684.38
IVP.NS,IVP,Chemicals,209.97
VALIANTORG.NS,Valiant Organics,Chemicals,897.81
305427.BO,Bhatia Colour Chem,Chemicals,44.42
248796.BO,Yug Decor,Chemicals,38.84
313712.BO,Shivam Chemicals,Chemicals,193.65
312334.BO,Deepak Chemtex,Chemicals,87.22
318672.BO,Patel Chem Specialit,Chemicals,267.48
318208.BO,Beezaasan Explotech,Chemicals,834.33
316708.BO,Technichem Organics,Chemicals,74.38
114248.BO,Sreechem Resins,Chemicals,10.08
106945.BO,Indo Gulf Industries,Chemicals,2.98
130161.BO,Garodia Chemicals,Chemicals,0.28
SEYAIND.NS,Seya Industries,Chemicals,32.55
ANDHRAPET.NS,Andhra Petrochemical,Chemicals,378.29
106520.BO,Jayshree Chemicals,Chemicals,17.16
106640.BO,ZR2 Bioenergy,Chemicals,182.35
106528.BO,Keltech Energies,Chemicals,1254.04
106597.BO,Amal,Chemicals,918.79
KERALACHEM.NS,Nitta Gelatin India,Chemicals,1482.17
POLYCHEM.NS,Polychem,Chemicals,78.57
NATPEROXID.NS,Naperol Investments,Chemicals,399.01
TUTICORALK.NS,Tuticorin AlkaliChem,Chemicals,735.4
TRANSPEK.NS,Transpek Industry,Chemicals,807.95
107645.BO,Polson,Chemicals,138
107515.BO,CJ Gelatine Products,Chemicals,13.04
107759.BO,Lime Chemicals,Chemicals,9.72
112097.BO,Saianand Commercial,Chemicals,4.77
109597.BO,Hardcastle&Waud Mfg.,Chemicals,57.01
123586.BO,Indian Toners & Dev.,Chemicals,238.85
113353.BO,Cochin Minerals&Rut.,Chemicals,248.13
MEDICAPS.NS,Medi-Caps,Chemicals,32.78
106947.BO,Advance Petrochem.,Chemicals,33.71
124174.BO,Kesar Petroproducts,Chemicals,151.21
124504.BO,Revati Media,Chemicals,3.84
124080.BO,Haryana Leather Chem,Chemicals,29
124218.BO,Resonance Specialtie,Chemicals,186.32
SHAWGELTIN.NS,Narmada Gelatines,Chemicals,279.73
124634.BO,Alufluoride,Chemicals,390.28
126269.BO,Crestchem,Chemicals,39.53
131253.BO,India Gelatine &Chem,Chemicals,260.29
200390.BO,Sunil Healthcare,Chemicals,82.02
130845.BO,Sunshield Chemicals,Chemicals,1006.92
238273.BO,Kanchi Karpooram,Chemicals,177.97
124727.BO,Span Divergent,Chemicals,22.47
131454.BO,Polylink Polymers(I),Chemicals,50.86
130477.BO,Vikram Thermo(India),Chemicals,934.46
277333.BO,Eiko Lifesciences,Chemicals,66.49
312159.BO,National Peroxide,Chemicals,366.66
124748.BO,Link Pharma Chem,Chemicals,11.68
243248.BO,ARCL Organics,Chemicals,180
124717.BO,Titan Bio-Tech,Chemicals,1793.43
132031.BO,Sarang Chem.,Chemicals,0
INDOKEM.NS,Indokem,Chemicals,1744.55
124156.BO,TCM,Chemicals,33.28
107486.BO,Caprolactam Chem.,Chemicals,22.03
124336.BO,Shree Hari Chem. Exp,Chemicals,156.34
311216.BO,Machhar Industries,Chemicals,29.07
245869.BO,Chemiesynth (Vapi),Chemicals,27.49
119097.BO,Ritesh International,Chemicals,74.91
131157.BO,Organic Coatings,Chemicals,15.19
VIKASWSP.NS,Vikas WSP,Chemicals,18.4
VIKASPROP.NS,Vikas Proppant&Gran.,Chemicals,13.38
124514.BO,Tulasee Bio-Ethanol,Chemicals,16.04
ITC.NS,ITC,Cigarettes/Tobacco,330911.54
NTCIND.NS,NTC Industries,Cigarettes/Tobacco,
109887.BO,Sinnar Bidi Udyog,Cigarettes/Tobacco,26.75
GOLDENTOBC.NS,Golden Tobacco,Cigarettes/Tobacco,43.95
IWP.NS,Indian Wood Products,Cigarettes/Tobacco,
GODFRYPHLP.NS,Godfrey Phillips Ind,Cigarettes/Tobacco,31991.86
VSTIND.NS,VST Industries,Cigarettes/Tobacco,3535.66
126723.BO,NTC Industries,Cigarettes/Tobacco,193.34
213344.BO,Indian Wood Products,Cigarettes/Tobacco,219.94
ELGIEQUIP.NS,Elgi Equipments,Compressors / Pumps,20348.73
DYNAMATECH.NS,Dynamatic Tech.,Compressors / Pumps,7914.75
ROTO.NS,Roto Pumps,Compressors / Pumps,1225.46
KSB.NS,KSB,Compressors / Pumps,14158.96
104076.BO,Jyoti,Compressors / Pumps,151.95
LATTEYS.NS,Latteys Industries,Compressors / Pumps,117.87
KIRLOSBROS.NS,Kirloskar Brothers,Compressors / Pumps,14785.94
WPIL.NS,WPIL,Compressors / Pumps,
OSWALPUMPS.NS,Oswal Pumps,Compressors / Pumps,3183.02
INGERRAND.NS,Ingersoll-Rand India,Compressors / Pumps,15293.75
KIRLPNU.NS,Kirloskar Pneumatic,Compressors / Pumps,9880.25
245357.BO,Jaldhara Pumps,Compressors / Pumps,0
247445.BO,Snowtemp Engg. Co,Compressors / Pumps,0
SHAKTIPUMP.NS,Shakti Pumps (India),Compressors / Pumps,5836.72
105872.BO,WPIL,Compressors / Pumps,4335.61
YUKEN.NS,Yuken India,Compressors / Pumps,1373.07
105232.BO,Veljan Denison,Compressors / Pumps,845.51
LANCORHOL.NS,Lancor Holdings,Construction - Real Estate,296.78
SVGLOBAL.NS,SV Global Mill,Construction - Real Estate,
UNITECH.NS,Unitech,Construction - Real Estate,1067.45
272418.BO,Athena Constructions,Construction - Real Estate,3.01
PURVA.NS,Puravankara,Construction - Real Estate,5471.52
278789.BO,Decorous Inv. &Trad.,Construction - Real Estate,3.97
219308.BO,Premier Energy&Infra,Construction - Real Estate,30.1
282837.BO,Shashijit Infraproj.,Construction - Real Estate,19.84
SHERVANI.NS,Shervani Indl. Synd.,Construction - Real Estate,
MPDL.NS,MPDL,Construction - Real Estate,
DLF.NS,DLF,Construction - Real Estate,168791.51
LODHA.NS,Lodha Developers,Construction - Real Estate,122105.08
OBEROIRLTY.NS,Oberoi Realty,Construction - Real Estate,68197.24
NITESHEST.NS,Satchmo Holdings,Construction - Real Estate,55.56
DBL.NS,Dilip Buildcon,Construction - Real Estate,6514.04
210909.BO,Uma Properties &,Construction - Real Estate,0
214039.BO,Sahara Infrastructure & Housing,Construction - Real Estate,0
210415.BO,Lavasa Corporation,Construction - Real Estate,0
213899.BO,Rajparis Civil Constructions Limite,Construction - Real Estate,0
214227.BO,SRS Real Estate,Construction - Real Estate,0
224616.BO,Vishwanath Projects,Construction - Real Estate,0
MRIL.NS,Mahendra Realt&Infra,Construction - Real Estate,126.66
238768.BO,Sajjan Comml. Enter,Construction - Real Estate,0
224087.BO,Kanak Projects,Construction - Real Estate,0
235674.BO,Neha Resources,Construction - Real Estate,0
241874.BO,JCK Infra. Develop.,Construction - Real Estate,0
241176.BO,NGR Techno Projects,Construction - Real Estate,0
237521.BO,Trisha Infra,Construction - Real Estate,0
243783.BO,Fairdeal Properties,Construction - Real Estate,0
242946.BO,Amalgamated Develop.,Construction - Real Estate,0
243928.BO,Harapa Real Estates,Construction - Real Estate,0
244860.BO,Park Chambers,Construction - Real Estate,0
243811.BO,Gagan Comml. Agencie,Construction - Real Estate,0
244987.BO,Ritman Infra,Construction - Real Estate,0
244851.BO,Padma (India),Construction - Real Estate,0
245353.BO,Jaimor,Construction - Real Estate,0
244969.BO,RD Estates &Resource,Construction - Real Estate,0
245104.BO,Shree Balkrishna,Construction - Real Estate,0
245089.BO,Sethia Jain & Co,Construction - Real Estate,0
245124.BO,Skylark India,Construction - Real Estate,0
245172.BO,Starlite Global Ent.,Construction - Real Estate,0
245354.BO,Jain Farms & Resorts,Construction - Real Estate,0
245432.BO,Libra Constructions,Construction - Real Estate,0
246595.BO,Sangotri Construct.,Construction - Real Estate,0
245477.BO,MKJ Developers,Construction - Real Estate,0
247766.BO,ZR Infra,Construction - Real Estate,0
245490.BO,Multicon Realty,Construction - Real Estate,0
247519.BO,TCI Bhoruka Projects,Construction - Real Estate,0
254448.BO,Distinctive Propert.,Construction - Real Estate,0
245868.BO,Chembra Peak Estates,Construction - Real Estate,0
252004.BO,Lingapur Estates,Construction - Real Estate,0
254482.BO,Enchant Construction,Construction - Real Estate,0
252044.BO,Negolice India,Construction - Real Estate,0
254758.BO,KHL Properties,Construction - Real Estate,0
CMMIPL.NS,CMM Infraprojects,Construction - Real Estate,3.06
268213.BO,Ganga Builders,Construction - Real Estate,0
277796.BO,Pressman Properties,Construction - Real Estate,0
255057.BO,MSD Properties,Construction - Real Estate,0
255226.BO,Right Address,Construction - Real Estate,0
268936.BO,Nirmaan India,Construction - Real Estate,0
SHRADHA.NS,Shradha Realty,Construction - Real Estate,254.98
SHAIVAL.NS,Shaival Reality,Construction - Real Estate,38.19
PANSARI.NS,Pansari Developers,Construction - Real Estate,523.49
ARTNIRMAN.NS,Art Nirman,Construction - Real Estate,101.4
DIRL.NS,Dhanuka Infra Realty,Construction - Real Estate,9.06
VR.NS,VR Infraspace,Construction - Real Estate,90.58
HOMESFY.NS,Homesfy Realty,Construction - Real Estate,35.91
CHAVDA.NS,Chavda Infra,Construction - Real Estate,406.57
213853.BO,Puranik Builders,Construction - Real Estate,
283804.BO,Patel Infrastruct.,Construction - Real Estate,
VISHNUINFR.NS,Vishnusurya Projects,Construction - Real Estate,409.62
289869.BO,Dream Gateway Hotels,Construction - Real Estate,
MASON.NS,Mason Infratech,Construction - Real Estate,272.68
290155.BO,Nice Projects,Construction - Real Estate,
289995.BO,Rajat City Developer,Construction - Real Estate,
SUMIT.NS,Sumit Woods,Construction - Real Estate,247.48
ABREL.NS,Aditya Birla Real,Construction - Real Estate,15342.52
PHOENIXLTD.NS,Phoenix Mills,Construction - Real Estate,69461.04
ANANTRAJ.NS,Anant Raj,Construction - Real Estate,22508.5
SUNTECK.NS,Sunteck Realty,Construction - Real Estate,4397.92
MAHLIFE.NS,Mahindra Life. Dev,Construction - Real Estate,7732.66
GANESHHOU.NS,Ganesh Housing,Construction - Real Estate,6328.66
BRIGADE.NS,Brigade Enterprises,Construction - Real Estate,22710.91
DBREALTY.NS,Valor Estate,Construction - Real Estate,5563.47
GODREJPROP.NS,Godrej Properties,Construction - Real Estate,59703.09
PRESTIGE.NS,Prestige EstatesProj,Construction - Real Estate,68356.89
SIGNATURE.NS,Signatureglobal (I),Construction - Real Estate,11206.35
SOBHA.NS,Sobha,Construction - Real Estate,13516.83
AMJLAND.NS,AMJ Land Holdings,Construction - Real Estate,161.83
PENINLAND.NS,Peninsula Land,Construction - Real Estate,549.01
MARATHON.NS,Marathon NextgenReal,Construction - Real Estate,2953.4
ELPROINTL.NS,Elpro International,Construction - Real Estate,2948.94
ARIHANTSUP.NS,Arihant Superstruct.,Construction - Real Estate,992.59
ALEMBICLTD.NS,Alembic,Construction - Real Estate,2860.81
VIPULLTD.NS,Vipul,Construction - Real Estate,197.06
ASHIANA.NS,Ashiana Housing,Construction - Real Estate,3614.37
ELDEHSG.NS,Eldeco Housing & Ind,Construction - Real Estate,775.92
104882.BO,National Standard(I),Construction - Real Estate,215.48
ASHIMASYN.NS,Ashima,Construction - Real Estate,342.88
SUPREME.NS,Supreme Hold & Hosp.,Construction - Real Estate,140.17
AJMERA.NS,Ajmera Realty&Infra,Construction - Real Estate,2317.47
COUNCODOS.NS,Country Condo''s,Construction - Real Estate,50.05
123862.BO,Grand Oak Canyons,Construction - Real Estate,1807.79
GEECEE.NS,GeeCee Ventures,Construction - Real Estate,765.79
BLKASHYAP.NS,B.L. Kashyap and Son,Construction - Real Estate,1337.76
PARSVNATH.NS,Parsvnath Developers,Construction - Real Estate,68.32
ARIHANT.NS,Arihant Foundn. &Hsg,Construction - Real Estate,1035.36
AHLUCONT.NS,Ahluwalia Contract(I,Construction - Real Estate,4012.89
HUBTOWN.NS,Hubtown,Construction - Real Estate,2689.4
132467.BO,Hazoor Multi Project,Construction - Real Estate,551.2
NILAINFRA.NS,Nila Infrastructures,Construction - Real Estate,262.72
OMAXE.NS,Omaxe,Construction - Real Estate,2494.4
KOLTEPATIL.NS,Kolte-Patil Develop.,Construction - Real Estate,3918.33
LPDC.NS,Landmark PropertyDev,Construction - Real Estate,90.28
RUSTOMJEE.NS,Keystone Realtors,Construction - Real Estate,4721.15
KALPATARU.NS,Kalpataru,Construction - Real Estate,5717.43
SHRIRAMPPS.NS,Shriram Properties,Construction - Real Estate,1312.33
287687.BO,Ratnabhumi Developer,Construction - Real Estate,238.38
AGIIL.NS,AGI Infra,Construction - Real Estate,3546.18
ARVSMART.NS,Arvind Smartspaces,Construction - Real Estate,2948.88
HEMIPROP.NS,Hemisphere Propert.,Construction - Real Estate,3606.68
EMAMIREAL.NS,Emami Realty,Construction - Real Estate,347.27
CAPACITE.NS,Capacite Infraproj.,Construction - Real Estate,1829.31
ATALREAL.NS,Atal Realtech,Construction - Real Estate,324.86
SBGLP.NS,Suratwwala Business,Construction - Real Estate,415.51
291539.BO,Vivid Mercantile,Construction - Real Estate,55.14
PSPPROJECT.NS,PSP Projects,Construction - Real Estate,3470.64
RVHL.NS,Ravinder Heights,Construction - Real Estate,244.32
299544.BO,Veer Global Infracon,Construction - Real Estate,238.1
TARC.NS,TARC,Construction - Real Estate,3747.43
MODIS.NS,Modi''s Navnirman,Construction - Real Estate,746.13
SURAJEST.NS,Suraj Estate Develop,Construction - Real Estate,851.56
NILASPACES.NS,Nila Spaces,Construction - Real Estate,481.73
BLAL.NS,BEML Land Assets,Construction - Real Estate,669.98
ARKADE.NS,Arkade Developers,Construction - Real Estate,2324.88
GARUDA.NS,Garuda Const. & Eng.,Construction - Real Estate,1662.94
DBEIL.NS,Deepak Builders&Eng.,Construction - Real Estate,299.51
MAXESTATES.NS,Max Estates,Construction - Real Estate,8866.86
RAYMONDREL.NS,Raymond Realty,Construction - Real Estate,3522.75
LOTUSDEV.NS,Sri Lotus Developers,Construction - Real Estate,9444.59
TEXINFRA.NS,Texmaco Infra.&Hold.,Construction - Real Estate,1465.66
252373.BO,Unishire Urban Infra,Construction - Real Estate,2.8
269346.BO,Shree Krishna Infra.,Construction - Real Estate,10.43
306224.BO,Kesar India,Construction - Real Estate,3741.44
301640.BO,SBL Infratech,Construction - Real Estate,3.9
306436.BO,B-Right Real Estate,Construction - Real Estate,955.64
307992.BO,SVS Ventures,Construction - Real Estate,12.08
306893.BO,Shantidoot InfraServ,Construction - Real Estate,106.08
271438.BO,Jet Solar,Construction - Real Estate,8.19
267242.BO,Bhanderi Infracon,Construction - Real Estate,34.02
PRAENG.NS,Prajay Engg.Syndicat,Construction - Real Estate,172.67
EMBDL.NS,Embassy Developments,Construction - Real Estate,8000.31
PROZONER.NS,Prozone Realty,Construction - Real Estate,759.35
303271.BO,Samor Reality,Construction - Real Estate,203.63
PVP.NS,PVP Ventures,Construction - Real Estate,1769.18
102445.BO,Citadel Realty&Dev.,Construction - Real Estate,35.01
103229.BO,Simplex Realty,Construction - Real Estate,42.77
BAKELHYLAM.NS,Sanathnagar Enterp.,Construction - Real Estate,10.51
114197.BO,S&T Corporation,Construction - Real Estate,14.26
103349.BO,Victoria Mills,Construction - Real Estate,87.07
105650.BO,Skyline Millars,Construction - Real Estate,53.3
PEERABASAN.NS,Shristi InfraDev Cor,Construction - Real Estate,66.8
ANSALHSG.NS,Ansal Housing,Construction - Real Estate,36.28
111131.BO,Kamanwala Housing,Construction - Real Estate,23.38
123007.BO,Ansal Buildwell,Construction - Real Estate,59.57
114332.BO,Neo Infracon,Construction - Real Estate,22.02
122209.BO,Yogi Infra Projects,Construction - Real Estate,11.26
111714.BO,Nimbus Projects,Construction - Real Estate,285.61
126407.BO,Hampton Sky Realty,Construction - Real Estate,214.21
126117.BO,Shervani Indl. Synd.,Construction - Real Estate,81.07
ALPINEHOU.NS,Alpine Hsg Dev. Corp,Construction - Real Estate,205.96
126654.BO,Thakkers Developers,Construction - Real Estate,129.6
123566.BO,Martin Burn,Construction - Real Estate,24.89
126500.BO,Sterling Green Woods,Construction - Real Estate,9.12
124031.BO,Patidar Buildcon,Construction - Real Estate,2.87
126727.BO,Garnet Construction,Construction - Real Estate,77.89
126865.BO,Jainco Projects (I),Construction - Real Estate,4.5
130141.BO,Gyan Dev. & Builders,Construction - Real Estate,15.75
130053.BO,Real Eco-Energy,Construction - Real Estate,45.8
124642.BO,Sikozy Realtors,Construction - Real Estate,0.81
130695.BO,Prime Prop. Dev Corp,Construction - Real Estate,44.11
131228.BO,Rander Corporation,Construction - Real Estate,16.53
131155.BO,Epsom Properties,Construction - Real Estate,6.23
131540.BO,Maruti Infrastruct.,Construction - Real Estate,100.88
131080.BO,Shri Krishna Devcon,Construction - Real Estate,111.41
131416.BO,Narendra Properties,Construction - Real Estate,27.4
131552.BO,RTCL,Construction - Real Estate,15.64
131583.BO,Rap Corp,Construction - Real Estate,19.77
131273.BO,Radhe Developers (I),Construction - Real Estate,79.59
131578.BO,KMF Builders&Develop,Construction - Real Estate,8.78
131694.BO,Rainbow Foundation,Construction - Real Estate,172.57
131771.BO,Shraddha Prime Proj.,Construction - Real Estate,632.19
131814.BO,Tirupati Sarjan,Construction - Real Estate,27.31
132016.BO,Espire Hospitality,Construction - Real Estate,236.6
131968.BO,IITL Projects,Construction - Real Estate,24.8
131784.BO,KCL Infra Projects,Construction - Real Estate,18.41
132334.BO,HB Estate Developers,Construction - Real Estate,172.43
130821.BO,SSPDL,Construction - Real Estate,18.1
126813.BO,Raghunath Internatl.,Construction - Real Estate,4.96
200340.BO,Cemantic Infra-Tech,Construction - Real Estate,11.98
209113.BO,SAB Industries,Construction - Real Estate,279.1
222865.BO,RDB Infra. & Power,Construction - Real Estate,323.19
132911.BO,Parle Industries,Construction - Real Estate,27.89
132723.BO,MPDL,Construction - Real Estate,25.19
223379.BO,SV Global Mill,Construction - Real Estate,295.87
BSELINFRA.NS,BSEL Algo,Construction - Real Estate,34.91
243732.BO,Abhishek Infravent.,Construction - Real Estate,4.06
243893.BO,Grovy India,Construction - Real Estate,113.61
245888.BO,Laddu Gopal Online,Construction - Real Estate,5.8
130799.BO,Anna Infrastructures,Construction - Real Estate,11.02
131822.BO,Rodium Realty,Construction - Real Estate,48.07
235924.BO,Max Heights Infrast.,Construction - Real Estate,17.01
131870.BO,Popular Estate Mgmt.,Construction - Real Estate,19.61
132344.BO,Madala Holdings,Construction - Real Estate,261.69
BARODARAYN.NS,Baroda Rayon Corpn.,Construction - Real Estate,280.21
103127.BO,Raja Bahadur Intnl.,Construction - Real Estate,127.25
108929.BO,Avishkar Infra Real,Construction - Real Estate,1270.71
131802.BO,Prerna Infrabuild,Construction - Real Estate,87.25
216347.BO,Mount Housing &Infra,Construction - Real Estate,9.53
131909.BO,Croissance,Construction - Real Estate,8.16
111634.BO,Axentra Corp,Construction - Real Estate,600.06
213855.BO,Purohit Construction,Construction - Real Estate,5.52
126598.BO,Guj Narmada Flyash,Construction - Real Estate,0
112349.BO,Link House Inds.,Construction - Real Estate,0
131574.BO,Vas Infrastructure,Construction - Real Estate,11.48
248839.BO,PVV Infra,Construction - Real Estate,58.79
316599.BO,RDB Real Estate Cons,Construction - Real Estate,359.98
107917.BO,East Buildtech,Construction - Real Estate,11.5
PODDARHOUS.NS,Poddar Hsg.&Devlop.,Construction - Real Estate,33.09
ANSALAPI.NS,Ansal Propert.&Infra,Construction - Real Estate,52.1
DHARAN.NS,Dharan Infra-EPC,Construction - Real Estate,67.97
126823.BO,Rajeswari Infrast.,Construction - Real Estate,2.41
HDIL.NS,HDIL,Construction - Real Estate,69.68
291636.BO,Mahesh Developers,Construction - Real Estate,7.07
MANJEERA.NS,Manjeera Constrction,Construction - Real Estate,45.03
TIL.NS,TIL,Construction Vehicles,2084.84
SANGHVIMOV.NS,Sanghvi Movers,Construction Vehicles,3802.42
ACE.NS,Action Const. Equip,Construction Vehicles,13401.62
BEML.NS,BEML,Construction Vehicles,17139.21
105690.BO,Brady & Morris Engg.,Construction Vehicles,152.51
BOROLTD.NS,Borosil,Consumer Durables - Domestic Appliances,3096.84
CROMPTON.NS,Crompt.Greaves Cons.,Consumer Durables - Domestic Appliances,14964.58
309574.BO,Comrade Appliances,Consumer Durables - Domestic Appliances,27.77
BUTTERFLY.NS,ButterflyGandhimathi,Consumer Durables - Domestic Appliances,1117.2
105840.BO,Jaipan Industries,Consumer Durables - Domestic Appliances,24.75
TTKPRESTIG.NS,TTK Prestige,Consumer Durables - Domestic Appliances,7707.78
BAJAJELEC.NS,Bajaj Electricals,Consumer Durables - Domestic Appliances,3822.25
131608.BO,Gorani Industries,Consumer Durables - Domestic Appliances,25.85
EUREKAFORB.NS,Eureka Forbes,Consumer Durables - Domestic Appliances,8205.36
STOVEKRAFT.NS,Stove Kraft,Consumer Durables - Domestic Appliances,2756.35
WHIRLPOOL.NS,Whirlpool Of India,Consumer Durables - Domestic Appliances,10352.11
HAWKINCOOK.NS,Hawkins Cookers,Consumer Durables - Domestic Appliances,4445.2
PGEL.NS,PG Electroplast,Consumer Durables - Domestic Appliances,16124.35
237440.BO,Bhartia Bright & Sea,Consumer Durables - Domestic Appliances,0
GREENCHEF.NS,Greenchef Appliances,Consumer Durables - Domestic Appliances,154.06
ORIENTELEC.NS,Orient Electric,Consumer Durables - Domestic Appliances,3823.3
288418.BO,Inflame Appliances,Consumer Durables - Domestic Appliances,172.48
SINGER.NS,Singer India,Consumer Durables - Domestic Appliances,478.96
117236.BO,Calcom Vision,Consumer Durables - Electronics,99.31
KALYANISHP.NS,Smaart Tech Services,Consumer Durables - Electronics,321.84
ONIDA.NS,Onida Electronics,Consumer Durables - Electronics,
WEL.NS,Wonder Electricals,Consumer Durables - Electronics,1018.86
131158.BO,Catvision,Consumer Durables - Electronics,10.61
DIXON.NS,Dixon Tech. (India),Consumer Durables - Electronics,87106.91
LGEINDIA.NS,LG Electronics India,Consumer Durables - Electronics,111366.19
IFBIND.NS,IFB Industries,Consumer Durables - Electronics,5290.54
320728.BO,Purple Wave Infocom,Consumer Durables - Electronics,397.9
ARHAM.NS,Arham Technologies,Consumer Durables - Electronics,466.67
213487.BO,Lucky Goldstar Co. Limited,Consumer Durables - Electronics,0
MIRCELECTR.NS,Onida Electronics,Consumer Durables - Electronics,1280.04
ELIN.NS,Elin Electronics,Consumer Durables - Electronics,474.23
KHAITANLTD.NS,Khaitan (India),Consumer Durables - Electronics,76.95
109015.BO,Thakral Services (I),Consumer Durables - Electronics,18.33
316870.BO,Leo Dryfruits&Spices,Consumer Food,119.73
119295.BO,Bambino Agro Inds.,Consumer Food,189.09
SAWALIYA.NS,Sawaliya Food Prod.,Consumer Food,158.64
131406.BO,ANS Industries,Consumer Food,
130617.BO,Sampre Nutritions,Consumer Food,62.99
325289.BO,Q&T Foods,Consumer Food,
124582.BO,Tirupati Starch&Chem,Consumer Food,125
BABAFP.NS,Baba Food Processing,Consumer Food,38.94
313312.BO,Astron Multigrain,Consumer Food,14.99
305683.BO,Goel Food Products,Consumer Food,21.57
NESTLEIND.NS,Nestle India,Consumer Food,271988.73
VBL.NS,Varun Beverages,Consumer Food,137869.27
BRITANNIA.NS,Britannia Industries,Consumer Food,122878.96
KRBL.NS,KRBL,Consumer Food,9658.01
HATSUN.NS,Hatsun Agro Product,Consumer Food,26034.82
208598.BO,Kumar Food Inds. Ltd.,Consumer Food,0
211415.BO,Sree Maruthi Mar,Consumer Food,0
212879.BO,Cremica Agro Foods,Consumer Food,0
213634.BO,Naga Limited,Consumer Food,0
222674.BO,Kusum Prod,Consumer Food,0
236320.BO,Asian Lakto Inds.,Consumer Food,0
220169.BO,The Delhi Flour Mill,Consumer Food,0
KNAGRI.NS,KN Agri Resources,Consumer Food,498.48
243656.BO,Dr M Induscorp,Consumer Food,0
240988.BO,Veeramani Biscuit,Consumer Food,0
240252.BO,Purvanchal Business,Consumer Food,0
243216.BO,Ankit India,Consumer Food,0
238503.BO,Krimy Biscuits &Chem,Consumer Food,0
244811.BO,Narayan Agro Foods,Consumer Food,0
243262.BO,Arvind Kumar,Consumer Food,0
247500.BO,India Stuffyarn,Consumer Food,0
245037.BO,Sanstar Biopolymers,Consumer Food,0
268185.BO,Focus Agro Products,Consumer Food,0
267909.BO,Bhagwati Vanaspati,Consumer Food,0
EIFFL.NS,Euro India FreshFood,Consumer Food,689.84
TAPIFRUIT.NS,Tapi FruitProcessing,Consumer Food,21.07
ANNAPURNA.NS,Annapurna Swadisht,Consumer Food,305.92
275292.BO,Manas Flour Mills,Consumer Food,0
DANGEE.NS,Dangee Dums,Consumer Food,45.27
SSFL.NS,Srivari Spices Foods,Consumer Food,222.83
GOYALSALT.NS,Goyal Salt,Consumer Food,187.95
PROV.NS,Proventus Agrocom,Consumer Food,659.6
ITALIANE.NS,Italian Edibles,Consumer Food,49.5
TBI.NS,TBI Corn,Consumer Food,133.56
MADHUSUDAN.NS,Madhusudan Masala,Consumer Food,380.79
HOACFOODS.NS,Hoac Foods India,Consumer Food,438.36
SHETHJI.NS,Shreeji Global FMCG,Consumer Food,445.98
SHIVASHRIT.NS,Shivashrit Foods,Consumer Food,219.23
JEYYAM.NS,Jeyyam Global Foods,Consumer Food,105.21
SHYAMDHANI.NS,Shyam Dhani Inds.,Consumer Food,108.86
208833.BO,Nekkanti Sea Foods,Consumer Food,
210381.BO,Keventer Agro,Consumer Food,
287434.BO,SK Masala & Foods,Consumer Food,
287112.BO,Seven Hills Beverage,Consumer Food,
ICL.NS,ICL Multitrading,Consumer Food,
290105.BO,Anmol Industries,Consumer Food,
303331.BO,Avyukta Dairy Prod,Consumer Food,
318679.BO,Crazy Snacks,Consumer Food,143.63
316379.BO,NFP Sampoorna Foods,Consumer Food,26.03
322642.BO,MR Maniveni Foods,Consumer Food,54.8
321652.BO,Milky Mist Dairy,Consumer Food,19433.16
322774.BO,Elfin Agro India,Consumer Food,195.22
290685.BO,Amir Chand Jagdish,Consumer Food,2011.9
SHRIAHIMSA.NS,Shri Ahimsa Naturals,Consumer Food,1155.9
HERITGFOOD.NS,Heritage Foods,Consumer Food,3548.06
BIKAJI.NS,Bikaji Foods Inter.,Consumer Food,14648.02
ZYDUSWELL.NS,Zydus Wellness,Consumer Food,16916.61
DODLA.NS,Dodla Dairy,Consumer Food,6435.77
BECTORFOOD.NS,Mrs.Bectors Food,Consumer Food,6936.76
LTFOODS.NS,LT Foods,Consumer Food,15445.81
SAPPHIRE.NS,Sapphire Foods India,Consumer Food,7341.35
JUBLFOOD.NS,Jubilant FoodWorks,Consumer Food,31850.73
MANORAMA.NS,Manorama Industries,Consumer Food,12582.82
DEVYANI.NS,Devyani Internatl.,Consumer Food,17172.39
FOODSIN.NS,Foods & Inns,Consumer Food,421.85
KOHINOOR.NS,Kohinoor Foods,Consumer Food,121.48
ADFFOODS.NS,ADF Foods,Consumer Food,2909.19
123475.BO,Lotus Chocolate Co,Consumer Food,809.5
VADILALIND.NS,Vadilal Industries,Consumer Food,5502.28
SUKHJITS.NS,Sukhjit Starch &Chem,Consumer Food,493.22
CLSEL.NS,Chaman Lal Setia Exp,Consumer Food,1501.22
TASTYBITE.NS,Tasty Bite Eatables,Consumer Food,2561.38
GRMOVER.NS,GRM Overseas,Consumer Food,1813.71
ORKLAINDIA.NS,Orkla India,Consumer Food,8139.22
SKMEGGPROD.NS,SKM Egg Products Exp,Consumer Food,1353.89
PARAGMILK.NS,Parag Milk Foods,Consumer Food,3160.17
GANESHCP.NS,Ganesh Consumer Prod,Consumer Food,705.04
HMAAGRO.NS,HMA Agro Inds.,Consumer Food,1043.6
SCPL.NS,Sheetal Cool Prod.,Consumer Food,678.77
SARVESHWAR.NS,Sarveshwar Foods,Consumer Food,413.83
GOPAL.NS,Gopal Snacks,Consumer Food,3304.92
NGIL.NS,Nakoda Group of Ind.,Consumer Food,71.17
KRISHIVAL.NS,Krishival Foods,Consumer Food,1066.91
DIAMONDYD.NS,Prataap Snacks,Consumer Food,2771.7
SANSTAR.NS,Sanstar,Consumer Food,2229.19
283236.BO,Tanvi Foods (I),Consumer Food,63.96
286572.BO,Chothani Foods,Consumer Food,9.32
287784.BO,Jhandewalas Foods,Consumer Food,25.31
233338.BO,Chatha Foods,Consumer Food,268.63
308851.BO,Sonalis Cons Prod.,Consumer Food,19.95
318854.BO,Abram Food,Consumer Food,20.29
320142.BO,Essex Marine,Consumer Food,79.33
313450.BO,Dindigul Farm Prod.,Consumer Food,38.43
322370.BO,Mother Nutri Foods,Consumer Food,200.56
322731.BO,Pajson Agro India,Consumer Food,523.81
296503.BO,Valencia Nutrition,Consumer Food,113.09
119415.BO,KMG Milk Food,Consumer Food,26.52
COASTCORP.NS,Coastal Corporation,Consumer Food,280.5
MEGASTAR.NS,Megastar Foods,Consumer Food,347.39
HALDER.NS,Halder Venture,Consumer Food,365.06
PHILCORP.NS,Team24 Consumer Prod,Consumer Food,72.74
117554.BO,NHC Foods,Consumer Food,243.5
107690.BO,Orient Beverages,Consumer Food,37.2
107474.BO,Kothari Fermentn&Bio,Consumer Food,63.29
107621.BO,Milkfood,Consumer Food,214.06
114171.BO,Ceeta Industries,Consumer Food,56.56
111153.BO,Anjani Foods,Consumer Food,47.82
119287.BO,Modern Dairies,Consumer Food,108.64
KLRF.NS,Kovil.Lakshmi Roller,Consumer Food,78.8
123672.BO,Flex Foods,Consumer Food,58.04
119457.BO,Virat Crane Inds.,Consumer Food,65.76
130735.BO,Super Bakers (India),Consumer Food,11.48
130077.BO,Puretrop Fruits,Consumer Food,119.19
130217.BO,Swojas Foods,Consumer Food,33.85
130741.BO,Ovobel Foods,Consumer Food,255.86
119299.BO,Prime Industries,Consumer Food,85.48
131652.BO,UVS Hospital & Serv.,Consumer Food,325.31
130461.BO,Saboo Sodium Chloro,Consumer Food,52.8
131982.BO,Spectrum Foods,Consumer Food,41.12
131889.BO,Nurture Well Industr,Consumer Food,488.73
130953.BO,Sunil Agro Foods,Consumer Food,25.07
227665.BO,Oceanic Foods,Consumer Food,62.01
119152.BO,Vadilal Enterprises,Consumer Food,866.55
308846.BO,Aveer Foods,Consumer Food,246.4
226339.BO,Sayaji Industries,Consumer Food,293.53
124408.BO,Univer Starch-Chem,Consumer Food,80.85
RAVALSUGAR.NS,Ravalgaon Sugar Farm,Consumer Food,32.3
MADHURFOOD.NS,Madhur Industries,Consumer Food,2.05
119367.BO,Transglobe Foods,Consumer Food,5.65
119168.BO,Nijjer Agro,Consumer Food,0
119612.BO,Lake Shore Realty,Consumer Food,22.83
119604.BO,Suryo Foods & Inds.,Consumer Food,12.72
119463.BO,IB Infotech,Consumer Food,44.79
124564.BO,Gayatri Bio Organics,Consumer Food,58.38
245201.BO,Tasty Dairy Special.,Consumer Food,10.22
131716.BO,Tricom Fruit Product,Consumer Food,2.31
106166.BO,Apis India,Consumer Food,726.23
BLUEDART.NS,Blue Dart Express,Courier  Services,11844.27
VLEGOV.NS,VL E-Governance & IT,Courier  Services,115.07
ATLASCYCLE.NS,Atlas Cycle(Haryana),Cycles,62.55
283316.BO,National Sec.Deposit,Depository Services,16257
CDSL.NS,Central Dep. Service,Depository Services,29147.14
KFINTECH.NS,KFin Technologies,Depository Services,16058.09
CAMS.NS,Computer Age Mgmnt.,Depository Services,18601.57
126231.BO,Standard Surfactants,Detergents & Soaps,84.36
130853.BO,Hipolin,Detergents & Soaps,24.01
131320.BO,Exotic Coal,Detergents & Soaps,0
RADHIKAJWE.NS,Radhika Jeweltech,Diamond  &  Jewellery,981.29
PCJEWELLER.NS,PC Jeweller,Diamond  &  Jewellery,11566.03
TBZ.NS,Tribhovandas Bhimji,Diamond  &  Jewellery,3208.74
RAMBHAJO.NS,Advit Jewels,Diamond  &  Jewellery,
LALITHAA.NS,Lalithaa Jewel.Mart,Diamond  &  Jewellery,
312234.BO,Varyaa Creations,Diamond  &  Jewellery,12.41
324011.BO,Yaashvi Jewellers,Diamond  &  Jewellery,132.87
131626.BO,Orosil Smiths India,Diamond  &  Jewellery,26.24
311331.BO,Koura Fine Diamond,Diamond  &  Jewellery,29.64
SILGO.NS,SILGO Retail,Diamond  &  Jewellery,223.81
TITAN.NS,Titan Company,Diamond  &  Jewellery,445668.65
KALYANKJIL.NS,Kalyan Jewell.India,Diamond  &  Jewellery,61841.13
SENCO.NS,Senco Gold,Diamond  &  Jewellery,5878.31
247764.BO,Zel Jewellers,Diamond  &  Jewellery,0
234744.BO,Shivdooti Pearls,Diamond  &  Jewellery,0
244826.BO,Nidhan Commercial Co,Diamond  &  Jewellery,0
247448.BO,Sonarji,Diamond  &  Jewellery,0
GOLDKART.NS,Goldkart Jewels,Diamond  &  Jewellery,171.21
244856.BO,Panchratna Arts,Diamond  &  Jewellery,0
UTSSAV.NS,Utssav CZ Gold Jewel,Diamond  &  Jewellery,1170.66
MOKSH.NS,Moksh Ornaments,Diamond  &  Jewellery,88.87
PUSHPA.NS,Pushpa Jewellers,Diamond  &  Jewellery,263.91
210130.BO,Nakshatra World,Diamond  &  Jewellery,
272826.BO,Priority Jewels,Diamond  &  Jewellery,434.7
275266.BO,Lalithaa Jewel.Mart,Diamond  &  Jewellery,17166.3
291830.BO,Creative Gems,Diamond  &  Jewellery,
322369.BO,SMR Jewels,Diamond  &  Jewellery,172.55
292420.BO,Augmont Enterprises,Diamond  &  Jewellery,8237.32
322735.BO,Shankesh Jewellers,Diamond  &  Jewellery,1454.43
322847.BO,Advit Jewels,Diamond  &  Jewellery,1230.82
322740.BO,Grover Jewells,Diamond  &  Jewellery,364.13
GOLDIAM.NS,Goldiam Internatl.,Diamond  &  Jewellery,5198.74
SKYGOLD.NS,Sky Gold & Diamonds,Diamond  &  Jewellery,12102.62
THANGAMAYL.NS,Thangamayil Jeweller,Diamond  &  Jewellery,16572.93
RAJESHEXPO.NS,Rajesh Exports,Diamond  &  Jewellery,2451.25
KANANIIND.NS,Kanani Industries,Diamond  &  Jewellery,30.08
RGL.NS,Renaissance Global,Diamond  &  Jewellery,1603.11
VAIBHAVGBL.NS,Vaibhav Global,Diamond  &  Jewellery,3666.47
287962.BO,Kenvi Jewels,Diamond  &  Jewellery,24.14
DPABHUSHAN.NS,D.P. Abhushan,Diamond  &  Jewellery,3228.32
MOTISONS.NS,Motisons Jewellers,Diamond  &  Jewellery,1874.61
SHANTIGOLD.NS,Shanti Gold Intnl.,Diamond  &  Jewellery,1967.14
BLUESTONE.NS,Bluestone Jewellery,Diamond  &  Jewellery,12875.43
SHRINGARMS.NS,Shringar House Mang.,Diamond  &  Jewellery,2101.35
RBZJEWEL.NS,RBZ Jewellers,Diamond  &  Jewellery,802.76
294353.BO,Ashapuri Gold Ornam.,Diamond  &  Jewellery,132.99
131847.BO,Asian Star Co,Diamond  &  Jewellery,936.4
305255.BO,Eighty Jewellers,Diamond  &  Jewellery,37.66
308984.BO,Dev Labtech Venture,Diamond  &  Jewellery,86.6
313353.BO,Retaggio Industries,Diamond  &  Jewellery,95.54
317389.BO,AJC Jewel Manufact.,Diamond  &  Jewellery,128.56
315628.BO,Kenrik Industries,Diamond  &  Jewellery,13.46
278567.BO,Patdiam Jewellery,Diamond  &  Jewellery,140.3
131164.BO,Turner Industries,Diamond  &  Jewellery,0.28
112047.BO,Royal India Corpn.,Diamond  &  Jewellery,69.25
ZODJRDMKJ.NS,Zodiac-JRD-MKJ,Diamond  &  Jewellery,43.11
123676.BO,Golkunda Diamonds,Diamond  &  Jewellery,217.98
123373.BO,Mini Diamonds (I),Diamond  &  Jewellery,106.3
126365.BO,Swarnsarita Jewels,Diamond  &  Jewellery,73.59
243950.BO,Uday Jewellery Inds.,Diamond  &  Jewellery,486.96
104398.BO,SJ Corporation,Diamond  &  Jewellery,799.68
123826.BO,Sovereign Diamonds,Diamond  &  Jewellery,15.57
131148.BO,Enchante Jewellery,Diamond  &  Jewellery,0
131506.BO,Shukra Bullions,Diamond  &  Jewellery,11.68
220075.BO,Deep Health AI India,Diamond  &  Jewellery,26.52
126195.BO,Neogem India,Diamond  &  Jewellery,3.2
GREAVESCOT.NS,Greaves Cotton,Diesel Engines,4555.6
KIRLOSENG.NS,Kirloskar Oil Engine,Diesel Engines,32042.02
CUMMINSIND.NS,Cummins India,Diesel Engines,139570.2
SWARAJENG.NS,Swaraj Engines,Diesel Engines,4322.68
112064.BO,Vishvprabha Ventures,Diversified,13.67
AISL.NS,ANI Integrated Serv.,Diversified,70.06
130809.BO,BNR Udyog,Diversified,11.69
132262.BO,TCI Industries,Diversified,107.61
ASPINWALL.NS,Aspinwall & Co,Diversified,202.69
126445.BO,Indrayani Biotech,Diversified,64.79
312885.BO,Finelistings Tech.,Diversified,4.21
KOTIC.NS,Kothari Indl. Corpn.,Diversified,
HNDFDS.NS,Hindustan Foods,Diversified,7452.11
123550.BO,Krypton Industries,Diversified,49.84
DCMSHRIRAM.NS,DCM Shriram,Diversified,15920.15
GRASIM.NS,Grasim Industries,Diversified,226088.87
3MINDIA.NS,3M India,Diversified,37000.12
BALMLAWRIE.NS,Balmer Lawrie & Co,Diversified,3043.53
213428.BO,Krishna Industrial Corporation Limi,Diversified,0
288718.BO,Buddha Global,Diversified,
223171.BO,Electronica Inds.,Diversified,0
243824.BO,GD Goenka India,Diversified,0
243667.BO,Duncan International,Diversified,0
246554.BO,Fortune Investors,Diversified,0
TTKHLTCARE.NS,TTK Healthcare,Diversified,1554.62
GILLANDERS.NS,Gillanders Arbuthnot,Diversified,220.23
BILVYAPAR.NS,BIL Vyapa,Diversified,12.67
KOTHARINDL.NS,Kothari Indl. Corpn.,Diversified,1430.96
109525.BO,Empire Industries,Diversified,717.36
JDORGOCHEM.NS,Jaysynth Orgochem,Dyes & Pigments,278.58
124818.BO,Dynamic Industries,Dyes & Pigments,37.04
BHAGERIA.NS,Bhageria Industries,Dyes & Pigments,1329.62
AKSHARCHEM.NS,Aksharchem (India),Dyes & Pigments,357.35
BODALCHEM.NS,Bodal Chemicals,Dyes & Pigments,1959.94
126335.BO,Shreyas Intermediate,Dyes & Pigments,44.71
YCCL.NS,Yasons Chemex Care,Dyes & Pigments,16.6
319961.BO,Mehul Colours,Dyes & Pigments,56.96
HPIL.NS,Hindprakash Inds.,Dyes & Pigments,141.37
KIRIINDUS.NS,Kiri Industries,Dyes & Pigments,3643.54
SUDARSCHEM.NS,Sudarshan Chemicals,Dyes & Pigments,9735.49
ULTRAMAR.NS,Ultramar & Pigments,Dyes & Pigments,
UCL.NS,Ushanti Colour Chem,Dyes & Pigments,346.82
UNILEX.NS,Unilex Colours &Chem,Dyes & Pigments,37.79
PROLIFE.NS,Prolife Industries,Dyes & Pigments,32.34
ARUNAYA.NS,Arunaya Organics,Dyes & Pigments,25.34
292999.BO,Hindustan Flex,Dyes & Pigments,
213346.BO,Indo Colchem,Dyes & Pigments,
DUCOL.NS,Ducol Organic&Colour,Dyes & Pigments,195.03
SUDARCOLOR.NS,Sudarshan Colorants,Dyes & Pigments,885.07
ISHANCH.NS,Ishan Dyes and Chem.,Dyes & Pigments,120.93
PODDARMENT.NS,Poddar Pigments,Dyes & Pigments,272.78
ASAHISONG.NS,Asahi Songwon Colors,Dyes & Pigments,439.25
ULTRMARINE.NS,Ultramar & Pigments,Dyes & Pigments,1276.48
VIDHIING.NS,Vidhi Specialty Food,Dyes & Pigments,1736.84
SHREEPUSHK.NS,Shree Pushkar Chem,Dyes & Pigments,1536.85
DYNPRO.NS,Dynemic Products,Dyes & Pigments,293.38
318870.BO,Shlokka Dyes,Dyes & Pigments,55.66
130627.BO,Vipul Organics,Dyes & Pigments,512.95
124440.BO,Camex,Dyes & Pigments,41.6
131257.BO,Vellora Impact,Dyes & Pigments,6.92
126753.BO,Kriptol Industries,Dyes & Pigments,0
307447.BO,Pace E-Comm Vent.,e-Commerce,40.99
324030.BO,Recode Studios,e-Commerce,357.7
108961.BO,Shricon Industries,e-Commerce,25.42
SWIGGY.NS,Swiggy,e-Commerce,76212.26
MACOBSTECH.NS,Macobs Technologies,e-Commerce,197.77
RADIOWALLA.NS,Radiowalla Network,e-Commerce,20.23
ISFT.NS,Intrasoft Tech,e-Commerce,133.12
ENFUSE.NS,Enfuse Solutions,e-Commerce,137.14
MSTCLTD.NS,MSTC,e-Commerce,5168.77
SATKARTAR.NS,Sat Kartar Life,e-Commerce,184.33
ETERNAL.NS,Eternal,e-Commerce,311465.07
MEESHO.NS,Meesho,e-Commerce,96688.01
INDIAMART.NS,Indiamart Intermesh,e-Commerce,10383.11
FIRSTCRY.NS,Brainbees Solutions,e-Commerce,9405.94
CBAZAAR.NS,Net Avenue Tech.,e-Commerce,9.65
234835.BO,AceVector,e-Commerce,
289662.BO,Salebhai Internet,e-Commerce,
323819.BO,Shiprocket,e-Commerce,9889.23
322570.BO,Acetech E-Commerce,e-Commerce,227.73
NYKAA.NS,FSN E-Comm. Ventur.,e-Commerce,95237.8
IBULLSLTD.NS,Indiabulls,e-Commerce,5986.77
305654.BO,Fone4 Communicat (I),e-Commerce,11.25
NKIND.NS,NK Industries,Edible Oil,34.32
119359.BO,Poona Dal &Oil Inds.,Edible Oil,36.27
ROML.NS,Raj Consumer Care,Edible Oil,67.15
KRITINUT.NS,Kriti Nutrients,Edible Oil,433.14
GOKUL.NS,Gokul Refoils & Solv,Edible Oil,425.28
SANWARIA.NS,Sanwaria Consumer,Edible Oil,13.25
316245.BO,Swasth Foodtech Ind.,Edible Oil,9.55
119477.BO,CIAN Agro Industries,Edible Oil,3850.72
119471.BO,Ambar Protein Inds.,Edible Oil,134.15
131153.BO,Diligent Industries,Edible Oil,49.36
PATANJALI.NS,Patanjali Foods,Edible Oil,37267.72
MARICO.NS,Marico,Edible Oil,105838.09
AWL.NS,AWL Agri Business,Edible Oil,24341.68
GOKULAGRO.NS,Gokul Agro Resources,Edible Oil,6821.52
BCLIND.NS,BCL Industries,Edible Oil,1080.89
223714.BO,Gemini Edibles & Fat,Edible Oil,
SUNDROP.NS,Sundrop Brands,Edible Oil,2497.42
MKPL.NS,MK Proteins,Edible Oil,150.9
MODINATUR.NS,Modi Naturals,Edible Oil,453.68
307482.BO,Ambo Agritec,Edible Oil,20.72
319460.BO,Solvex Edibles,Edible Oil,18.75
119216.BO,Ajanta Soya,Edible Oil,191.79
131069.BO,Vijay Solvex,Edible Oil,220.15
130119.BO,Natraj Proteins,Edible Oil,15.3
319095.BO,Western Overseas,Educational Institutions,13.83
311297.BO,Sodhani Academy Fin.,Educational Institutions,85.43
CPCAP.NS,CP Capital,Educational Institutions,233.47
PWL.NS,Physicswallah,Educational Institutions,36673.01
294271.BO,Humming Bird Edu.,Educational Institutions,15.78
FWSTC.NS,Flywings Simulator,Educational Institutions,178.25
TREEHOUSE.NS,Tree House Education,Educational Institutions,26.61
MOXSH.NS,Moxsh Overseas,Educational Institutions,94.06
VIRTUALG.NS,Virtual Global Educ.,Educational Institutions,
JARO.NS,Jaro Inst. of Tech.,Educational Institutions,992.48
CRIZAC.NS,Crizac,Educational Institutions,2804.79
ZEELEARN.NS,Zee Learn,Educational Institutions,232.36
ARIHANTACA.NS,Arihant Academy,Educational Institutions,301.7
247438.BO,Siva Sivani Internat,Educational Institutions,0
DHTL.NS,Docmode Health Tech,Educational Institutions,10.25
GLOBAL.NS,Global Education,Educational Institutions,613.11
ADDICTIVE.NS,Addictive Learn Tech,Educational Institutions,68.89
221020.BO,Aakash Educational,Educational Institutions,
CLEDUCATE.NS,CL Educate,Educational Institutions,315.33
CPEDU.NS,Career Point Edutech,Educational Institutions,349.25
VERANDA.NS,Veranda Learning Sln,Educational Institutions,2341.54
304100.BO,Ascensive Educare,Educational Institutions,74.05
MTEDUCARE.NS,MT Educare,Educational Institutions,12.78
294270.BO,Kuberan Global Edu,Educational Institutions,6.95
222707.BO,Virtual Global Educ.,Educational Institutions,26.61
282655.BO,Golden Crest Educat.,Educational Institutions,170.36
108918.BO,Ironwood Education,Educational Institutions,82.39
280949.BO,Shanti Educational,Educational Institutions,3232.24
280446.BO,Vantage Knowledge,Educational Institutions,27.32
130093.BO,ACE EduTrend,Educational Institutions,4.21
235431.BO,Technocrats Plasma,Electric Equipment,631.75
VISDEM.NS,Visdem Technosys,Electric Equipment,
MARSONS.NS,Marsons,Electric Equipment,
EXICOM.NS,Exicom Tele-Systems,Electric Equipment,2473.53
KSHINTL.NS,KSH International,Electric Equipment,7370.47
SKYTECH.NS,Skytech Infnt. Pltfm,Electric Equipment,
APLAB.NS,Aplab,Electric Equipment,184.23
117423.BO,Integra Switchgear,Electric Equipment,
MODISONLTD.NS,Modison,Electric Equipment,1524.99
112197.BO,Silveroak Commercial,Electric Equipment,1.5
SUZLON.NS,Suzlon Energy,Electric Equipment,62336.46
WAAREEENER.NS,Waaree Energies,Electric Equipment,75796.13
HAVELLS.NS,Havells India,Electric Equipment,72420.61
ABB.NS,ABB India,Electric Equipment,157024.11
ENRIN.NS,Siemens Energy India,Electric Equipment,110956.47
209623.BO,Yamuna Power & Infrastructure Ltd.,Electric Equipment,0
FOCUS.NS,Focus Lighting & Fix,Electric Equipment,427.4
221365.BO,Technical Associates,Electric Equipment,0
222806.BO,Electronica Machine,Electric Equipment,0
226460.BO,PME Power Solutions,Electric Equipment,0
SERVOTECH.NS,Servotech Renewable,Electric Equipment,1798.18
JAYBEE.NS,Jay Bee Laminations,Electric Equipment,190.36
237373.BO,Goldwyn,Electric Equipment,0
255344.BO,Tosha International,Electric Equipment,0
SUPREMEPWR.NS,Supreme Power Equip.,Electric Equipment,556.3
SOLEX.NS,Solex Energy,Electric Equipment,783.5
SRIRAM.NS,Shri Ram Switchgears,Electric Equipment,10.11
VILAS.NS,Vilas Transcore,Electric Equipment,865.86
MARINE.NS,Marine Electricals,Electric Equipment,6047.7
MAKS.NS,Maks Energy Solution,Electric Equipment,10.47
AKANKSHA.NS,Akanksha Power&Infra,Electric Equipment,267.67
KEL.NS,Visdem Technosys,Electric Equipment,106.57
SAAKSHI.NS,Saakshi Med & Panels,Electric Equipment,624.01
RULKA.NS,Rulka Electricals,Electric Equipment,52.15
SPCL.NS,Shivalic Power Cont.,Electric Equipment,150.96
ALPEXSOLAR.NS,Alpex Solar,Electric Equipment,2271.54
GGBL.NS,Ganesh Green Bharat,Electric Equipment,552.81
DANISH.NS,Danish Power,Electric Equipment,1681.86
VDEAL.NS,Vdeal System,Electric Equipment,76.78
PARTH.NS,Parth Electricals,Electric Equipment,734.3
CHAMUNDA.NS,Chamunda Electrical,Electric Equipment,47.7
SMARTEN.NS,Smarten Power System,Electric Equipment,104.22
208977.BO,Powerica,Electric Equipment,6644.61
AVANA.NS,Avana Electrosystems,Electric Equipment,350.44
231302.BO,Inspira Enterprise,Electric Equipment,
289982.BO,Cabcon India,Electric Equipment,
318903.BO,Lumino Industries,Electric Equipment,3487.14
322712.BO,Vivid Electromech,Electric Equipment,1414.58
322861.BO,Skytech Infnt. Pltfm,Electric Equipment,39.33
322852.BO,Accord Tran. & Swit.,Electric Equipment,136.81
323600.BO,MV Electrosystems,Electric Equipment,1990.82
AGNI.NS,Agni Green Power,Electric Equipment,29.79
DPEL.NS,Divine Power Energy,Electric Equipment,1444.85
CGPOWER.NS,CG Power & Ind.Sol.,Electric Equipment,140372.6
BBL.NS,Bharat Bijlee,Electric Equipment,2587.62
SIEMENS.NS,Siemens,Electric Equipment,141629.12
GENUSPOWER.NS,Genus Power Infra,Electric Equipment,10277.32
APARINDS.NS,Apar Industries,Electric Equipment,72945.8
VGUARD.NS,V-Guard Inds.,Electric Equipment,14654.13
INOXWIND.NS,Inox Wind,Electric Equipment,12858.09
VOLTAMP.NS,Voltamp Transformers,Electric Equipment,11551.73
SCHNEIDER.NS,SchneiderElect.Infra,Electric Equipment,29467.18
TRANSRAILL.NS,Transrail Lighting,Electric Equipment,5763.61
TARIL.NS,Transformers & Rect.,Electric Equipment,9033.49
TDPOWERSYS.NS,TD Power Systems,Electric Equipment,23124.93
POWERINDIA.NS,Hitachi Energy India,Electric Equipment,141071.53
HIRECT.NS,Hirect,Electric Equipment,4334.46
117467.BO,Marsons,Electric Equipment,2367.41
DELTAMAGNT.NS,Delta Manufacturing,Electric Equipment,63.37
SHILCTECH.NS,Shilchar Tech.,Electric Equipment,4650.78
KECL.NS,Kirloskar Electric,Electric Equipment,839.54
RAMRAT.NS,Ram Ratna Wires,Electric Equipment,5233.62
IGARASHI.NS,Igarashi MotorsIndia,Electric Equipment,1330.61
SALZERELEC.NS,Salzer Electronics,Electric Equipment,972.02
HPL.NS,HPL Electric & Power,Electric Equipment,1955.7
MICEL.NS,MIC Electronics,Electric Equipment,1094.43
INDOTECH.NS,Indo Tech Transform.,Electric Equipment,3890.21
HONDAPOWER.NS,Honda India Power,Electric Equipment,2053.57
VIDYAWIRES.NS,Vidya Wires,Electric Equipment,1917
ATLANTAELE.NS,Atlanta Electricals,Electric Equipment,14469.64
288263.BO,Taylormade Renewable,Electric Equipment,77.24
RISHABH.NS,Rishabh Instruments,Electric Equipment,2857.58
SPECTRUM.NS,Spectrum Elec. Inds.,Electric Equipment,3721.67
AARTECH.NS,Aartech Solonics,Electric Equipment,154.53
VETO.NS,Veto Switchgears,Electric Equipment,239.89
MEIL.NS,Mangal Electl.&Inds.,Electric Equipment,787.73
QPOWER.NS,Quality Power Elect.,Electric Equipment,11580.22
PROSTARM.NS,Prostarm Info System,Electric Equipment,793.22
EMMVEE.NS,Emmvee Photovoltaic,Electric Equipment,22515.06
282931.BO,RMC Switchgears,Electric Equipment,247.13
289269.BO,Yash Highvoltage,Electric Equipment,2841.27
305489.BO,Virtuoso Optoelectro,Electric Equipment,1894.77
297653.BO,Cospower Engineering,Electric Equipment,375.56
322799.BO,Indo SMC,Electric Equipment,1082.2
UEL.NS,Ujaas Energy,Electric Equipment,3222.89
TARAPUR.NS,Tarapur Transformers,Electric Equipment,25.41
104084.BO,Kaycee Industries,Electric Equipment,259.94
130407.BO,EPIC Energy,Electric Equipment,26.77
117546.BO,Alfa Transformers,Electric Equipment,31.31
131215.BO,RTS Power Corpn.,Electric Equipment,80.76
AUTOPALIND.NS,RNIT AI Solutions,Electric Equipment,846.56
206516.BO,Dhanashree Electro.,Electric Equipment,188.73
104080.BO,JSL Industries,Electric Equipment,99.66
131888.BO,Rexnord Electronics,Electric Equipment,106.58
LAKSELECON.NS,Lakshmi Elect.Contl.,Electric Equipment,199.32
238295.BO,Star Delta Transform,Electric Equipment,137.93
286893.BO,Mehai Technology,Electric Equipment,100.31
131370.BO,Sparc Electrex,Electric Equipment,8.72
208341.BO,Hindusthan Insulator,Electric Equipment,1002.3
117201.BO,Switching Tech. Gunt,Electric Equipment,29.13
PERMAGNET.NS,Permanent Magnets,Electric Equipment,763.71
131918.BO,Hindustan Appliances,Electric Equipment,99.26
117548.BO,Starlite Components,Electric Equipment,5.93
104028.BO,GEE,Electrodes & Welding Equipment,709.49
CLASSICEIL.NS,Classic Electrodes,Electrodes & Welding Equipment,98.72
117514.BO,D&H India,Electrodes & Welding Equipment,171.28
HEG.NS,HEG,Electrodes & Welding Equipment,14053.59
GRAPHITE.NS,Graphite India,Electrodes & Welding Equipment,14332.75
ROYALARC.NS,Royal Arc Electrodes,Electrodes & Welding Equipment,176.49
131648.BO,Mahavir Industries,Electrodes & Welding Equipment,1.82
DENORA.NS,De Nora India,Electrodes & Welding Equipment,431.22
ADOR.NS,Ador Welding,Electrodes & Welding Equipment,2913.93
DIFFNKG.NS,Diffusion Engineers,Electrodes & Welding Equipment,1777.37
ESABINDIA.NS,Esab india,Electrodes & Welding Equipment,9339.71
241016.BO,Weld Excel India,Electrodes & Welding Equipment,0
240897.BO,Ambattur Enterprises,Electrodes & Welding Equipment,0
131233.BO,Rasi Electrodes,Electrodes & Welding Equipment,38.51
PANCARBON.NS,Panasonic Carbon Ind,Electrodes & Welding Equipment,206.09
324782.BO,Merritronix,Electronics - Components,
KERNEX.NS,Kernex Microsystems,Electronics - Components,3053.22
UWCSL.NS,Ultra Wiring Connect,Electronics - Components,57.37
322812.BO,Highness Microelect.,Electronics - Components,94.91
RIR.NS,RIR Power Electronic,Electronics - Components,
306974.BO,Containe Tech.,Electronics - Components,36.38
117397.BO,Pan Electronics (I),Electronics - Components,10.6
RICHA.NS,Richa Info Systems,Electronics - Components,107.35
PULZ.NS,Pulz Electronics,Electronics - Components,48.2
WEBELSOLAR.NS,Websol Energy System,Electronics - Components,3235.82
VIKRAMSOLR.NS,Vikram Solar,Electronics - Components,6103.86
SYRMA.NS,Syrma SGS Technology,Electronics - Components,28101.19
UTLSOLAR.NS,Fujiyama Power Sys.,Electronics - Components,13189.1
KAYNES.NS,Kaynes Technology,Electronics - Components,24119.07
247451.BO,Soumag Electronics,Electronics - Components,0
236408.BO,Basant India,Electronics - Components,0
VINYAS.NS,Vinyas Innova Techno,Electronics - Components,1962.4
SAHASRA.NS,Sahasra Electronic,Electronics - Components,769.4
EFORCE.NS,Electro Force(India),Electronics - Components,46.92
AIMTRON.NS,Aimtron Electronics,Electronics - Components,3298.35
APS.NS,Australian Premium,Electronics - Components,493.42
EEPL.NS,Eppeltone Engineers,Electronics - Components,181.04
324081.BO,Aegeus Technologies,Electronics - Components,104.26
322864.BO,IC Electricals Co.,Electronics - Components,217.4
AVALON.NS,Avalon Technologies,Electronics - Components,14691.37
117035.BO,RIR Power Electronic,Electronics - Components,1351.62
BPL.NS,BPL,Electronics - Components,241.84
IKIO.NS,IKIO Technologies,Electronics - Components,1640.98
CYIENTDLM.NS,Cyient DLM,Electronics - Components,6802.76
SAATVIKGL.NS,Saatvik Green Energy,Electronics - Components,5394.34
SURANASOL.NS,Surana Solar,Electronics - Components,128.48
SWELECTES.NS,Swelect Energy Sys.,Electronics - Components,867.84
306788.BO,Insolation Energy,Electronics - Components,1989.36
303381.BO,CWD,Electronics - Components,720.15
WAAREEINDO.NS,Indosolar,Electronics - Components,1131.62
117170.BO,Edvenswa Enterprises,Electronics - Components,60.48
117246.BO,BCC Fuba India,Electronics - Components,447.72
117288.BO,Gujarat Poly Elect.,Electronics - Components,55.64
123100.BO,Cosmo Ferrites,Electronics - Components,240.6
117370.BO,Incap,Electronics - Components,44.15
SAMTELTD.NS,Samtel India,Electronics - Components,26.54
117264.BO,Fine-Line Circuits,Electronics - Components,32.04
SPICELEC.NS,SPEL Semiconductor,Electronics - Components,688.9
ISHAN.NS,Ishan International,Engineering,11.89
MTARTECH.NS,MTAR Technologies,Engineering,22026.94
126604.BO,Lippi Systems,Engineering,147.14
294487.BO,Leapfrog Engg. Serv,Engineering,319.03
KATARIA.NS,Kataria Industries,Engineering,231.35
316822.BO,Indobell Insulations,Engineering,49.83
DIL.NS,Debock Industries,Engineering,10.58
117360.BO,SBEC Systems (India),Engineering,19.31
AFFORDABLE.NS,Affordable Robotic,Engineering,186.62
PRESSTONIC.NS,Presstonic Engg.,Engineering,50.37
313711.BO,KP Green Engineering,Engineering,1442.5
SOUTHWEST.NS,South West Pinnacle,Engineering,695.21
TAURIAN.NS,Taurian MPS,Engineering,438.83
227505.BO,Electronica Tough,Engineering,0
213431.BO,Krosslink Infrastructure Limited,Engineering,0
220069.BO,Eri-Tech Ltd.,Engineering,0
240892.BO,Swetha Engineering,Engineering,0
243371.BO,Calicut Engg. Works,Engineering,0
245618.BO,Taggas Indl. Dev,Engineering,0
245614.BO,Swadeshi Projects,Engineering,0
267901.BO,Belvedere Commercial,Engineering,0
268908.BO,Navoday Consultants,Engineering,0
268947.BO,Norplex Oak India,Engineering,0
ANLON.NS,Anlon Tech Solution,Engineering,503.16
ALUWIND.NS,Aluwind Infra-Tech,Engineering,122.25
AESTHETIK.NS,Aesthetik Engineers,Engineering,120.2
SAMAY.NS,Samay Project Serv.,Engineering,68.3
PERFECT.NS,Perfect Infraengine.,Engineering,3.32
289551.BO,Alumilite Architect.,Engineering,
ALPHAGEO.NS,Alphageo (India),Engineering,206.12
266566.BO,Bansal Roofing Prod.,Engineering,207.04
113337.BO,Guj. Toolroom,Engineering,61.27
311472.BO,Vruddhi Engg. Works,Engineering,49.45
289098.BO,Innovators FacadeSys,Engineering,215.66
307948.BO,Organic Recycling,Engineering,250.99
245894.BO,GTV Engineering,Engineering,339.19
132161.BO,Baffin Engg. Project,Engineering,0
TMTINDIA.NS,TMT,Engineering,4.19
256123.BO,Tarang Projects,Engineering,0
SKIL.NS,SKIL Infrastructure,Engineering,17.98
315990.BO,NACDAC Infrastruct.,Engineering - Construction,25.67
WELENT.NS,Welspun Enterprises,Engineering - Construction,11261.35
123844.BO,Constronics Infra,Engineering - Construction,59.49
VIKRAN.NS,Vikran Engineering,Engineering - Construction,1567.33
MBECL.NS,Mcnally Bharat Engg.,Engineering - Construction,862.97
SAMINDUS.NS,Sam Industries,Engineering - Construction,43.51
SHPRE.NS,Shree PrecoatedSteel,Engineering - Construction,6.45
ANNU.NS,Annu Projects,Engineering - Construction,
GIRIRAJ.NS,Giriraj Civil Dev.,Engineering - Construction,178.57
TECHIN.NS,TechIndia Nirman,Engineering - Construction,20.06
LT.NS,Larsen & Toubro,Engineering - Construction,545407.08
SUPREMEINF.NS,Supreme Infra. India,Engineering - Construction,813.37
GAYAPROJ.NS,Gayatri Projects,Engineering - Construction,
IRB.NS,IRB Infra.&Developer,Engineering - Construction,23733.27
KONSTELEC.NS,Konstelec Engineers,Engineering - Construction,93.7
RBMINFRA.NS,RBM Infracon,Engineering - Construction,251.9
219444.BO,Steadfast Corporatio,Engineering - Construction,0
219558.BO,The Ahmadpur Katwa,Engineering - Construction,0
219724.BO,Krishna Bhagya Ltd,Engineering - Construction,0
222760.BO,EMC,Engineering - Construction,0
224966.BO,Cusp Infra Projects,Engineering - Construction,0
243752.BO,Damodar Ropeways,Engineering - Construction,0
243451.BO,CFM Infratex Ltd.,Engineering - Construction,0
245927.BO,Plaza Properties,Engineering - Construction,0
UNIVASTU.NS,Univastu India,Engineering - Construction,636.44
MANAV.NS,Manav Infra Projects,Engineering - Construction,50.93
HECPROJECT.NS,HEC Infra Projects,Engineering - Construction,127.65
255269.BO,Saraf Infraprojects,Engineering - Construction,0
TRANSWIND.NS,Transwind Infrast.,Engineering - Construction,8.64
RKEC.NS,RKEC Projects,Engineering - Construction,56.11
AKASH.NS,Akash Infra-Projects,Engineering - Construction,43.17
ELGNZ.NS,Eleganz Interiors,Engineering - Construction,197.86
SONUINFRA.NS,Sonu Infratech,Engineering - Construction,56.65
RILINFRA.NS,Rachana Infrastruct.,Engineering - Construction,65.4
PRATHAM.NS,Pratham Projects,Engineering - Construction,216.73
VIVIANA.NS,Viviana Power Tech,Engineering - Construction,814.74
ORIANA.NS,Oriana Power,Engineering - Construction,2449.88
INDIFRA.NS,Indifra,Engineering - Construction,9.37
KCEIL.NS,Kay Cee Energy&Infra,Engineering - Construction,96.69
ZTECH.NS,Z-Tech (India),Engineering - Construction,723.49
K2INFRA.NS,K2 Infragen,Engineering - Construction,61.58
AVPINFRA.NS,AVP Infracon,Engineering - Construction,145.5
TROM.NS,Trom Industries,Engineering - Construction,54.71
TGL.NS,Teerth Gopicon,Engineering - Construction,21.66
VLINFRA.NS,VL Infraprojects,Engineering - Construction,43.68
SECL.NS,Salasar Exteriors,Engineering - Construction,27.28
LAKSHYA.NS,Lakshya Powertech,Engineering - Construction,82.49
EFFWA.NS,Effwa Infra&Research,Engineering - Construction,833.3
SSEGL.NS,Sathlokhar Synergys,Engineering - Construction,1040.7
INTEGRITY.NS,Integrity Infrabuild,Engineering - Construction,81.55
SUNTECH.NS,Suntech Infra Solutn,Engineering - Construction,77.55
GANESHIN.NS,Ganesh Infraworld,Engineering - Construction,433.33
ACTIVEINFR.NS,Active Infrast.,Engineering - Construction,259.01
MAYASHEEL.NS,Mayasheel Ventures,Engineering - Construction,83.57
CURRENT.NS,Current Infraproject,Engineering - Construction,162.76
SAVY.NS,Savy Infra&Logistics,Engineering - Construction,283.31
E2ERAIL.NS,EtoE Transportation,Engineering - Construction,609.36
270537.BO,Montecarlo,Engineering - Construction,
288720.BO,VAG Buildtech,Engineering - Construction,
SATTVAENGG.NS,Sattva Engg. Constn.,Engineering - Construction,107.43
DEPL.NS,Dinesh Engineers,Engineering - Construction,
293003.BO,Great Sports Infra,Engineering - Construction,
292447.BO,T & T Infra,Engineering - Construction,
293963.BO,HNO Furnishing,Engineering - Construction,
293919.BO,Novus Green Energy,Engineering - Construction,
296002.BO,Nilshikhaa Projects,Engineering - Construction,
294233.BO,MK Roy & Bros Proj.,Engineering - Construction,
294926.BO,Annai Infra Develop.,Engineering - Construction,
316357.BO,Srinibas PradhanCons,Engineering - Construction,117.91
317859.BO,Safety Contr. & Dev.,Engineering - Construction,125.9
321318.BO,Annu Projects,Engineering - Construction,446.86
321999.BO,Technocraft Ventures,Engineering - Construction,1449.98
322724.BO,Oneindig Technologie,Engineering - Construction,149.66
322805.BO,Om PowerTransmission,Engineering - Construction,601.62
324058.BO,Sotefin Bharat,Engineering - Construction,452.01
NCC.NS,NCC,Engineering - Construction,9398.86
HCC.NS,HCC,Engineering - Construction,6019.54
CEMPRO.NS,Cemindia Projects,Engineering - Construction,22287.72
KPIL.NS,Kalpataru Projects,Engineering - Construction,24020.87
PATELENG.NS,Patel Engineering,Engineering - Construction,2706.56
ENGINERSIN.NS,Engineers India,Engineering - Construction,15706.27
IRCON.NS,Ircon International,Engineering - Construction,11215.65
KEC.NS,KEC International,Engineering - Construction,10875.6
ISGEC.NS,ISGEC Heavy Engg.,Engineering - Construction,5789.35
KNRCON.NS,KNR Constructions,Engineering - Construction,3505.87
MANINFRA.NS,Man InfraConstruct.,Engineering - Construction,5037.76
AFCONS.NS,Afcons Infrastruct.,Engineering - Construction,10768.73
JKIL.NS,J Kumar Infraproject,Engineering - Construction,3687.56
ASHOKA.NS,Ashoka Buildcon,Engineering - Construction,3243.76
PNCINFRA.NS,PNC Infratech,Engineering - Construction,4697.49
RVNL.NS,Rail Vikas Nigam,Engineering - Construction,44304.59
TECHNOE.NS,Techno Electric &Eng,Engineering - Construction,11391.54
INOXGREEN.NS,Inox Green Enrgy Ser,Engineering - Construction,7030.13
GRINFRA.NS,GR Infraprojects,Engineering - Construction,8409.46
WAAREERTL.NS,Waaree Renewables,Engineering - Construction,8965.65
SWSOLAR.NS,Sterling and Wilson,Engineering - Construction,4349.24
EIEL.NS,Enviro Infra Engine.,Engineering - Construction,3496.03
POWERMECH.NS,Power Mech Projects,Engineering - Construction,7291.03
KPIGREEN.NS,KPI Green Energy,Engineering - Construction,6068.53
RPPINFRA.NS,RPP Infra Projects,Engineering - Construction,268.46
SPMLINFRA.NS,SPML Infra,Engineering - Construction,1539.15
WSI.NS,W.S. Industries,Engineering - Construction,458.18
OMINFRAL.NS,Om Infra,Engineering - Construction,813.09
SIMPLEXINF.NS,Simplex Infrastruct.,Engineering - Construction,2139.53
NIRLON.NS,Nirlon,Engineering - Construction,5587.32
MADHUCON.NS,Madhucon Projects,Engineering - Construction,34.17
GVPIL.NS,GE Power India,Engineering - Construction,4367.1
ATLANTAA.NS,Atlantaa,Engineering - Construction,319.07
INDIANHUME.NS,India Hume Pipe Co,Engineering - Construction,2043
NIRAJ.NS,Niraj Cement Struct.,Engineering - Construction,171.44
KAUSHALYA.NS,Kaushalya Infra Dev,Engineering - Construction,29.44
SEPC.NS,SEPC,Engineering - Construction,1046.69
BGRENERGY.NS,BGR Energy Systems,Engineering - Construction,1777.05
INTERARCH.NS,Interarch Building,Engineering - Construction,2870.67
NOIDATOLL.NS,Noida Toll Bridge Co,Engineering - Construction,77.08
GPTINFRA.NS,GPT Infraprojects,Engineering - Construction,1416.55
RAMKY.NS,Ramky Infrastructure,Engineering - Construction,2403.93
VASCONEQ.NS,Vascon Engineers,Engineering - Construction,705.98
TPHQ.NS,Teamo Productions HQ,Engineering - Construction,60.29
GENCON.NS,Generic Eng. & Const,Engineering - Construction,254.33
A2ZINFRA.NS,A2Z InfraEngineering,Engineering - Construction,277.11
SADBHIN.NS,Sadbhav Infra. Proj.,Engineering - Construction,89.82
KPEL.NS,KP Energy,Engineering - Construction,1676.78
BRNL.NS,Bharat Road Network,Engineering - Construction,143.72
MBLINFRA.NS,MBL Infrastructures,Engineering - Construction,378.79
HGINFRA.NS,H.G. Infra Engg.,Engineering - Construction,3141.25
HILINFRA.NS,Highway Infrast.,Engineering - Construction,318.8
PIGL.NS,Power & Inst. (Guj),Engineering - Construction,209.11
ABINFRA.NS,AB Infrabuild,Engineering - Construction,725.03
DUCON.NS,Ducon Infratech.,Engineering - Construction,110.37
MARKOLINES.NS,Markolines Pave Tech,Engineering - Construction,381.66
LIKHITHA.NS,Likhitha Infrastruct,Engineering - Construction,807.94
VPRPL.NS,Vishnu Prakash R,Engineering - Construction,452.21
TARMAT.NS,Tarmat,Engineering - Construction,153.47
BAJEL.NS,Bajel Projects,Engineering - Construction,2126.74
USK.NS,Udayshivakumar Infra,Engineering - Construction,116.19
EMSLIMITED.NS,EMS,Engineering - Construction,2127.11
DENTA.NS,Denta Water & Infra,Engineering - Construction,735.18
SRM.NS,SRM Contractors,Engineering - Construction,1060.83
GLOBECIVIL.NS,Globe Civil Projects,Engineering - Construction,287.55
CEIGALL.NS,Ceigall India,Engineering - Construction,6198.21
SOLARWORLD.NS,Solarworld Energy So,Engineering - Construction,1294.2
GKENERGY.NS,GK Energy,Engineering - Construction,2615.53
SEMAC.NS,Semac Construction,Engineering - Construction,86.43
291436.BO,BCPL Railway Infra.,Engineering - Construction,114.47
VINDHYATEL.NS,Vindhya Telelinks,Engineering - Construction,3238.49
289779.BO,BR Goyal Infra.,Engineering - Construction,459.82
287994.BO,Shreeshay Engineers,Engineering - Construction,34.33
303518.BO,Promax Power,Engineering - Construction,31.13
313451.BO,Faalcon Concepts,Engineering - Construction,42.66
317337.BO,Valplast Tech.,Engineering - Construction,71.64
314058.BO,VVIP Infratech,Engineering - Construction,344.58
306388.BO,Jayant Infratech,Engineering - Construction,74.73
318744.BO,Oval Projects Engg.,Engineering - Construction,103.83
319983.BO,Chiraharit,Engineering - Construction,57.54
317100.BO,Solarium GreenEnergy,Engineering - Construction,314.09
314827.BO,Popular Foundations,Engineering - Construction,60.52
317390.BO,Desco Infratech,Engineering - Construction,125.66
319987.BO,Goel Construction Co,Engineering - Construction,577.98
317997.BO,Sugs Lloyd,Engineering - Construction,523.59
295887.BO,Suyog Gurbaxani Fun.,Engineering - Construction,229.98
315908.BO,HM Electro Mech,Engineering - Construction,75.35
317345.BO,GRE Renew Enertech,Engineering - Construction,243.04
293362.BO,Janus Corporation,Engineering - Construction,11.76
109845.BO,RJ Shah & Company,Engineering - Construction,13.72
NAVKARURB.NS,Navkar Urbanst.,Engineering - Construction,100.99
SADBHAV.NS,Sadbhav Engineering,Engineering - Construction,139.83
TICL.NS,Twamev Construction,Engineering - Construction,125.86
GAYAHWS.NS,Gayatri Highways,Engineering - Construction,46.25
CCCL.NS,Consolidated Constn.,Engineering - Construction,637.53
109870.BO,Shah Construction Co,Engineering - Construction,0.98
119331.BO,VSF Projects,Engineering - Construction,51.02
122231.BO,Conart Engineers,Engineering - Construction,62.42
126961.BO,Last Mile Enterprise,Engineering - Construction,178.24
126614.BO,Expo Eng. & Projects,Engineering - Construction,236.15
131260.BO,Refex Renewbl&Infra,Engineering - Construction,151.74
131959.BO,Newtime Infrastruct.,Engineering - Construction,105.84
126839.BO,Shelter Infra Proj.,Engineering - Construction,4.46
200064.BO,Brahmaputra Infrast.,Engineering - Construction,475.38
132425.BO,Genus Prime Infra,Engineering - Construction,383.88
131537.BO,Mizzen Ventures,Engineering - Construction,83.58
236181.BO,Adhbhut Infrastruct.,Engineering - Construction,15.35
245919.BO,Madhav Infra Project,Engineering - Construction,215.13
270054.BO,Kaizen Agro Infra.,Engineering - Construction,53.99
PBAINFRA.NS,PBA Infrastructure,Engineering - Construction,13.68
246529.BO,Julien AgroInfraTech,Engineering - Construction,14.18
244426.BO,Modern Engg. & Proj.,Engineering - Construction,40.19
273258.BO,Crane Infrastructure,Engineering - Construction,8.32
291579.BO,Vivanta Industries,Engineering - Construction,23.83
209069.BO,Raunaq lnternational,Engineering - Construction,14.48
131900.BO,CCL International,Engineering - Construction,41.69
101630.BO,Anand Projects,Engineering - Construction,3.72
108860.BO,Diamant Infrastruct.,Engineering - Construction,3.03
109762.BO,Mapro Industries,Engineering - Construction,43.49
114360.BO,K&R Rail Engineering,Engineering - Construction,96.7
105504.BO,GHV Infra Projects,Engineering - Construction,2323.4
112479.BO,Virya Resources,Engineering - Construction,127.19
131676.BO,Emrock Corporation,Engineering - Construction,403.41
COROENGG.NS,Coromandel Engg. Co,Engineering - Construction,191.86
104273.BO,Modulex Construction,Engineering - Construction,164.17
SETUINFRA.NS,Setubandhan Infra.,Engineering - Construction,7.16
GENSOL.NS,Gensol Engineering,Engineering - Construction,66.44
MEP.NS,MEP Infrast. &Devlop,Engineering - Construction,13.22
242441.BO,Ind Renewable Energy,Engineering - Construction,20.28
131444.BO,Vardhman Concrete,Engineering - Construction,3.65
MEGATHERM.NS,Megatherm Induction,Engineering - Industrial Equipments,430.98
BIRLAPREC.NS,Birla Precision Tech,Engineering - Industrial Equipments,
RVTH.NS,Revathi Equip. Ind.,Engineering - Industrial Equipments,225.25
SKIPPER.NS,Skipper,Engineering - Industrial Equipments,7218.95
105750.BO,Josts Engineering Co,Engineering - Industrial Equipments,282.24
122237.BO,Shivagrico Implement,Engineering - Industrial Equipments,11.69
319913.BO,Apollo Techno Inds.,Engineering - Industrial Equipments,127.38
122036.BO,Miven Machine Tools,Engineering - Industrial Equipments,16.83
295751.BO,Misquita Engineering,Engineering - Industrial Equipments,25.94
130267.BO,Arigato Universe,Engineering - Industrial Equipments,34.25
BHEL.NS,Bharat Heavy Elect.,Engineering - Industrial Equipments,150111.75
THERMAX.NS,Thermax,Engineering - Industrial Equipments,43344.3
HONAUT.NS,Honeywell Automation,Engineering - Industrial Equipments,31524.45
JYOTICNC.NS,Jyoti CNC Automation,Engineering - Industrial Equipments,22831
INDOMIM.NS,INDO-MIM,Engineering - Industrial Equipments,
AUROIMPEX.NS,Auro Impex & Chem.,Engineering - Industrial Equipments,33.55
THEJO.NS,Thejo Engineering,Engineering - Industrial Equipments,2305.54
AARON.NS,Aaron Industries,Engineering - Industrial Equipments,269.06
AMEYA.NS,Ameya Precision Engg,Engineering - Industrial Equipments,80.36
BEWLTD.NS,BEW Engineering,Engineering - Industrial Equipments,64.45
211137.BO,Hari Machines Li,Engineering - Industrial Equipments,0
212513.BO,Apex Auto Limited,Engineering - Industrial Equipments,0
210721.BO,McNally Sayaji Eng.,Engineering - Industrial Equipments,0
214243.BO,Steel Products Ltd.,Engineering - Industrial Equipments,0
EMKAYTOOLS.NS,Emkay Taps & Cutting,Engineering - Industrial Equipments,104.58
MACPOWER.NS,Macpower CNC Machine,Engineering - Industrial Equipments,1905.69
215405.BO,East Coast Enterprisers Limited,Engineering - Industrial Equipments,0
212916.BO,Deepak Industries Limited,Engineering - Industrial Equipments,0
213348.BO,Induss Food Products & Equipment Li,Engineering - Industrial Equipments,0
219985.BO,Continental Valves,Engineering - Industrial Equipments,0
220173.BO,Assam Carbon Product,Engineering - Industrial Equipments,0
225381.BO,Electronica Plastic,Engineering - Industrial Equipments,0
217784.BO,Frick India Ltd,Engineering - Industrial Equipments,0
241198.BO,Oswal Industries,Engineering - Industrial Equipments,0
244849.BO,Orson Holdings Co,Engineering - Industrial Equipments,0
243996.BO,IEC Fabchem,Engineering - Industrial Equipments,0
245088.BO,Senao International,Engineering - Industrial Equipments,0
255325.BO,T&I Projects,Engineering - Industrial Equipments,0
267884.BO,Bala Bestos (India),Engineering - Industrial Equipments,0
254730.BO,JR Fabricators,Engineering - Industrial Equipments,0
ICEMAKE.NS,ICE Make Refrige.,Engineering - Industrial Equipments,1165.49
SAHAJSOLAR.NS,Sahaj Solar,Engineering - Industrial Equipments,219.61
NITIRAJ.NS,Nitiraj Engineers,Engineering - Industrial Equipments,224.69
268453.BO,JK Satoh Agricult.,Engineering - Industrial Equipments,0
AURIGROW.NS,Auri Grow India,Engineering - Industrial Equipments,41.33
GLOBALPET.NS,Global Pet Inds.,Engineering - Industrial Equipments,194.49
ATMASTCO.NS,Atmastco,Engineering - Industrial Equipments,364.91
SONAMAC.NS,Sona Machinery,Engineering - Industrial Equipments,45.29
EMMIL.NS,Energy-Mission Mach.,Engineering - Industrial Equipments,136.03
MARSHALL.NS,Marshall Machines,Engineering - Industrial Equipments,8.7
ENVIRO.NS,Envirotech Systems,Engineering - Industrial Equipments,132.47
OBSCP.NS,OBSC Perfection,Engineering - Industrial Equipments,2160.05
RAPPID.NS,Rappid Valves India,Engineering - Industrial Equipments,160.69
UHTL.NS,United Heat Transfer,Engineering - Industrial Equipments,301.02
TANKUP.NS,Tankup Engineers,Engineering - Industrial Equipments,846.14
READYMIX.NS,Readymix Construct.,Engineering - Industrial Equipments,83.28
211268.BO,Milltec Machiner,Engineering - Industrial Equipments,
GURUNANAK.NS,Gurunanak Agri.India,Engineering - Industrial Equipments,44.28
PATILAUTOM.NS,Patil Automation,Engineering - Industrial Equipments,609.56
ETL.NS,Emkay Tools,Engineering - Industrial Equipments,1117.29
240920.BO,Tempsens Instrum.(I),Engineering - Industrial Equipments,4651.04
237742.BO,INDO-MIM,Engineering - Industrial Equipments,48038.82
317252.BO,Liotech Industries,Engineering - Industrial Equipments,36.08
322345.BO,Hy-Tech Engineers,Engineering - Industrial Equipments,698.59
321202.BO,Omnitech Engineering,Engineering - Industrial Equipments,6504.83
322822.BO,Tipco Engineering,Engineering - Industrial Equipments,584.19
322863.BO,Apsis Aerocom,Engineering - Industrial Equipments,736.73
322929.BO,Adisoft Technologies,Engineering - Industrial Equipments,336.56
INOXINDIA.NS,Inox India,Engineering - Industrial Equipments,20437.55
PRAJIND.NS,Praj Industries,Engineering - Industrial Equipments,6167.85
GMMPFAUDLR.NS,GMM Pfaudler,Engineering - Industrial Equipments,5160.64
ELECON.NS,Elecon Engg. Co.,Engineering - Industrial Equipments,9733.35
AZAD.NS,Azad Engineering,Engineering - Industrial Equipments,17936.29
LLOYDSENGG.NS,Lloyds Engg. Works,Engineering - Industrial Equipments,13061.3
TEGA.NS,Tega Industries,Engineering - Industrial Equipments,11629.77
ANUP.NS,The Anup Engineering,Engineering - Industrial Equipments,3577.22
KRN.NS,KRN Heat Exch Refrig,Engineering - Industrial Equipments,10333.93
TRITURBINE.NS,Triveni Turbine,Engineering - Industrial Equipments,18352.28
KIRLOSIND.NS,Kirloskar Industries,Engineering - Industrial Equipments,3921.65
WALCHANNAG.NS,Walchandnagar Inds.,Engineering - Industrial Equipments,1416.56
TRF.NS,TRF,Engineering - Industrial Equipments,254.85
GEORGFISCH.NS,Disa India,Engineering - Industrial Equipments,1743.59
FLATPROD.NS,John Cockerill India,Engineering - Industrial Equipments,4045.8
MANUGRAPH.NS,Manugraph India,Engineering - Industrial Equipments,44.86
INTLCONV.NS,International Convey,Engineering - Industrial Equipments,517.77
107944.BO,Bajaj Steel Inds.,Engineering - Industrial Equipments,754.94
PITTIENG.NS,Pitti Engineering,Engineering - Industrial Equipments,4085.04
WINDMACHIN.NS,Windsor Machines,Engineering - Industrial Equipments,3147.75
UNIDT.NS,United Drilling Tool,Engineering - Industrial Equipments,457.75
KENNAMET.NS,Kennametal India,Engineering - Industrial Equipments,10304.5
HLEGLAS.NS,HLE Glascoat,Engineering - Industrial Equipments,2317.36
GUJAPOLLO.NS,Gujarat Apollo Inds.,Engineering - Industrial Equipments,461.67
MAHEPC.NS,Mahindra EPC Irrigat,Engineering - Industrial Equipments,289.63
MAZDA.NS,Mazda,Engineering - Industrial Equipments,540.68
EIMCOELECO.NS,Eimco Elecon (India),Engineering - Industrial Equipments,1300.42
KABRAEXTRU.NS,Kabra Extrus.technik,Engineering - Industrial Equipments,2025.45
LOKESHMACH.NS,Lokesh Machines,Engineering - Industrial Equipments,794.71
RAJOOENG.NS,Rajoo Engineers,Engineering - Industrial Equipments,921.79
KILBUNENGG.NS,Kilburn Engineering,Engineering - Industrial Equipments,2619.98
DEEDEV.NS,Dee Development Eng.,Engineering - Industrial Equipments,4952.64
EKC.NS,Everest Kanto Cylind,Engineering - Industrial Equipments,1194.11
MBEL.NS,M&B Engineering,Engineering - Industrial Equipments,1544.2
JASH.NS,Jash Engineering,Engineering - Industrial Equipments,3023.82
UNIPARTS.NS,Uniparts India,Engineering - Industrial Equipments,3947.3
RMDRIP.NS,RM Drip & Sprinklers,Engineering - Industrial Equipments,904.85
275470.BO,Sprayking,Engineering - Industrial Equipments,27.05
ZODIAC.NS,Zodiac Energy,Engineering - Industrial Equipments,363.92
GALAPREC.NS,Gala Precision Engg.,Engineering - Industrial Equipments,1312.38
SALASAR.NS,Salasar Techno Engg.,Engineering - Industrial Equipments,908.93
ATAM.NS,Atam Valves,Engineering - Industrial Equipments,60.74
HARSHA.NS,Harsha Engineers Int,Engineering - Industrial Equipments,4136.59
AJAXENGG.NS,Ajax Engineering,Engineering - Industrial Equipments,6663.89
SETL.NS,Standard Engg. Tech.,Engineering - Industrial Equipments,8158.21
JNKINDIA.NS,JNK India,Engineering - Industrial Equipments,2490.23
MAMATA.NS,Mamata Machinery,Engineering - Industrial Equipments,1015.19
BAJAJINDEF.NS,Indef Manufacturing,Engineering - Industrial Equipments,712.61
214771.BO,Admach Systems,Engineering - Industrial Equipments,285.85
310708.BO,Alphalogic Inds.,Engineering - Industrial Equipments,141.73
311471.BO,Sunita Tools,Engineering - Industrial Equipments,633.32
313890.BO,Storage Technologies,Engineering - Industrial Equipments,43.87
308881.BO,Sealmatic India,Engineering - Industrial Equipments,409.97
311109.BO,Arrowhead Sep. Engg.,Engineering - Industrial Equipments,14.41
318879.BO,Riddhi Display Eqp.,Engineering - Industrial Equipments,25.49
311268.BO,Quest Flow Controls,Engineering - Industrial Equipments,157.92
319832.BO,Gallard Steel,Engineering - Industrial Equipments,161.26
319096.BO,Shining Tools,Engineering - Industrial Equipments,62.99
311910.BO,Shri Balaji Valve,Engineering - Industrial Equipments,102.49
316355.BO,Fabtech Cleanrooms,Engineering - Industrial Equipments,536.26
321330.BO,Airfloa Rail Techno.,Engineering - Industrial Equipments,1167.82
316795.BO,Cryogenic OGS,Engineering - Industrial Equipments,510.8
318673.BO,Shree Refrigerations,Engineering - Industrial Equipments,1503.09
320712.BO,LT Elevator,Engineering - Industrial Equipments,665.54
280948.BO,Mewar Hi-Tech Engg.,Engineering - Industrial Equipments,23.73
313839.BO,Aztec Fluids & Mach.,Engineering - Industrial Equipments,133.21
307424.BO,Concord Control Sys.,Engineering - Industrial Equipments,2279.83
105807.BO,Rolcon Engg. Co.,Engineering - Industrial Equipments,37.78
PREMIER.NS,Premier,Engineering - Industrial Equipments,8.35
ROLLT.NS,Rollatainers,Engineering - Industrial Equipments,109.31
ATVPROJ.NS,ATV Projects India,Engineering - Industrial Equipments,139.27
104908.BO,Duncan Engineering,Engineering - Industrial Equipments,133.06
105250.BO,G.G. Dandekar Prop.,Engineering - Industrial Equipments,35.54
FORBESGOK.NS,Forbes & Company,Engineering - Industrial Equipments,351.94
105336.BO,Harshil Agrotech,Engineering - Industrial Equipments,26.14
105299.BO,KPT Industries,Engineering - Industrial Equipments,161.31
105358.BO,Integra Engineering,Engineering - Industrial Equipments,565.09
113709.BO,Shilp Gravures,Engineering - Industrial Equipments,89.05
BATLIBOI.NS,Batliboi,Engineering - Industrial Equipments,428.87
117417.BO,Patels Airtemp (I),Engineering - Industrial Equipments,153.03
TRANSFREIT.NS,Trans Freight Conta.,Engineering - Industrial Equipments,14.38
113532.BO,Pradeep Metals,Engineering - Industrial Equipments,848.99
122001.BO,Cranex,Engineering - Industrial Equipments,65.99
122105.BO,Birla Precision Tech,Engineering - Industrial Equipments,396.1
105737.BO,International Combus,Engineering - Industrial Equipments,120.64
122251.BO,Cenlub Industries,Engineering - Industrial Equipments,83.4
122183.BO,ITL Industries,Engineering - Industrial Equipments,116.81
122294.BO,T&I Global,Engineering - Industrial Equipments,85.57
123752.BO,Trans Ind Hous Impex,Engineering - Industrial Equipments,19.68
SHETRON.NS,Shetron,Engineering - Industrial Equipments,94.26
122650.BO,Bemco Hydraulics,Engineering - Industrial Equipments,469.05
123850.BO,Axtel Industries,Engineering - Industrial Equipments,637.31
HINDTINWRK.NS,Hind Tin Works,Engineering - Industrial Equipments,123.55
131306.BO,DHP India,Engineering - Industrial Equipments,153.62
126861.BO,Rishi Laser,Engineering - Industrial Equipments,132.25
122152.BO,Solitaire Machine,Engineering - Industrial Equipments,38.87
126711.BO,Adarsh Plant Protect,Engineering - Industrial Equipments,27.13
126043.BO,Polymechplast Mach.,Engineering - Industrial Equipments,26.78
131997.BO,Ikoma Technologies,Engineering - Industrial Equipments,144.38
131661.BO,Hittco Tools,Engineering - Industrial Equipments,11.51
AMTL.NS,Advance MeteringTech,Engineering - Industrial Equipments,28.21
213560.BO,Mauria Udyog,Engineering - Industrial Equipments,102.16
251357.BO,Chemtech Industrial,Engineering - Industrial Equipments,105.7
131594.BO,Incon Engineers,Engineering - Industrial Equipments,11.82
276944.BO,Loyal Equipments,Engineering - Industrial Equipments,157.64
314328.BO,Forbes PrecisionTool,Engineering - Industrial Equipments,710.2
100360.BO,Rapicut Carbides,Engineering - Industrial Equipments,186.7
KIRLOSELEC.NS,Envair Electodyne,Engineering - Industrial Equipments,20.31
122027.BO,Ema India,Engineering - Industrial Equipments,68.94
111144.BO,Axis Solution,Engineering - Industrial Equipments,2631.45
122091.BO,United Van Der Horst,Engineering - Industrial Equipments,244.63
ARTSONENGG.NS,Artson,Engineering - Industrial Equipments,624.69
132470.BO,MPF Systems,Engineering - Industrial Equipments,1.64
HARIGCRANK.NS,Harig Crankshafts,Engineering - Industrial Equipments,30.31
130063.BO,Yashraj Containeurs,Engineering - Industrial Equipments,7.31
131191.BO,Filtron Engineers,Engineering - Industrial Equipments,485.9
122245.BO,Iykot Hitech,Engineering - Industrial Equipments,23
113496.BO,Sizemasters Tech.,Engineering - Industrial Equipments,312.6
HMT.NS,HMT,Engineering - Industrial Equipments,2379.33
BKMINDST.NS,BKM Industries,Engineering - Industrial Equipments,11.8
BLUEPEBBLE.NS,Blue Pebble,Engineering Consultancy,34.27
317347.BO,Monarch Surveyors,Engineering Consultancy,432.11
256733.BO,Tarini International,Engineering Consultancy,10.72
WINSOL.NS,Winsol Engineers,Engineering Consultancy,133.81
303855.BO,DMR Engineering,Engineering Consultancy,29.09
MIEL.NS,Manglam Infra &Engg.,Engineering Consultancy,20.85
232346.BO,DRA Consultants,Engineering Consultancy,19.75
131297.BO,Artefact Projects,Engineering Consultancy,39.65
MOLDTECH.NS,Mold-Tek Tech,Engineering Consultancy,601.91
HVAX.NS,HVAX Technologies,Engineering Consultancy,185.22
NBCC.NS,NBCC (India),Engineering Consultancy,23382
CMPDI.NS,Central Mine Plan.,Engineering Consultancy,
RITES.NS,Rites,Engineering Consultancy,10371.43
FALCONTECH.NS,Falcon Technoproject,Engineering Consultancy,6.67
207952.BO,Central Mine Plan.,Engineering Consultancy,17415.89
DHRUV.NS,Dhruv ConsultancySer,Engineering Consultancy,42.33
321537.BO,Telge Projects,Engineering Consultancy,200.21
246603.BO,Likhami Consulting,Engineering Consultancy,297.41
308621.BO,RESGEN,Environmental Services,99.3
FELIX.NS,Felix Industries,Environmental Services,361.68
IONEXCHANG.NS,ION Exchage,Environmental Services,6001.6
APEXECO.NS,Apex Ecotech,Environmental Services,366.81
BANKA.NS,Banka Bioloo,Environmental Services,86.66
RACE.NS,Race Eco Chain,Environmental Services,171.36
URBAN.NS,Urban Env Waste Mgt.,Environmental Services,101.84
CEWATER.NS,Concord Enviro Sys.,Environmental Services,543.38
WABAG.NS,VA Tech Wabag,Environmental Services,12531.43
AWHCL.NS,Antony WasteHandling,Environmental Services,1052.41
REFEX.NS,Refex Industries,Environmental Services,3877.39
ECORECO.NS,Eco Recycling,Environmental Services,
NAMOEWASTE.NS,Namo Ewaste Mgmt.,Environmental Services,626.8
GREENLEAF.NS,Greenleaf Envirotech,Environmental Services,68.19
130643.BO,Eco Recycling,Environmental Services,900.18
314022.BO,GEM Enviro Mgmnt.,Environmental Services,81.11
107998.BO,Simmonds Marshall,Fasteners,291.2
LAKPRE.NS,Lakshmi Prec. Screws,Fasteners,5.48
SUNDRMFAST.NS,Sundram Fasteners,Fasteners,25473.86
STERTOOLS.NS,Sterling Tools,Fasteners,804.34
242793.BO,Agarwal Bolts,Fasteners,0
243850.BO,Globe Exim,Fasteners,0
MAITHANALL.NS,Maithan Alloys,Ferro & Silica Manganese,3174.76
IMPEXFERRO.NS,Impex Ferro Tech,Ferro & Silica Manganese,41.5
SHYAMCENT.NS,Shyam CenturyFerrous,Ferro & Silica Manganese,106.72
113005.BO,Chrome Silicon,Ferro & Silica Manganese,
132362.BO,Nagpur Power & Inds.,Ferro & Silica Manganese,265.84
JAINAM.NS,Jainam Ferro Alloys,Ferro & Silica Manganese,238.32
OWAIS.NS,Owais Metal & Min.,Ferro & Silica Manganese,146.28
NAVA.NS,Nava,Ferro & Silica Manganese,15871.17
IMFA.NS,Indian Metal & Ferro,Ferro & Silica Manganese,6951.45
122165.BO,Indsil Hydro Power,Ferro & Silica Manganese,114.28
132656.BO,Facor Alloys,Ferro & Silica Manganese,57.3
BALAJIPHOS.NS,Balaji Phosphates,Fertilizers,271.06
227546.BO,Phosphate Company,Fertilizers,50.14
124204.BO,Teesta Agro Inds.,Fertilizers,65.92
IPHL.NS,Indian Phosphate,Fertilizers,187.3
BOHRAIND.NS,Bohra Industries,Fertilizers,26.89
106906.BO,Saptak Chem&Business,Fertilizers,9.1
NAGAFERT.NS,Nagarjuna Fertilizer,Fertilizers,122.6
245900.BO,Starbeam Ventures,Fertilizers,71.9
106543.BO,MP Agro Industries,Fertilizers,5.38
AGROPHOS.NS,Agro Phos India,Fertilizers,52.25
CHAMBLFERT.NS,Chambal Fer. & Chem.,Fertilizers,16789.33
COROMANDEL.NS,Coromandel Interntl.,Fertilizers,57206.41
PARADEEP.NS,Paradeep Phosphates,Fertilizers,16304.77
ZUARI.NS,Zuari Agro Chemicals,Fertilizers,948.66
GSFC.NS,GSFC,Fertilizers,6490.4
244961.BO,Rampur Fertilizers,Fertilizers,0
235454.BO,Crystal Crop Protect,Fertilizers,
ANYA.NS,Anya Polytech &Fert.,Fertilizers,183.6
241007.BO,Vivek Fertilizers,Fertilizers,0
KRISHANA.NS,Krishana Phoschem,Fertilizers,5692.16
292716.BO,Narmada Bio-Chem,Fertilizers,
MBAPL.NS,MP Bharat Agro Prod.,Fertilizers,7278.29
RCF.NS,Rashtriya Chemicals,Fertilizers,6340
KHAICHEM.NS,Khaitan Chem & Fert.,Fertilizers,532.08
FACT.NS,Fert Chem Travancore,Fertilizers,51856.35
RAMAPHO.NS,Rama Phosphates,Fertilizers,436.95
SPIC.NS,Southern Petrochem.,Fertilizers,1451.55
MADRASFERT.NS,Madras Fertilizers,Fertilizers,1049.09
NFL.NS,National Fertilizers,Fertilizers,3459.07
ARIES.NS,Aries Agro,Fertilizers,650.35
131862.BO,Bharat Agri Fert,Fertilizers,117.29
124687.BO,Basant Agro Tech (I),Fertilizers,104.22
132011.BO,Vashu Bhagnani Inds.,"Film Production, Distribution & Entertainment",464.11
CONNPLEX.NS,Connplex Cinemas,"Film Production, Distribution & Entertainment",466.9
CINELINE.NS,Cineline India,"Film Production, Distribution & Entertainment",362.95
PANORAMA.NS,Panorama Studios Int,"Film Production, Distribution & Entertainment",
300420.BO,Net Pix Shorts Digit,"Film Production, Distribution & Entertainment",10.75
RADAAN.NS,Radaan Mediaworks,"Film Production, Distribution & Entertainment",16.09
IDENTICAL.NS,Identical Brains,"Film Production, Distribution & Entertainment",25.32
THESL.NS,Thinking Hats Ent.,"Film Production, Distribution & Entertainment",20.17
244692.BO,SDC Techmedia,"Film Production, Distribution & Entertainment",11.72
295129.BO,City Pulse Multiven.,"Film Production, Distribution & Entertainment",179.65
PVRINOX.NS,PVR Inox,"Film Production, Distribution & Entertainment",12051.1
SAREGAMA.NS,Saregama India,"Film Production, Distribution & Entertainment",9500.69
TIPSMUSIC.NS,Tips Music,"Film Production, Distribution & Entertainment",8305.86
SUNSHINE.NS,Sunshine Pictures,"Film Production, Distribution & Entertainment",
BASILIC.NS,Basilic Fly Studio,"Film Production, Distribution & Entertainment",476.62
DIGIKORE.NS,Digikore Studios,"Film Production, Distribution & Entertainment",56.47
SILLYMONKS.NS,Cresto Techno,"Film Production, Distribution & Entertainment",22.4
BAWEJA.NS,Baweja Studios,"Film Production, Distribution & Entertainment",48.09
VELS.NS,Vels Film Internatl.,"Film Production, Distribution & Entertainment",94.23
BAGDIGITAL.NS,B.A.G. Convergence,"Film Production, Distribution & Entertainment",222.8
STUDIOLSD.NS,Studio LSD,"Film Production, Distribution & Entertainment",51.11
318707.BO,Sunshine Pictures,"Film Production, Distribution & Entertainment",1375.06
322865.BO,Optimystix Entertain,"Film Production, Distribution & Entertainment",330.07
PHANTOMFX.NS,Phantom Digi. Effect,"Film Production, Distribution & Entertainment",187.23
CINEVISTA.NS,Cinevista,"Film Production, Distribution & Entertainment",81.79
BAGFILMS.NS,BAG Films & Media,"Film Production, Distribution & Entertainment",98.28
BALAJITELE.NS,Balaji Telefilms,"Film Production, Distribution & Entertainment",1135.76
SHEMAROO.NS,Shemaroo Entertain.,"Film Production, Distribution & Entertainment",363.75
PNC.NS,PNC Media & Ent.,"Film Production, Distribution & Entertainment",24.19
UFO.NS,UFO Moviez India,"Film Production, Distribution & Entertainment",252.71
279081.BO,Panorama Studios Int,"Film Production, Distribution & Entertainment",1235.2
MUKTAARTS.NS,Mukta Arts,"Film Production, Distribution & Entertainment",133.03
TIPSFILMS.NS,Tips Films,"Film Production, Distribution & Entertainment",143.09
294750.BO,VR Films & Studios,"Film Production, Distribution & Entertainment",13.72
289983.BO,Raconteur Global Res,"Film Production, Distribution & Entertainment",9.96
269345.BO,Sungold Media&Enter,"Film Production, Distribution & Entertainment",22.11
318929.BO,GTTDA-RE,"Film Production, Distribution & Entertainment",0
111092.BO,JMD Ventures,"Film Production, Distribution & Entertainment",20.06
130281.BO,Quantum Digi Vision,"Film Production, Distribution & Entertainment",11.62
130457.BO,GTT Data Solutions,"Film Production, Distribution & Entertainment",169.07
111664.BO,BGIL Films & Tech.,"Film Production, Distribution & Entertainment",7.82
112499.BO,Shalimar Productions,"Film Production, Distribution & Entertainment",26.58
132355.BO,Picturehouse Media,"Film Production, Distribution & Entertainment",41.85
131692.BO,Khyati MultimediaEnt,"Film Production, Distribution & Entertainment",3
131668.BO,Vision Corporation,"Film Production, Distribution & Entertainment",6.39
132378.BO,Universal Arts,"Film Production, Distribution & Entertainment",5.64
278157.BO,Thinkink Picturez,"Film Production, Distribution & Entertainment",27.02
131925.BO,52 Weeks Entertain.,"Film Production, Distribution & Entertainment",4.05
131465.BO,Nouveau Global Vent.,"Film Production, Distribution & Entertainment",6.49
126741.BO,Credence Sound,"Film Production, Distribution & Entertainment",0
131486.BO,Filmcity Media,"Film Production, Distribution & Entertainment",5.65
132380.BO,Baba Arts,"Film Production, Distribution & Entertainment",72.61
132084.BO,Fast Track Entert.,"Film Production, Distribution & Entertainment",0
126441.BO,Vision Cinemas,"Film Production, Distribution & Entertainment",8.5
131898.BO,Sanguine Media,"Film Production, Distribution & Entertainment",0
269117.BO,Purple Agrotech Ind.,"Film Production, Distribution & Entertainment",4.15
132275.BO,Landmarc LeisureCorp,"Film Production, Distribution & Entertainment",200.9
103685.BO,Mediaone Globle Ent.,"Film Production, Distribution & Entertainment",20.9
131420.BO,BMB Music & Magnetic,"Film Production, Distribution & Entertainment",4.42
123277.BO,GV Films,"Film Production, Distribution & Entertainment",72.72
132035.BO,Unistar Multimedia,"Film Production, Distribution & Entertainment",8.33
EROSMEDIA.NS,Eros Internatl.Media,"Film Production, Distribution & Entertainment",74.91
245411.BO,Kome-On Communicat.,"Film Production, Distribution & Entertainment",2.39
ABSLAMC.NS,Aditya Birla Sun AMC,Finance - Asset Management,30738.55
IVC.NS,IL&FS Invest.Manager,Finance - Asset Management,321.57
284708.BO,Escorp Asset Mgmnt.,Finance - Asset Management,128.79
CRAMC.NS,Canara Robeco AM Co.,Finance - Asset Management,5015.35
316315.BO,Nisus Finance Serv.,Finance - Asset Management,380.14
HDFCAMC.NS,HDFC Asset Mngt. Co,Finance - Asset Management,105414.49
131359.BO,Shriram AM Company,Finance - Asset Management,462.97
NAM-INDIA.NS,Nippon LifeInd.Asset,Finance - Asset Management,74208.26
SBIFUNDS.NS,SBI Funds Management,Finance - Asset Management,
ICICIAMC.NS,ICICI Prud.Asset Man,Finance - Asset Management,146839.26
UTIAMC.NS,UTI Asset Management,Finance - Asset Management,11318.5
307446.BO,Vedant Asset,Finance - Asset Management,18.99
307696.BO,Dharni Capital Serv.,Finance - Asset Management,112.04
111176.BO,Parshwanath Corpn.,Finance - Housing,29.25
273163.BO,Star Housing Finance,Finance - Housing,40.67
RHFL.NS,Reliance Home Fin.,Finance - Housing,88.28
SAMMAANCAP.NS,Sammaan Capital,Finance - Housing,18445.42
MYMUDRA.NS,My Mudra Fincorp,Finance - Housing,82.02
111740.BO,Ruparel Food Product,Finance - Housing,29.37
130979.BO,India Home Loan,Finance - Housing,43.43
123465.BO,Ind Bank Housing,Finance - Housing,48.75
GICHSGFIN.NS,GIC Housing Finance,Finance - Housing,756.34
111533.BO,Sahara Hsg Fin Corp,Finance - Housing,27.35
LICHSGFIN.NS,LIC Housing Finance,Finance - Housing,30916.29
HUDCO.NS,Housing & Urban Dev.,Finance - Housing,36138.3
BAJAJHFL.NS,Bajaj Housing Fin.,Finance - Housing,69225.04
PNBHOUSING.NS,PNB Housing Finance,Finance - Housing,30409.74
PIRAMALFIN.NS,Piramal Finance,Finance - Housing,52650.24
209348.BO,Sundaram Home Financ,Finance - Housing,0
CANFINHOME.NS,Can Fin Homes,Finance - Housing,10750.9
APTUS.NS,Aptus Value Housing,Finance - Housing,12963.99
AADHARHFC.NS,Aadhar Housing Fin.,Finance - Housing,21189.49
INDIASHLTR.NS,India Shelter Fin.,Finance - Housing,7378.14
AAVAS.NS,Aavas Financiers,Finance - Housing,10341.57
HOMEFIRST.NS,Home First Finance,Finance - Housing,12652.74
SRGHFL.NS,SRG Housing Finance,Finance - Housing,385.54
REPCOHOME.NS,Repco Home Finance,Finance - Housing,2244.39
130537.BO,Manraj Housing Fin.,Finance - Housing,17
ODYCORP.NS,Odyssey Corporation,Finance - Investment,
130249.BO,Bridge Securities,Finance - Investment,44.12
GFLLIMITED.NS,GFL,Finance - Investment,689.97
PML.NS,Paul Merchants,Finance - Investment,
222717.BO,Shree Securities,Finance - Investment,15.96
246330.BO,GCM Commodity & Deri,Finance - Investment,3.01
295684.BO,Galactico Corp. Serv,Finance - Investment,40.14
111463.BO,Alexander Stamps,Finance - Investment,
282337.BO,Ladam Affordable,Finance - Investment,11.71
ESCORTSFIN.NS,Invigorat.Busines,Finance - Investment,30.07
BAJAJFINSV.NS,Bajaj Finserv,Finance - Investment,315606.09
AIIL.NS,Authum Inv. & Infra,Finance - Investment,44151.23
CGCL.NS,Capri Global Capital,Finance - Investment,26930.69
JPOLYINVST.NS,Jindal Poly Invest,Finance - Investment,1048.51
JMFINANCIL.NS,JM Financial,Finance - Investment,12637.61
200334.BO,Plenty Valley Intra,Finance - Investment,0
209008.BO,Progressive Finlease Ltd.,Finance - Investment,0
214460.BO,Vincent Commercial Co. Limited,Finance - Investment,0
200353.BO,Rohan Finance & Sec,Finance - Investment,0
220164.BO,Vardhan,Finance - Investment,0
220061.BO,Midland Services Ltd,Finance - Investment,0
212542.BO,Arihant Enterprises,Finance - Investment,0
219610.BO,Intercontinental Tra,Finance - Investment,0
222745.BO,Khatod Invest & Fin.,Finance - Investment,0
220177.BO,Pranav Investment,Finance - Investment,0
223854.BO,Toplight Commercials,Finance - Investment,0
222765.BO,Stenly Securities,Finance - Investment,0
223851.BO,Mint Investments,Finance - Investment,0
224337.BO,RRB Securities,Finance - Investment,0
224852.BO,Carefree Investment,Finance - Investment,0
TSFINV.NS,TSF Investments,Finance - Investment,8988.54
224084.BO,GKS Holding,Finance - Investment,0
224762.BO,Alfa Mercantile,Finance - Investment,0
225003.BO,Kabirdas Investments,Finance - Investment,0
224854.BO,Bihariji Ispat Udyog,Finance - Investment,0
225013.BO,Adventz Sec Ent,Finance - Investment,0
225014.BO,PNB Finance & Inds.,Finance - Investment,0
227850.BO,Blue Horizon Invest,Finance - Investment,0
225035.BO,Morning GloryLeasing,Finance - Investment,0
225144.BO,Sun Fund Management,Finance - Investment,0
225093.BO,Promain Ltd.,Finance - Investment,0
226542.BO,Bhairav Enterprieses,Finance - Investment,0
232157.BO,Stenly CreditCapital,Finance - Investment,0
227930.BO,Kamal Leasing,Finance - Investment,0
232774.BO,Suvinay Trading&Inv.,Finance - Investment,0
234369.BO,Venugopal Holdings,Finance - Investment,0
230025.BO,Achal Inv. (Guj),Finance - Investment,0
236274.BO,Ashoka Viniyoga,Finance - Investment,0
232772.BO,RK Commercial,Finance - Investment,0
232767.BO,Trisure Promot.&Trad,Finance - Investment,0
236506.BO,Bherudan Dugar,Finance - Investment,0
236708.BO,Chinar Indl. Invest.,Finance - Investment,0
238180.BO,Kay Jay Leasing,Finance - Investment,0
240253.BO,Purvanchal Inv.&Trdg,Finance - Investment,0
238572.BO,LNJ Financial Serv.,Finance - Investment,0
238826.BO,Saraswati Properties,Finance - Investment,0
237100.BO,Ritz Mercantile,Finance - Investment,0
239911.BO,Maya Trade Links,Finance - Investment,0
238796.BO,Sanghi Hire Purchase,Finance - Investment,0
241097.BO,Metrochem Cap. Trust,Finance - Investment,0
241769.BO,Monnet International,Finance - Investment,0
241757.BO,Marble Finvest,Finance - Investment,0
NDGL.NS,Naga Dhunseri Group,Finance - Investment,278.77
242926.BO,Akshar Finance,Finance - Investment,0
242920.BO,Akanksha Viniyog,Finance - Investment,0
242950.BO,Ambica Shipping,Finance - Investment,0
242925.BO,AKS Credits,Finance - Investment,0
243051.BO,Badridas Investment,Finance - Investment,0
243064.BO,Bankura Damoodar Riv,Finance - Investment,0
243038.BO,Avadh Mercantile Co,Finance - Investment,0
243063.BO,Bankam Investment,Finance - Investment,0
243074.BO,Baxi Brothers,Finance - Investment,0
243067.BO,Barcle Enterprises,Finance - Investment,0
243205.BO,Amrit Villa Invest.,Finance - Investment,0
243236.BO,Apollo Investments,Finance - Investment,0
243241.BO,Aradhana Investments,Finance - Investment,0
243253.BO,Arihant Finance (I),Finance - Investment,0
243357.BO,Brownia Buisness,Finance - Investment,0
243350.BO,Boulevard Properties,Finance - Investment,0
243373.BO,CAMAC Commercial Co,Finance - Investment,0
243419.BO,Capital Finvest Ltd.,Finance - Investment,0
243375.BO,Camellia Trading,Finance - Investment,0
243430.BO,Castle Traders Ltd.,Finance - Investment,0
243422.BO,Caravan Commercial,Finance - Investment,0
243438.BO,Cecil Webber,Finance - Investment,0
243454.BO,Chain Investment Ltd,Finance - Investment,0
243495.BO,Citygold Credit,Finance - Investment,0
243556.BO,Consortium Vyapaar,Finance - Investment,0
243563.BO,Coorg Tea Company,Finance - Investment,0
243587.BO,Deevee Commercials,Finance - Investment,0
243603.BO,Dhanverdhi Exports,Finance - Investment,0
243729.BO,Excellent Commercial,Finance - Investment,0
243761.BO,Dayal Finsec Ltd.,Finance - Investment,0
243831.BO,General Exports,Finance - Investment,0
243835.BO,Genesis Finance Co,Finance - Investment,0
243832.BO,General Invest. Co,Finance - Investment,0
243892.BO,GR Industries & Fin,Finance - Investment,0
243933.BO,Harshwardhan Leasing,Finance - Investment,0
243964.BO,Hindusthan Credit,Finance - Investment,0
244121.BO,Jagat Trading Enter,Finance - Investment,0
244124.BO,Jai Bhikshu Credit,Finance - Investment,0
244164.BO,JSM Investments,Finance - Investment,0
244561.BO,OM Udyog,Finance - Investment,0
244560.BO,OM Securities,Finance - Investment,0
244602.BO,Pavitra Commercials,Finance - Investment,0
244394.BO,Meenakshi Tea Co,Finance - Investment,0
244572.BO,PACO Exports,Finance - Investment,0
244590.BO,Paramount Enterprise,Finance - Investment,0
244581.BO,Pali Commercial Co,Finance - Investment,0
244619.BO,PK Leasing & Finance,Finance - Investment,0
244612.BO,Periwal Indl. Corpn.,Finance - Investment,0
244706.BO,Premium Exch. & Fin.,Finance - Investment,0
244707.BO,Premium Linkers,Finance - Investment,0
244601.BO,Pavapuri Trdg. & Inv,Finance - Investment,0
244630.BO,Prajeev Investments,Finance - Investment,0
244623.BO,Polar Investments,Finance - Investment,0
244765.BO,Ranisati Properties,Finance - Investment,0
244615.BO,Pioneer Protec,Finance - Investment,0
244787.BO,Ricon Commerce,Finance - Investment,0
244823.BO,New India Investment,Finance - Investment,0
244712.BO,Prisure Promotion,Finance - Investment,0
244721.BO,Puja Corporation,Finance - Investment,0
244835.BO,North Eastern Export,Finance - Investment,0
244836.BO,NRI Investments,Finance - Investment,0
244846.BO,OP Vanyjya,Finance - Investment,0
244833.BO,Nistha Traders,Finance - Investment,0
244859.BO,Pariwar Fin. & Inv,Finance - Investment,0
244881.BO,Radhika Trad & Inv.,Finance - Investment,0
244788.BO,Rishra Investments,Finance - Investment,0
244872.BO,Peebee Steel Inds.,Finance - Investment,0
244880.BO,Radhika Indl. Invest,Finance - Investment,0
244917.BO,Prabha Mercantile Co,Finance - Investment,0
244920.BO,Pratibha Mfg. & Mktg,Finance - Investment,0
244930.BO,Prix India,Finance - Investment,0
244945.BO,Quick Elctronics,Finance - Investment,0
244924.BO,Prima Communications,Finance - Investment,0
245081.BO,Savoy Enterprises,Finance - Investment,0
244958.BO,Ramco Management,Finance - Investment,0
245115.BO,Subh Labh Investment,Finance - Investment,0
245028.BO,Saneh Indl. Invest,Finance - Investment,0
245057.BO,Saurabh Indl. Fin.,Finance - Investment,0
244928.BO,Prismo (India),Finance - Investment,0
245171.BO,Star Light Credit,Finance - Investment,0
245173.BO,Star Trading & Invt.,Finance - Investment,0
245175.BO,Status Portfolios,Finance - Investment,0
245189.BO,Surprise Traders,Finance - Investment,0
245283.BO,Shree Bhawani Invest,Finance - Investment,0
245360.BO,Jayshree Nirman,Finance - Investment,0
245281.BO,Shradha Projects,Finance - Investment,0
245322.BO,Soma Investments,Finance - Investment,0
245329.BO,South East Indl. Dev,Finance - Investment,0
245386.BO,Kadambini Commercial,Finance - Investment,0
245363.BO,JG Industries,Finance - Investment,0
245314.BO,Smart Trading & Inv.,Finance - Investment,0
245399.BO,Kejriwal Enterprises,Finance - Investment,0
245397.BO,KCS Financial Serv.,Finance - Investment,0
245404.BO,Khumor Investments,Finance - Investment,0
245406.BO,Kirti Seeds Bio Tech,Finance - Investment,0
245460.BO,Mayank Services,Finance - Investment,0
245483.BO,Modern Finl. Service,Finance - Investment,0
245484.BO,Monnet Finance,Finance - Investment,0
245578.BO,Sumati Indl. Finance,Finance - Investment,0
245516.BO,Sri Narayan Rajkumar,Finance - Investment,0
245506.BO,Spotlight Vanijya,Finance - Investment,0
245433.BO,Lime Light Trade,Finance - Investment,0
245467.BO,Metal Corp. Of India,Finance - Investment,0
245407.BO,The Kishore Trading,Finance - Investment,0
245455.BO,Manphul Trading &Fin,Finance - Investment,0
245585.BO,Sun Finlease (Guj),Finance - Investment,0
245586.BO,Sun Flag Commercial,Finance - Investment,0
245587.BO,Sunflower Commerce,Finance - Investment,0
245638.BO,Tinne-VellyTuticorin,Finance - Investment,0
245589.BO,Sunita Bonds & Hold.,Finance - Investment,0
245598.BO,Supraneet Fin. & Con,Finance - Investment,0
246038.BO,Pronto Indl. Service,Finance - Investment,0
245849.BO,Azad Finance & Trdg.,Finance - Investment,0
246596.BO,SA Portfolio,Finance - Investment,0
246568.BO,Leo Industrials,Finance - Investment,0
246030.BO,MLDC Combines,Finance - Investment,0
245941.BO,Shatabadi Finlease,Finance - Investment,0
246600.BO,Shri Mahasati Invest,Finance - Investment,0
247503.BO,Super Finance,Finance - Investment,0
247456.BO,Sparton Commerce,Finance - Investment,0
246597.BO,Saraswati Cap. Serv,Finance - Investment,0
247727.BO,Vishranti Tdg. Enter,Finance - Investment,0
247493.BO,Sudarshan Entrade,Finance - Investment,0
247563.BO,Tarangini Investment,Finance - Investment,0
247576.BO,Varistha Lsg. (Intl),Finance - Investment,0
247750.BO,Winmore Leasing,Finance - Investment,0
247742.BO,Welspun Tradewel,Finance - Investment,0
247761.BO,Yellow Valley Lsg.,Finance - Investment,0
252019.BO,Marda Commercial,Finance - Investment,0
254298.BO,APM Investments,Finance - Investment,0
254377.BO,Tempo Appliances Ind,Finance - Investment,0
247765.BO,Zen Industrial Serv.,Finance - Investment,0
248287.BO,Zenith Credit,Finance - Investment,0
248293.BO,Zircon Traders,Finance - Investment,0
254284.BO,Alliance Management,Finance - Investment,0
254422.BO,Crown Leasing & Fin.,Finance - Investment,0
254428.BO,DD Ventures,Finance - Investment,0
254434.BO,Dev Holdings,Finance - Investment,0
252184.BO,Tribute Trading &Fin,Finance - Investment,0
254462.BO,Dumpy Holdings,Finance - Investment,0
254528.BO,Gaylord Impex,Finance - Investment,0
254505.BO,Flower Trading & Inv,Finance - Investment,0
254811.BO,Madanlal,Finance - Investment,0
254563.BO,GTM Synthetics,Finance - Investment,0
254658.BO,International Credit,Finance - Investment,0
255018.BO,MCM Investments &Fin,Finance - Investment,0
255181.BO,Prasidh Finance,Finance - Investment,0
267759.BO,Akshay Fiscal Serv.,Finance - Investment,0
255203.BO,Raasi Leasing,Finance - Investment,0
255162.BO,PK Worldwide,Finance - Investment,0
268173.BO,Financial Management,Finance - Investment,0
268051.BO,Dani Finlease,Finance - Investment,0
267726.BO,AGR Investments,Finance - Investment,0
268264.BO,Gulmohar Finance,Finance - Investment,0
268320.BO,Hind.Commercial Inv.,Finance - Investment,0
268143.BO,Ess Vee Holdings,Finance - Investment,0
268514.BO,Judicious Investment,Finance - Investment,0
268333.BO,Hooghly Buildings,Finance - Investment,0
268629.BO,Leasco,Finance - Investment,0
268929.BO,Nidhi Services,Finance - Investment,0
268576.BO,Ketki India,Finance - Investment,0
268797.BO,Moderate Credit Corp,Finance - Investment,0
269082.BO,Pratap Holdings,Finance - Investment,0
268922.BO,New Outlook Sec.,Finance - Investment,0
269200.BO,River Finance,Finance - Investment,0
269507.BO,Unitrade Assam,Finance - Investment,0
269466.BO,Trustwell Holdings,Finance - Investment,0
SEITINVIT.NS,SEITINVIT,Finance - Investment,0
273861.BO,Gagandeep CreditCap.,Finance - Investment,0
SHREMINVIT.NS,Shrem InvIT,Finance - Investment,0
BEACON.NS,Beacon Trusteeship,Finance - Investment,151.26
NXT-INFRA.NS,NXT-INFRA,Finance - Investment,0
MASKINVEST.NS,Mask Investments,Finance - Investment,45.36
269495.BO,Unirama Industries,Finance - Investment,0
NDRINVIT.NS,NDR INVIT Trust,Finance - Investment,0
219426.BO,ASK Investment Manag,Finance - Investment,
TVSINVIT.NS,TVSINVIT,Finance - Investment,0
TVSHLTD.NS,TVS Holdings,Finance - Investment,27058.42
CHOLAHLDNG.NS,Cholamandalam Fin.,Finance - Investment,28649.21
JSWHL.NS,JSW Holdings,Finance - Investment,12733.49
RELIGARE.NS,Religare Enterprises,Finance - Investment,8862.42
RTNINDIA.NS,RattanIndia Enterp.,Finance - Investment,3845.47
MAHSCOOTER.NS,Maharashtra Scooters,Finance - Investment,15545.14
132468.BO,Kama Holdings,Finance - Investment,7535.51
103681.BO,Elcid Investments,Finance - Investment,2151.8
RANEHOLDIN.NS,Rane Holdings,Finance - Investment,2357.41
VLSFINANCE.NS,VLS Finance,Finance - Investment,773.3
KEYFINSERV.NS,Keynote Finl. Serv,Finance - Investment,136.41
3PLAND.NS,3P Land Holdings,Finance - Investment,58.3
21STCENMGM.NS,21st Century Mgmnt.,Finance - Investment,40.04
NSIL.NS,Nalwa Sons Invest.,Finance - Investment,2938.66
SYSTMTXC.NS,Systematix Corp Serv,Finance - Investment,822.37
MAHAPEXLTD.NS,Maha Rashtra Apex,Finance - Investment,150.81
JINDALPHOT.NS,Jindal Photo,Finance - Investment,1047.58
PILANIINVS.NS,Pilani Investment,Finance - Investment,4787.42
OSWALGREEN.NS,Oswal Greentech,Finance - Investment,523.63
BFINVEST.NS,BF Investment,Finance - Investment,1767.93
DAMCAPITAL.NS,DAM Capital Advisors,Finance - Investment,1024.24
KICL.NS,Kalyani Investment,Finance - Investment,2271.27
STEL.NS,STEL Holdings,Finance - Investment,1121.9
WELINV.NS,Welspun Investments,Finance - Investment,815.2
GANGESSECU.NS,Ganges Securities,Finance - Investment,118.75
INDOTHAI.NS,Indo Thai Securities,Finance - Investment,478.45
MAXIND.NS,Max India,Finance - Investment,848.53
WEALTH.NS,Wealth First Port,Finance - Investment,896.83
DHUNINV.NS,Dhunseri Investments,Finance - Investment,621.39
PALASHSECU.NS,Palash Securities,Finance - Investment,90.2
228434.BO,Aryaman Capital Mkts,Finance - Investment,513.82
255807.BO,GCM Capital Advisors,Finance - Investment,6.74
273425.BO,SSPN Finance,Finance - Investment,2.57
107987.BO,Jupiter Inds&Leasing,Finance - Investment,0.4
107968.BO,Sahaj Digital,Finance - Investment,105.36
130917.BO,RR Securities,Finance - Investment,4.75
106313.BO,Sashwat Technocrats,Finance - Investment,9.82
ONELIFECAP.NS,Onelife Capital Adv.,Finance - Investment,125.43
BLUECHIP.NS,Blue Chip India,Finance - Investment,11.84
268459.BO,Colab Platforms,Finance - Investment,2727.48
101370.BO,Walchand PeopleFirst,Finance - Investment,41.24
101314.BO,Prismx Global Ventur,Finance - Investment,24.15
103641.BO,Zodiac Ventures,Finance - Investment,12.4
109051.BO,Indian Infotech&Soft,Finance - Investment,92.09
111018.BO,Milgrey Fin.&Invest,Finance - Investment,99.54
106105.BO,StanroseMafatlal Inv,Finance - Investment,27.78
111601.BO,Yash Mgmnt. & Satel.,Finance - Investment,15.88
111493.BO,Shrydus Industries,Finance - Investment,13.22
SRGINFOTEC.NS,Pan IndiaCorporation,Finance - Investment,30.42
ARAVALISEC.NS,Aravali Sec. & Fin,Finance - Investment,6.06
SHRIYAMSEC.NS,Shardul Securities,Finance - Investment,476.74
112485.BO,Dhanlaxmi Cotex,Finance - Investment,70.66
112399.BO,Sera Invt. & Finance,Finance - Investment,368.01
112311.BO,Superspace Infrast.,Finance - Investment,0
130197.BO,Fundviser Cap. (I),Finance - Investment,318.29
112018.BO,Tomorrow Techno.,Finance - Investment,84.15
130405.BO,Jindal Capital,Finance - Investment,24.34
130419.BO,Sumedha Fiscal Serv.,Finance - Investment,31.15
130245.BO,Aryaman Fin Service,Finance - Investment,759.56
126891.BO,Market Creators,Finance - Investment,15.98
112493.BO,Garnet International,Finance - Investment,102.85
123113.BO,Futuristic Sec.,Finance - Investment,5.46
131027.BO,Libord Securities,Finance - Investment,10.15
126251.BO,Mid East Portfolio,Finance - Investment,18.11
130907.BO,SI Cap. & Fin. Serv.,Finance - Investment,18.9
130439.BO,Siddha Ventures,Finance - Investment,4.4
130723.BO,Asit C Mehta FinServ,Finance - Investment,89.06
130445.BO,Sumeru Industries,Finance - Investment,10.8
130499.BO,AK Capital Services,Finance - Investment,1146.35
131176.BO,Mefcom Capital Mkts.,Finance - Investment,55.53
131681.BO,Amerise Biosciences,Finance - Investment,5.68
131319.BO,Maruti Global Inds.,Finance - Investment,18.05
131278.BO,Elixir Capital,Finance - Investment,59.29
130271.BO,Rich UniverseNetwork,Finance - Investment,6.29
131340.BO,Bervin Inv.& Leasing,Finance - Investment,32.58
132333.BO,HB Portfolio,Finance - Investment,62.84
131931.BO,Sai Capital,Finance - Investment,45.37
132131.BO,Triumph Intnatl. Fin,Finance - Investment,12.92
131996.BO,Odyssey Corporation,Finance - Investment,66.77
132855.BO,Haryana Capfin,Finance - Investment,75.47
132056.BO,Trustedge Capital,Finance - Investment,129.19
218959.BO,Yunik Managing Adv.,Finance - Investment,9.04
206169.BO,Tilak Ventures,Finance - Investment,173.82
225020.BO,Qgo Finance,Finance - Investment,28.94
131529.BO,Softrak Venture Inv.,Finance - Investment,66.72
244070.BO,JA Finance,Finance - Investment,133.75
219410.BO,Tamboli Industries,Finance - Investment,257.62
244957.BO,Rajputana Inv.& Fin.,Finance - Investment,9.24
244869.BO,Paul Merchants,Finance - Investment,150.75
255055.BO,Srestha Finvest,Finance - Investment,49.66
246072.BO,Khoobsurat,Finance - Investment,23.04
244973.BO,Regency Fincorp,Finance - Investment,414.82
270964.BO,Vibrant Global Cap.,Finance - Investment,120.54
275818.BO,VB Industries,Finance - Investment,10.77
245290.BO,HCKK Ventures,Finance - Investment,13.36
279439.BO,Apoorva Leasing Fin.,Finance - Investment,50.94
111609.BO,ISL Consulting,Finance - Investment,29.71
105502.BO,PS IT Infrastructure,Finance - Investment,10.05
130519.BO,Interface Financial,Finance - Investment,0
101111.BO,Gold Rock Investment,Finance - Investment,0.95
101144.BO,Peoples Investments,Finance - Investment,4.72
101151.BO,Kartik Invests.Trust,Finance - Investment,197.03
103635.BO,Shree Salasar Inv.,Finance - Investment,271.56
103659.BO,SW Investments,Finance - Investment,15.03
101148.BO,Dalal Street Invest.,Finance - Investment,11.5
109084.BO,Photon Capital Advis,Finance - Investment,94.69
107864.BO,Pioneer Investcorp,Finance - Investment,103.16
111187.BO,Mahamaya Investments,Finance - Investment,8.8
111169.BO,RKD Agri & Retail,Finance - Investment,29.46
LKPMERFIN.NS,Gyftr,Finance - Investment,1402.06
105520.BO,HEM Holdings&Trading,Finance - Investment,2.55
111260.BO,Iconik Sports& Event,Finance - Investment,129.07
111626.BO,RR Fin. Consultants,Finance - Investment,72.45
111696.BO,Chartered Cap.& Inv.,Finance - Investment,74.54
111734.BO,Pasupati Fincap,Finance - Investment,5.68
112345.BO,Lexora Global,Finance - Investment,141.55
130055.BO,Harmony Capital Ser.,Finance - Investment,124.58
130479.BO,Atlanta Infra & Fin.,Finance - Investment,0
112377.BO,Magnanimous Trade,Finance - Investment,0.54
130657.BO,Global Securities,Finance - Investment,0
111738.BO,Mehta Securities,Finance - Investment,6.5
112415.BO,Mercury Trad Links,Finance - Investment,5.59
126935.BO,Kalind,Finance - Investment,455.26
130771.BO,KLG Capital Services,Finance - Investment,6.49
112065.BO,Mrugesh Trading,Finance - Investment,7842.19
131334.BO,Vikalp Securities,Finance - Investment,5.87
130881.BO,Arunjyoti Bio Vent.,Finance - Investment,88.72
131203.BO,Tradewell Holdings,Finance - Investment,14.2
225530.BO,Pro CLB Global,Finance - Investment,15.34
216924.BO,SPA Capital Services,Finance - Investment,61.62
132217.BO,CMX Holdings,Finance - Investment,24.79
243577.BO,Decillion Finance,Finance - Investment,13.41
132113.BO,Brijlaxmi Lease &Fin,Finance - Investment,5.24
206176.BO,Yamini Investments,Finance - Investment,32.6
230739.BO,Dhyana Finstock,Finance - Investment,0
243756.BO,Darjeeling Inds.,Finance - Investment,20.99
243416.BO,Capfin India,Finance - Investment,57.49
237833.BO,Jackson Investments,Finance - Investment,11.34
245092.BO,Spice Lounge Food,Finance - Investment,1800.67
268307.BO,Hi-Klass Trading&Inv,Finance - Investment,275.28
283889.BO,Corporate Merchant,Finance - Investment,294.77
245575.BO,Sujala Trading &Hold,Finance - Investment,7.6
245366.BO,Jindal Lease Fin,Finance - Investment,23.42
267596.BO,Achal Investments,Finance - Investment,0
242773.BO,AAR Shyam India Inv.,Finance - Investment,4.49
272681.BO,Shri Niwas Lsg.&Fin,Finance - Investment,75.36
111563.BO,Sanchay Finvest,Finance - Investment,41.47
111074.BO,Easy Fincorp,Finance - Investment,24.26
243284.BO,Real Touch Finance,Finance - Investment,54.41
112279.BO,N2N Technologies,Finance - Investment,10.39
256591.BO,AF Enterprises,Finance - Investment,6.21
132745.BO,Inditrade Capital,Finance - Investment,6.17
245636.BO,Niyogin Fintech,Finance - NBFC,639.9
ZSARACOM.NS,Saraswati Commercial,Finance - NBFC,
272759.BO,Vani Commercials,Finance - NBFC,
109026.BO,VJTF Eduservices,Finance - NBFC,133.58
MASTERTR.NS,Master Trust,Finance - NBFC,1096.81
LADDERUP.NS,Ladderup Finance,Finance - NBFC,
245016.BO,Salem Erode Investm.,Finance - NBFC,59.35
244725.BO,Suvifin Credit Sol.,Finance - NBFC,24.23
132284.BO,TCFC Finance,Finance - NBFC,26.25
131324.BO,Roselabs Finance,Finance - NBFC,21.85
BAJFINANCE.NS,Bajaj Finance,Finance - NBFC,660262.45
SHRIRAMFIN.NS,Shriram Finance,Finance - NBFC,244945.59
MUTHOOTFIN.NS,Muthoot Finance,Finance - NBFC,116979.88
CHOLAFIN.NS,Chola Invest & Fin.,Finance - NBFC,157062.74
TATACAP.NS,Tata Capital,Finance - NBFC,159203.81
200389.BO,Sudama Trading And Investments Ltd.,Finance - NBFC,0
211681.BO,Eastern Investme,Finance - NBFC,0
208921.BO,Paramount Finco & Traders Ltd.,Finance - NBFC,0
216613.BO,Radiant Financial Services,Finance - NBFC,0
214404.BO,Uno Metals Ltd.,Finance - NBFC,0
215439.BO,Emkay Consltants Ltd,Finance - NBFC,0
220165.BO,Suvridhi Finl. Serv.,Finance - NBFC,0
220168.BO,Pankaj Investments,Finance - NBFC,0
222698.BO,Orchid Securities,Finance - NBFC,0
222719.BO,Shardaraj Tradefin,Finance - NBFC,0
222700.BO,Konark Commerce,Finance - NBFC,0
220067.BO,Shuklamber Exports,Finance - NBFC,0
219578.BO,The Didwana Invest,Finance - NBFC,0
222490.BO,Hilman Capital Fin.,Finance - NBFC,0
222755.BO,Bakra Pratisthan,Finance - NBFC,0
LFIC.NS,Lakshmi Fin. & Indl,Finance - NBFC,40.39
222758.BO,Mohan Finance Ltd.,Finance - NBFC,0
224815.BO,Bharat Invest.Growth,Finance - NBFC,0
225006.BO,Manavta Holdings,Finance - NBFC,0
224206.BO,Herald Commerce,Finance - NBFC,0
224963.BO,Dharower Finl. Serv.,Finance - NBFC,0
224207.BO,Purbasha Resources,Finance - NBFC,0
224763.BO,Twenty First Century,Finance - NBFC,0
224958.BO,Delhi Safe Deposit,Finance - NBFC,0
224960.BO,Ganodaya Finlease,Finance - NBFC,0
224083.BO,Combine Holding,Finance - NBFC,0
225017.BO,PHF Leasing Ltd.,Finance - NBFC,0
225007.BO,Manbhawani Invest.,Finance - NBFC,0
232271.BO,Prabhat India,Finance - NBFC,0
235675.BO,Alexi Financials Ltd,Finance - NBFC,0
225096.BO,RCS Financial Techno,Finance - NBFC,0
227931.BO,Shree Ganesh Invest,Finance - NBFC,0
238120.BO,Kamdhenu Enterprises,Finance - NBFC,0
238762.BO,Sahu Jain,Finance - NBFC,0
242948.BO,Amar Jyotiudyog,Finance - NBFC,0
239722.BO,Tradelink Securities,Finance - NBFC,0
243042.BO,AVRO Commercial Co,Finance - NBFC,0
243215.BO,Ankit Commerce,Finance - NBFC,0
243366.BO,Burlington Finance,Finance - NBFC,0
243131.BO,Bijco Holdings,Finance - NBFC,0
243123.BO,Bhilwara Holdings,Finance - NBFC,0
243486.BO,Chitrakut Holdings,Finance - NBFC,0
243547.BO,Columbia Trading,Finance - NBFC,0
243324.BO,Anuradha Inv (WB),Finance - NBFC,0
243392.BO,Armchair Investment,Finance - NBFC,0
243548.BO,Comet Leasing,Finance - NBFC,0
243259.BO,Arth Udyog,Finance - NBFC,0
NBIFIN.NS,NBI Indl. Finance,Finance - NBFC,585.62
243693.BO,Ellora Traders Ltd.,Finance - NBFC,0
243766.BO,Deccan Finance Ltd.,Finance - NBFC,0
243784.BO,Faridabad Paper Mill,Finance - NBFC,0
243802.BO,Fortune Indl. Resour,Finance - NBFC,0
243834.BO,Genesis Exports,Finance - NBFC,0
243823.BO,Gaylord Commercial,Finance - NBFC,0
243878.BO,Gove Finance,Finance - NBFC,0
243948.BO,HGI Finance &Leasing,Finance - NBFC,0
243963.BO,Hindusthan Business,Finance - NBFC,0
243917.BO,Gunny Chem Tex India,Finance - NBFC,0
244128.BO,Aashrit Capital,Finance - NBFC,0
244163.BO,JRD Finance,Finance - NBFC,0
244147.BO,Jeco Exports & Fin.,Finance - NBFC,0
244245.BO,Kherapati Vanijya,Finance - NBFC,0
244405.BO,Merit Credit Corp.,Finance - NBFC,0
244370.BO,Manphool Exports,Finance - NBFC,0
244354.BO,Malay Commercial Ent,Finance - NBFC,0
243921.BO,Gyan Traders,Finance - NBFC,0
243960.BO,Hindustan Commercial,Finance - NBFC,0
244262.BO,KRA Leasing,Finance - NBFC,0
244360.BO,Mandya Finance Co,Finance - NBFC,0
244407.BO,Merlin Indl. Develop,Finance - NBFC,0
244369.BO,Man Mohak Fin-Invest,Finance - NBFC,0
244461.BO,Mothola Co,Finance - NBFC,0
244463.BO,Motika Finance,Finance - NBFC,0
244534.BO,Niharika India,Finance - NBFC,0
244542.BO,NK Textile Inds.,Finance - NBFC,0
244554.BO,Olympic Comml. Enter,Finance - NBFC,0
244540.BO,Nivedan Vanijya Niyo,Finance - NBFC,0
244587.BO,Panorama Capital,Finance - NBFC,0
244622.BO,PNR Capital Services,Finance - NBFC,0
244566.BO,Orient Fincorp,Finance - NBFC,0
244555.BO,Olympic General Trdg,Finance - NBFC,0
244568.BO,Orissa Securities,Finance - NBFC,0
244545.BO,North Eastern Publ.,Finance - NBFC,0
244618.BO,Piyush,Finance - NBFC,0
244704.BO,Premier Auto Finance,Finance - NBFC,0
244634.BO,Prateek Coke,Finance - NBFC,0
244724.BO,Purbanchal Prestress,Finance - NBFC,0
244633.BO,Prashant Comml. Hold,Finance - NBFC,0
244628.BO,Pradyumna Steels,Finance - NBFC,0
244729.BO,Pushkar Banijya,Finance - NBFC,0
244710.BO,Primax Fiscal Serv.,Finance - NBFC,0
244705.BO,Premier Ferro Alloys,Finance - NBFC,0
244730.BO,Pyretic Trdg. & Fin,Finance - NBFC,0
244728.BO,Purvi Vanijya Niyoja,Finance - NBFC,0
244734.BO,Raasula Securities,Finance - NBFC,0
244727.BO,Purvanchal Leasing,Finance - NBFC,0
244758.BO,Rajindra Deposits,Finance - NBFC,0
244767.BO,Ratlam Industrial,Finance - NBFC,0
244793.BO,Ronson Traders,Finance - NBFC,0
244800.BO,Runit Investments Co,Finance - NBFC,0
244806.BO,Sagar International,Finance - NBFC,0
244772.BO,Rekha Commercial,Finance - NBFC,0
244879.BO,Radhika Exports,Finance - NBFC,0
245031.BO,Sankheshwar Holding,Finance - NBFC,0
244996.BO,RNT Investments,Finance - NBFC,0
245050.BO,Sarvottam Vanijya,Finance - NBFC,0
245045.BO,Sarnimal Investment,Finance - NBFC,0
244933.BO,Prompt Corp. Service,Finance - NBFC,0
244993.BO,RK Finance,Finance - NBFC,0
245047.BO,Sarvamangal Trading,Finance - NBFC,0
245137.BO,Sophia Finance,Finance - NBFC,0
245287.BO,Shree Ganga Leasing,Finance - NBFC,0
245144.BO,Spectrum Commercials,Finance - NBFC,0
245286.BO,Shree Ganesh Iron,Finance - NBFC,0
245278.BO,Shiv Shankar Res,Finance - NBFC,0
245260.BO,Senilis Trading Synd,Finance - NBFC,0
245200.BO,Tantia Finl. Service,Finance - NBFC,0
245280.BO,Shraddha Investments,Finance - NBFC,0
245187.BO,Supriya Leasing,Finance - NBFC,0
245298.BO,Sidh Enterprises,Finance - NBFC,0
245288.BO,Shree Holdings,Finance - NBFC,0
245310.BO,SK Consultants,Finance - NBFC,0
245500.BO,Spicebulls Invest,Finance - NBFC,0
245356.BO,Jain Vanijya Udyog,Finance - NBFC,0
245326.BO,Sonali Commercial,Finance - NBFC,0
245421.BO,Kusum Industrial Gas,Finance - NBFC,0
245323.BO,Som Construction,Finance - NBFC,0
245540.BO,Sudershan Securities,Finance - NBFC,0
245361.BO,JDS Finance Co,Finance - NBFC,0
245541.BO,Sudha Apparels,Finance - NBFC,0
245544.BO,Stable Trading Co,Finance - NBFC,0
245597.BO,Supra Industrial Res,Finance - NBFC,0
245576.BO,Sulabh Vanijya,Finance - NBFC,0
245613.BO,Susma Traders,Finance - NBFC,0
245615.BO,Swastik Plywood,Finance - NBFC,0
245874.BO,Coronet Industries,Finance - NBFC,0
245865.BO,Scan Infrastructure,Finance - NBFC,0
246043.BO,Snow White Metal Ind,Finance - NBFC,0
245878.BO,Datson Exports,Finance - NBFC,0
248023.BO,Tamilnadu Finance,Finance - NBFC,0
248132.BO,Victor Commercial Co,Finance - NBFC,0
248131.BO,Victor Builders,Finance - NBFC,0
248117.BO,Sumangla Invt. Co,Finance - NBFC,0
247945.BO,Sudha Commercial Co,Finance - NBFC,0
247851.BO,Simco Business,Finance - NBFC,0
246046.BO,Supreme Impex,Finance - NBFC,0
245945.BO,Sidh Leasing,Finance - NBFC,0
247987.BO,Swarn Mayur Bonds,Finance - NBFC,0
248144.BO,Vijay Hemant Finance,Finance - NBFC,0
248153.BO,Vikram Investment Co,Finance - NBFC,0
248230.BO,Winsome Hold. & Inv,Finance - NBFC,0
248209.BO,Western India Comml.,Finance - NBFC,0
254381.BO,Calcutta Invest. Co,Finance - NBFC,0
254511.BO,Foster Engg. Inds,Finance - NBFC,0
248165.BO,Virdhi Commercial Co,Finance - NBFC,0
248176.BO,Vishnuhari Invests.,Finance - NBFC,0
255353.BO,Tridev Finance Co.,Finance - NBFC,0
255233.BO,Rohini Traders & Exp,Finance - NBFC,0
251992.BO,Indianivesh Capitals,Finance - NBFC,0
248246.BO,Yama Finance,Finance - NBFC,0
254496.BO,Evergreen Commercial,Finance - NBFC,0
266879.BO,Shalimar Holdings,Finance - NBFC,0
255365.BO,Twinkle Leasing &Fin,Finance - NBFC,0
268729.BO,Mangalam Engineering,Finance - NBFC,0
268783.BO,Merrygold Mercantile,Finance - NBFC,0
268545.BO,Kanoi Developments,Finance - NBFC,0
267355.BO,Esjay Commerce,Finance - NBFC,0
268666.BO,M Lal And Co,Finance - NBFC,0
269518.BO,Unnati Mercantile,Finance - NBFC,0
269052.BO,Pinnacle Trades&Fin,Finance - NBFC,0
268966.BO,Ojswi Trades Invest,Finance - NBFC,0
269475.BO,Udaipur Cotton Mills,Finance - NBFC,0
269569.BO,Vyaparik Pratisthan,Finance - NBFC,0
270076.BO,Global CreditCapital,Finance - NBFC,0
IBLFL.NS,IBL Finance,Finance - NBFC,143.44
274820.BO,Durgesh Merchants,Finance - NBFC,0
215605.BO,Gaja Alternative Ass,Finance - NBFC,2271.67
233448.BO,Arohan Finl. Service,Finance - NBFC,
233165.BO,Hinduja Leyland Fin.,Finance - NBFC,
ASCOM.NS,Ascom Leasing & Inv.,Finance - NBFC,247.05
USHAFIN.NS,Usha Financial Serv.,Finance - NBFC,237.81
DCCL.NS,DAR Credit & Capital,Finance - NBFC,61.39
272939.BO,Incred Financial Ser,Finance - NBFC,
287782.BO,AYE Finance,Finance - NBFC,4560.85
322110.BO,OnEMI Technology,Finance - NBFC,5482.94
TATAINVEST.NS,Tata Invest. Corpn.,Finance - NBFC,32062.24
BAJAJHLDNG.NS,Bajaj Hold & Invest.,Finance - NBFC,124225.82
MANAPPURAM.NS,Manappuram Finance,Finance - NBFC,31909.25
PAISALO.NS,Paisalo Digital,Finance - NBFC,6739.56
POONAWALLA.NS,Poonawalla Fincorp,Finance - NBFC,41250.57
IREDA.NS,Indian Ren. Energy,Finance - NBFC,31924.1
EDELWEISS.NS,Edelweiss Fin. Serv.,Finance - NBFC,12880.53
IIFL.NS,IIFL Finance,Finance - NBFC,27698.69
LTF.NS,L&T Finance,Finance - NBFC,78699.47
CREDITACC.NS,CreditAccess Grameen,Finance - NBFC,23159.52
SBICARD.NS,SBI Cards & Payment,Finance - NBFC,62641.91
NORTHARC.NS,Northern ARC Capital,Finance - NBFC,4884.67
JIOFIN.NS,JIO Financial Serv.,Finance - NBFC,158145.24
ABCAPITAL.NS,Aditya Birla Capital,Finance - NBFC,110843.33
FIVESTAR.NS,Five Star Business,Finance - NBFC,15439.84
SBFC.NS,SBFC Finance,Finance - NBFC,11091.38
AVONMORE.NS,Avonmore Cap.&Mgmnt.,Finance - NBFC,367.4
TEAMGTY.NS,Team India Guaranty,Finance - NBFC,211.6
VHL.NS,Vardhman Holdings,Finance - NBFC,1157.38
CONSOFINVT.NS,Consolid. Finv.&Hold,Finance - NBFC,931.97
101298.BO,Indl & Prud Invts.Co,Finance - NBFC,1056.62
MUFIN.NS,Mufin Green Finance,Finance - NBFC,2725.92
FINKURVE.NS,Finkurve Financial,Finance - NBFC,1013.38
ICDSLTD.NS,ICDS,Finance - NBFC,93.08
CREST.NS,Crest Ventures,Finance - NBFC,1021.35
CAPTRUST.NS,Capital Trust,Finance - NBFC,68.17
BAIDFIN.NS,Baid Finserv,Finance - NBFC,164.04
UGROCAP.NS,Ugro Capital,Finance - NBFC,1340.91
IITL.NS,Industl. Invst.Trust,Finance - NBFC,330.1
DCMFINSERV.NS,DCM Financial Serv.,Finance - NBFC,11.51
112020.BO,Saraswati Commercial,Finance - NBFC,1238.62
MANCREDIT.NS,Mangal Credit & Fin,Finance - NBFC,482.1
STARTECK.NS,Starteck Finance,Finance - NBFC,247.01
WILLAMAGOR.NS,Williamson Magor &Co,Finance - NBFC,27.83
ARMANFIN.NS,Arman Financial Serv,Finance - NBFC,2175.82
SILINV.NS,SIL Investments,Finance - NBFC,507.33
PNBGILTS.NS,PNB Gilts,Finance - NBFC,1495.52
THEINVEST.NS,The Investment Trust,Finance - NBFC,496.3
CIFL.NS,Capital India Fin.,Finance - NBFC,781.33
CSLFINANCE.NS,CSL Finance,Finance - NBFC,573.6
CORALFINAC.NS,Coral India Fin &Hsg,Finance - NBFC,134.89
MUTHOOTCAP.NS,Muthoot Capital Serv,Finance - NBFC,397.57
132485.BO,Balmer Lawrie Invsts,Finance - NBFC,1609.97
NAHARCAP.NS,Nahar Capital &Finl.,Finance - NBFC,438.33
HDBFS.NS,HDB Financial Serv.,Finance - NBFC,56716.32
TFL.NS,Transwarranty Fin.,Finance - NBFC,68.12
SASTASUNDR.NS,Health X Platform,Finance - NBFC,955.27
MOTOGENFIN.NS,Motor & General Fin.,Finance - NBFC,111.19
SUNDARMFIN.NS,Sundaram Finance,Finance - NBFC,51648.85
SPANDANA.NS,Spandana SphoortyFin,Finance - NBFC,2125.66
SUMMITSEC.NS,Summit Securities,Finance - NBFC,1563.53
SGFIN.NS,SG Finserve,Finance - NBFC,4452.53
FEDFINA.NS,Fedbank Fin.l Serv.,Finance - NBFC,6060.11
235330.BO,Money MastersLeasing,Finance - NBFC,6.22
224205.BO,Ashika Global Sec.,Finance - NBFC,3640.07
INDOSTAR.NS,Indostar Capital Fin,Finance - NBFC,4181.38
MASFIN.NS,MAS Financial Serv.,Finance - NBFC,5352.87
MONEYBOXX.NS,Moneyboxx Finance,Finance - NBFC,410.48
VIJIFIN.NS,Viji Finance,Finance - NBFC,383
PFS.NS,PTC India Fin. Serv,Finance - NBFC,1730.31
MUTHOOTMF.NS,Muthoot Microfin,Finance - NBFC,3500.03
FUSION.NS,Fusion Finance,Finance - NBFC,3313.67
MANBA.NS,Manba Finance,Finance - NBFC,647.84
LAXMIINDIA.NS,Laxmi India Finance,Finance - NBFC,694.73
AFSL.NS,Abans Finl. Services,Finance - NBFC,1027.32
AFIL.NS,Akme Fintrade (I),Finance - NBFC,413.01
NAGREEKCAP.NS,Nagreeka Cap & Infra,Finance - NBFC,29.33
219234.BO,Bengal & Assam Co,Finance - NBFC,7221.52
248235.BO,SRG Fingrow Finance,Finance - NBFC,17.73
275189.BO,Franklin Lsg.&Fin.,Finance - NBFC,14.06
248593.BO,Stellar Capital Ser.,Finance - NBFC,14.98
107938.BO,Manipal Fin. Corpn.,Finance - NBFC,14.09
109099.BO,Oswal Leasing,Finance - NBFC,3.93
131735.BO,Prism Finance,Finance - NBFC,17.55
GLFL.NS,Gujarat Lease Fin.,Finance - NBFC,15.73
UYFINCORP.NS,UY Fincorp,Finance - NBFC,375.34
TCIFINANCE.NS,TCI Finance,Finance - NBFC,19.44
HBSL.NS,HB Stockholdings,Finance - NBFC,39.19
109470.BO,Bombay Oxygen Inv.,Finance - NBFC,282
112437.BO,Apollo Finvest (I),Finance - NBFC,154.85
130045.BO,Titan Securities,Finance - NBFC,105.19
131272.BO,Nikki Global Fin.,Finance - NBFC,6.97
232624.BO,PMC Fincorp,Finance - NBFC,121.05
231387.BO,Karnavati Finance,Finance - NBFC,13.57
243682.BO,Econo Trade (India),Finance - NBFC,12.04
100069.BO,Quest Capital Market,Finance - NBFC,253.5
266458.BO,Amarnath Securities,Finance - NBFC,5.06
100206.BO,Margo Finance,Finance - NBFC,30.08
ALFREDHERB.NS,Alfred Herbert (I),Finance - NBFC,223.63
108956.BO,HB Leasing & Finance,Finance - NBFC,13.43
107946.BO,Kiduja India,Finance - NBFC,45.65
108969.BO,Sulabh Engineers,Finance - NBFC,24.92
INDIALEASE.NS,India Lease Devpt.,Finance - NBFC,11.26
111246.BO,Bombay Talkies,Finance - NBFC,16.74
111147.BO,WSFX Global Pay,Finance - NBFC,82.48
111391.BO,Inter Globe Finance,Finance - NBFC,86.81
109024.BO,Golden Legand Lease,Finance - NBFC,12.06
109053.BO,Banas Finance,Finance - NBFC,63.96
111507.BO,Ushakiran Finance,Finance - NBFC,7.93
105515.BO,Shyamkamal Invest.,Finance - NBFC,33.31
111355.BO,India Cement Capital,Finance - NBFC,62.6
111700.BO,Standard Cap. Mkt.,Finance - NBFC,76.09
111577.BO,Mantra Capital,Finance - NBFC,63.88
111754.BO,Shalibhadra Finance,Finance - NBFC,276.51
111585.BO,Befound Movement,Finance - NBFC,3.71
112589.BO,Sita Enterprises,Finance - NBFC,40.8
111764.BO,Aastamangalam Fin.,Finance - NBFC,49.56
112441.BO,Enbee Trade &Finance,Finance - NBFC,19.52
123062.BO,JJ Finance Corp.,Finance - NBFC,12.97
126237.BO,Morgan Ventures,Finance - NBFC,46.77
126869.BO,Kumbhat Finl. Serv.,Finance - NBFC,10.05
130167.BO,Moongipa Capital Fin,Finance - NBFC,17.41
130263.BO,Global CapitalMarket,Finance - NBFC,18.72
130139.BO,Kreon Financial Serv,Finance - NBFC,177.77
130127.BO,NPR Finance,Finance - NBFC,12.22
130109.BO,Anupam Finserv,Finance - NBFC,35.11
126859.BO,ISF,Finance - NBFC,7.41
130265.BO,Sainik Fin. & Inds.,Finance - NBFC,40.53
KJMCFIN.NS,KJMC Financial Serv,Finance - NBFC,30.22
130581.BO,Ekam leas.& Fin. Co.,Finance - NBFC,3.19
130469.BO,GSL Securities,Finance - NBFC,15.21
130547.BO,Ken FinancialService,Finance - NBFC,4.2
130341.BO,Mukesh Babu Fin Serv,Finance - NBFC,93.35
130601.BO,Jagsonpal Services,Finance - NBFC,96.67
130709.BO,Gowra Leasing & Fin.,Finance - NBFC,69.11
130669.BO,ACE Engitech,Finance - NBFC,8.19
130747.BO,Challani Capital,Finance - NBFC,26.7
130789.BO,Ceejay Finance,Finance - NBFC,55.15
130577.BO,Ladderup Finance,Finance - NBFC,54.5
130779.BO,Dynamic PFM & Serv.,Finance - NBFC,16.66
130557.BO,NCL Research & Fin,Finance - NBFC,109.89
131212.BO,Nalin Lease Finance,Finance - NBFC,26.59
130765.BO,Agarwal FortuneIndia,Finance - NBFC,6.34
131003.BO,Swarna Securities,Finance - NBFC,27
131254.BO,Optimus Finance,Finance - NBFC,110.89
131091.BO,United Credit,Finance - NBFC,12.04
131199.BO,Glance Finance,Finance - NBFC,38.35
131288.BO,Lead Financial Serv.,Finance - NBFC,5.35
131255.BO,Paragon Finance,Finance - NBFC,22.82
131283.BO,Cindrella Finl. Serv,Finance - NBFC,4.16
131137.BO,Gemstone Investments,Finance - NBFC,63.23
130663.BO,Goyal Associates,Finance - NBFC,5.72
131314.BO,Integra Capital,Finance - NBFC,6.45
131502.BO,Esaar India,Finance - NBFC,108.79
131390.BO,Upsurge Invest.&Fin.,Finance - NBFC,146.46
131758.BO,GK Consultants,Finance - NBFC,13.4
131360.BO,Golechha Global Fin,Finance - NBFC,14.55
131644.BO,Tokyo Finance,Finance - NBFC,12.2
131737.BO,Greencrest Financial,Finance - NBFC,20.47
131310.BO,Available Finance,Finance - NBFC,147.04
131841.BO,Indus Finance,Finance - NBFC,239.19
208432.BO,Innovassynth Techno,Finance - NBFC,1311.66
131387.BO,Hasti Finance,Finance - NBFC,8.67
131878.BO,Anjani Finance,Finance - NBFC,8.84
132100.BO,Indo-City Infotech,Finance - NBFC,13.21
223951.BO,Prime Capital Market,Finance - NBFC,5.77
232042.BO,Abhishek Finlease,Finance - NBFC,29.46
222731.BO,Saumya Consultants,Finance - NBFC,83.57
131417.BO,Mega Corporation,Finance - NBFC,53.4
224959.BO,Futuristic Solutions,Finance - NBFC,42.39
132057.BO,Abhinav Capital Serv,Finance - NBFC,74.09
242563.BO,Comfort Fincap,Finance - NBFC,74.33
241877.BO,Kiran Vyapar,Finance - NBFC,560.44
225000.BO,Integrated Cap. Serv,Finance - NBFC,12.95
220064.BO,Supra PacificFin.Ser,Finance - NBFC,168.94
243561.BO,Continental Secur.,Finance - NBFC,67.35
244216.BO,Smart Finsec,Finance - NBFC,25.17
244732.BO,Advik Capital,Finance - NBFC,68.15
244248.BO,KIFS Financial Serv.,Finance - NBFC,118.62
221688.BO,Helpage Finlease,Finance - NBFC,21.19
243868.BO,Garbi Finvest,Finance - NBFC,10.31
244796.BO,RSD Finance,Finance - NBFC,125.26
243245.BO,ARC Finance,Finance - NBFC,42.7
244847.BO,AMPL Capital,Finance - NBFC,179.28
245539.BO,Sangam Finserv,Finance - NBFC,177.41
248008.BO,TTI Enterprise,Finance - NBFC,18.29
248164.BO,Virat Leasing,Finance - NBFC,158.36
244786.BO,Richfield Finl. Ser.,Finance - NBFC,18.74
244515.BO,NEIL Industries,Finance - NBFC,13.39
248241.BO,Worth Invest & Trdg.,Finance - NBFC,135.31
272591.BO,Emerald Finance,Finance - NBFC,188.21
275120.BO,BFL Asset Finvest,Finance - NBFC,7.02
272519.BO,Panafic Industrials,Finance - NBFC,126.14
311025.BO,Swati Projects,Finance - NBFC,40.02
285017.BO,Leading Leasing Fin.,Finance - NBFC,69.32
284323.BO,Marg Techno Project,Finance - NBFC,72.95
289761.BO,Unifinz CapitalIndia,Finance - NBFC,455.96
130829.BO,Cil Securities,Finance - NBFC,18.91
271745.BO,Kalyan Capitals,Finance - NBFC,35.45
270064.BO,Brilliant Portfolios,Finance - NBFC,3.18
111543.BO,GSB Finance,Finance - NBFC,31.94
111451.BO,Dharani Finance,Finance - NBFC,6.49
126883.BO,Shikhar Consultants,Finance - NBFC,5.1
130985.BO,JPT Securities,Finance - NBFC,5.27
131572.BO,Ranjit Securities,Finance - NBFC,16.07
131591.BO,Bampsl Securities,Finance - NBFC,61.91
243680.BO,Easun Capital Market,Finance - NBFC,25.23
101386.BO,E & E Enterprises,Finance - NBFC,0.59
101351.BO,Rapid Investments,Finance - NBFC,19.78
245253.BO,Scintilla Commercial,Finance - NBFC,10.38
101311.BO,Jayabharat Credit,Finance - NBFC,6.75
101261.BO,Lords Mark Inds.,Finance - NBFC,3691.66
104397.BO,Ganesh Holdings,Finance - NBFC,9.12
103669.BO,KK Fincorp,Finance - NBFC,32.27
108963.BO,Trustwave Securities,Finance - NBFC,4.57
107962.BO,Fynx Capital,Finance - NBFC,121
108980.BO,Frontier Capital,Finance - NBFC,17.23
111016.BO,Premier Capital Serv,Finance - NBFC,17.86
111539.BO,Supra Trends,Finance - NBFC,32.6
111688.BO,Mathew EasowResearch,Finance - NBFC,9.23
101700.BO,India Nivesh,Finance - NBFC,25.78
111710.BO,CFSL,Finance - NBFC,36.56
112153.BO,M Lakhamsi Inds.,Finance - NBFC,6.6
111730.BO,BYLD Capital Finance,Finance - NBFC,29.71
111593.BO,Libord Finance,Finance - NBFC,26.16
130571.BO,Explicit Finance,Finance - NBFC,6.81
126071.BO,Stellant Securities,Finance - NBFC,588.98
112481.BO,Polytex India,Finance - NBFC,6.16
111728.BO,KZ Leasing & Finance,Finance - NBFC,5.65
112591.BO,Pulsar International,Finance - NBFC,18.85
107948.BO,Key Corp.,Finance - NBFC,44.4
130855.BO,GDL Leasing & Fin.,Finance - NBFC,32.68
131237.BO,Dhruva Capital Serv.,Finance - NBFC,61.98
126887.BO,Indo Credit Capital,Finance - NBFC,5.81
131341.BO,Ashtasidhhi Inds.,Finance - NBFC,10.25
131433.BO,Sungold Capital,Finance - NBFC,5.23
111557.BO,Pro Fin Capital Serv,Finance - NBFC,150.52
131051.BO,Vintage Securities,Finance - NBFC,5.28
131235.BO,Citi Port Finl. Serv,Finance - NBFC,14.88
131582.BO,Beryl Securities,Finance - NBFC,13.71
131505.BO,Indergiri Finance,Finance - NBFC,11.65
131646.BO,RFL International,Finance - NBFC,0
131826.BO,Dee Kartavya Fin.,Finance - NBFC,0
131863.BO,Sigrun Holdings,Finance - NBFC,0
131274.BO,Kinetic Trust,Finance - NBFC,18.74
132007.BO,Shreevatsa Fin.&Lsg.,Finance - NBFC,24.29
243351.BO,BP Capital,Finance - NBFC,5.92
131509.BO,Step Two Corporation,Finance - NBFC,22.78
243672.BO,Dynamic Archistruct.,Finance - NBFC,24.99
245327.BO,Sonal Mercantile,Finance - NBFC,131.14
244784.BO,RGF Capital Markets,Finance - NBFC,22.5
243421.BO,Capital Trade Links,Finance - NBFC,368.4
206227.BO,Adcon Capital Serv.,Finance - NBFC,9.52
271980.BO,Asia Capital,Finance - NBFC,35.23
244361.BO,Mangalam Indl. Fin.,Finance - NBFC,85.51
255366.BO,Typhoon Finl. Serv.,Finance - NBFC,7.8
131515.BO,Mahan Industries,Finance - NBFC,5.49
285838.BO,Classic Leasing &Fin,Finance - NBFC,72.28
267112.BO,Raama Finance,Finance - NBFC,139.11
244263.BO,Krishna Capital&Sec.,Finance - NBFC,15.48
131902.BO,Gallops Enterprises,Finance - NBFC,19.54
301127.BO,Rita Fin. & Leasing,Finance - NBFC,10.48
279174.BO,Geetanjali Credit,Finance - NBFC,3.58
222546.BO,Gilada Finance & Inv,Finance - NBFC,17.8
314380.BO,Purple Finance,Finance - NBFC,420.29
101945.BO,Dhenu Buildcon Infra,Finance - NBFC,3856.97
274802.BO,Northlink Fiscal⋒,Finance - NBFC,21.26
111756.BO,Abirami Finl.& Serv.,Finance - NBFC,18.78
224766.BO,ACME Resources,Finance - NBFC,72.52
132164.BO,Minolta Finance,Finance - NBFC,72.5
285139.BO,Ontic Finserve,Finance - Others,16.29
BSE.NS,BSE,Finance - Others,139080.31
112103.BO,Nidhi Granites,Finance - Others,227.84
MFSL.NS,Max Financial Serv.,Finance - Others,53437.57
282829.BO,Viram Suvarn,Finance - Others,117.66
279103.BO,Navigant Corp.Advis.,Finance - Others,22.99
130805.BO,Onesource Inds.& Ven,Finance - Others,15.74
319994.BO,Sodhani Capital,Finance - Others,54.42
ANANDRATHI.NS,Anand Rathi Wealth,Finance - Others,36793.08
PRUDENT.NS,Prudent Corporate,Finance - Others,13861.3
CENTRUM.NS,Centrum Capital,Finance - Others,1097.8
208811.BO,National Stock Exch.,Finance - Others,
DELPHIFX.NS,Delphi World Money,Finance - Others,148.14
246015.BO,Interactive Finl.Ser,Finance - Others,9.05
238968.BO,Caspian Corpo. Serv.,Finance - Others,44.54
131327.BO,Charms Industries,Finance - Others,2.82
313001.BO,Pune E - Stock Brok,Finance - Stock Broking,466.24
225034.BO,My Money Securities,Finance - Stock Broking,63.57
EMKAY.NS,EmkayGlobal Finl.Ser,Finance - Stock Broking,739.63
244810.BO,NAM Securities,Finance - Stock Broking,45.14
103622.BO,SV Trading&Agencies,Finance - Stock Broking,13.18
111654.BO,Sugal & Damani Share,Finance - Stock Broking,37.74
131672.BO,Inani Securities,Finance - Stock Broking,14.29
229933.BO,Amrapali Cap. & Fin,Finance - Stock Broking,56.09
267549.BO,Fruition Venture,Finance - Stock Broking,15.07
111636.BO,DJS Stock & Shares,Finance - Stock Broking,21.13
MCX.NS,Multi Commodity Exch,Finance - Stock Broking,83520.03
ANGELONE.NS,Angel One,Finance - Stock Broking,27402.81
MOTILALOFS.NS,Motilal Oswal Fin,Finance - Stock Broking,62460.92
NUVAMA.NS,Nuvama Wealth Mgmnt.,Finance - Stock Broking,33446.67
IIFLCAPS.NS,IIFL Capital Service,Finance - Stock Broking,10753.9
222694.BO,Quality Synthetic,Finance - Stock Broking,0
224202.BO,MEMG Securities,Finance - Stock Broking,0
232704.BO,Madhusudan Holdings,Finance - Stock Broking,0
221084.BO,Globe Capital Market,Finance - Stock Broking,0
225001.BO,Jai Commercial Co,Finance - Stock Broking,0
220068.BO,Atoz Securities,Finance - Stock Broking,0
227550.BO,Saaketa Consultants,Finance - Stock Broking,0
222754.BO,Nakamichi Securities,Finance - Stock Broking,0
200194.BO,Crescent Finstock,Finance - Stock Broking,0
237537.BO,Hindustan Gen. Inds.,Finance - Stock Broking,0
245004.BO,RRM Shares & Sec.,Finance - Stock Broking,0
225077.BO,Manglam India,Finance - Stock Broking,0
STEELCITY.NS,Steel City Sec.,Finance - Stock Broking,129.24
245121.BO,Singhania Brothers,Finance - Stock Broking,0
245083.BO,Securities Develop,Finance - Stock Broking,0
245180.BO,Subh Shree Comml. Co,Finance - Stock Broking,0
245148.BO,SPT Securities,Finance - Stock Broking,0
245466.BO,Merry Share Fin,Finance - Stock Broking,0
245843.BO,Ajay Multi Projects,Finance - Stock Broking,0
269315.BO,Sharp Commercial Ent,Finance - Stock Broking,0
239136.BO,National Commodity,Finance - Stock Broking,
268598.BO,Krico Traders,Finance - Stock Broking,0
255364.BO,Twenty First Cen.Sec,Finance - Stock Broking,0
269515.BO,Universal Share Trdg,Finance - Stock Broking,0
269216.BO,SG Capital Services,Finance - Stock Broking,0
246609.BO,Time Plus Securities,Finance - Stock Broking,0
287830.BO,Impala Industrial En,Finance - Stock Broking,0
CHOICEIN.NS,Choice International,Finance - Stock Broking,16952.18
360ONE.NS,360 One Wam,Finance - Stock Broking,46340.08
PRIMESECU.NS,Prime Securities,Finance - Stock Broking,966.17
DOLATALGO.NS,Dolat Algotech,Finance - Stock Broking,1248.02
ALGOQUANT.NS,Algoquant Fintech,Finance - Stock Broking,1813.07
DBSTOCKBRO.NS,DB Intnl.StockBroker,Finance - Stock Broking,100.21
ALANKIT.NS,Alankit,Finance - Stock Broking,220.72
KHANDSE.NS,Khandwala Securities,Finance - Stock Broking,28.04
ALMONDZ.NS,Almondz Global Sec.,Finance - Stock Broking,312.9
GEOJITFSL.NS,Geojit Finl. Service,Finance - Stock Broking,2308.9
ARIHANTCAP.NS,Arihant Capital Mkt.,Finance - Stock Broking,873.5
BLBLIMITED.NS,BLB,Finance - Stock Broking,88.18
INDBANK.NS,Indbank Merchant,Finance - Stock Broking,126.83
GATECH.NS,GACM Technologies,Finance - Stock Broking,145.39
SMCGLOBAL.NS,SMC Global Sec.,Finance - Stock Broking,1701.38
BIRLAMONEY.NS,Aditya Birla Money,Finance - Stock Broking,714.11
INVENTURE.NS,Inventure Growth&Sec,Finance - Stock Broking,97.65
ARSSBL.NS,Anand Rathi Share,Finance - Stock Broking,3248.23
GATECHDVR.NS,GACM Tech. - (DVR),Finance - Stock Broking,32.86
SHAREINDIA.NS,Share India Sec.,Finance - Stock Broking,3730.98
5PAISA.NS,5Paisa Capital,Finance - Stock Broking,1603.84
246306.BO,Alacrity Securities,Finance - Stock Broking,195.18
MONARCH.NS,Monarch Networth Cap,Finance - Stock Broking,2997.06
242485.BO,GCM Securities,Finance - Stock Broking,12.35
270151.BO,Meghna Infracon Inf.,Finance - Stock Broking,1557.7
317388.BO,Rikhav Securities,Finance - Stock Broking,172.31
HYBRIDFIN.NS,Hybrid Finl. Service,Finance - Stock Broking,49.07
131169.BO,SKP Securities,Finance - Stock Broking,69.76
131821.BO,Munoth FinancialServ,Finance - Stock Broking,29.63
132053.BO,Wallfort Finl. Serv.,Finance - Stock Broking,77.87
105343.BO,Monotype India,Finance - Stock Broking,21.09
109760.BO,Modern Shares &Stock,Finance - Stock Broking,10.84
111535.BO,NDA Securities,Finance - Stock Broking,16.06
111122.BO,First Custodian Fund,Finance - Stock Broking,9.29
111712.BO,Relic Technologies,Finance - Stock Broking,38.02
130171.BO,Daulat Securities,Finance - Stock Broking,14.53
130357.BO,KBS India,Finance - Stock Broking,14.93
130585.BO,Swastika Investmart,Finance - Stock Broking,340.87
131600.BO,Gogia Capital Growth,Finance - Stock Broking,31.61
214907.BO,Aryan Share & Stock,Finance - Stock Broking,5.52
221423.BO,LKP Securities,Finance - Stock Broking,126.42
237981.BO,Comfort Commotrade,Finance - Stock Broking,14.68
270025.BO,Gajanan Sec. Service,Finance - Stock Broking,16.93
131550.BO,Jhaveri Credits⋒,Finance - Stock Broking,189.68
132304.BO,KJMC Corporate Advs.,Finance - Stock Broking,24.85
130763.BO,Sunbright Stock,Finance - Stock Broking,0
131720.BO,Alpha Graphic India,Finance - Stock Broking,0
111200.BO,Munoth Capital Mkts.,Finance - Stock Broking,91.43
IFCI.NS,IFCI,Finance Term Lending,27314.96
FINBUD.NS,Finbud Finl. Service,Finance Term Lending,253.36
PFC.NS,Power Finance Corpn.,Finance Term Lending,117351.62
RECLTD.NS,REC,Finance Term Lending,83920.85
IRFC.NS,Indian Railway Fin.,Finance Term Lending,108991.34
130927.BO,Haryana Finanl. Corp,Finance Term Lending,1203.38
TFCILTD.NS,Tourism Finance Corp,Finance Term Lending,6632.61
TRU.NS,TruCap Finance,Finance Term Lending,48.14
GUJSTATFIN.NS,Guj. State Fin. Corp,Finance Term Lending,87.51
VERTIS.NS,Vertis Infrastruct.,Finance Term Lending,0
SATIN.NS,Satin Creditcare Net,Finance Term Lending,2438.65
226450.BO,Mahaveer Finance Ind,Finance Term Lending,0
SUVIDHAA.NS,Suvidhaa Infoserve,Fintech,50.77
PINELABS.NS,Pine Labs,Fintech,19196.74
GROWW.NS,Billionbrains Garage,Fintech,121707.77
PAYTM.NS,One97 Communications,Fintech,106474.82
CCAVENUE.NS,AvenuesAI,Fintech,
MOS.NS,MOS Utility,Fintech,194.37
STYL.NS,Seshaasai Tech.,Fintech,6205.25
RNFI.NS,RNFI Services,Fintech,758.55
TURTLEMINT.NS,Turtlemint Fintech,Fintech,
POLICYBZR.NS,PB Fintech,Fintech,84950.78
303380.BO,India1 Payment,Fintech,
210582.BO,Paymate India,Fintech,
INFIBEAM.NS,AvenuesAI,Fintech,5489.38
MOBIKWIK.NS,One Mobikwik Systems,Fintech,1512.89
132159.BO,Trescon,Floriculture,53.47
268169.BO,Farmtek Agro Exports,Floriculture,0
268496.BO,Jayasilpa Floritech,Floriculture,0
KSR.NS,KSR Footwear,Footwear,63.61
131680.BO,Mayur LeatherProduct,Footwear,16.93
123242.BO,NB Footwear,Footwear,4.2
114412.BO,Sarup Industries,Footwear,38.38
SUPERHOUSE.NS,Superhouse,Footwear,186.58
132829.BO,Lehar Footwears,Footwear,378.24
BATAINDIA.NS,Bata india,Footwear,8646.69
CAMPUS.NS,Campus Activewear,Footwear,6823.99
LIBERTSHOE.NS,Liberty Shoes,Footwear,397.49
MIRZAINT.NS,Mirza International,Footwear,427.87
RELAXO.NS,Relaxo Footwears,Footwear,8582.16
242734.BO,ACE Exports,Footwear,0
FORGEAUTO.NS,Forge Auto Internl.,Forgings,114.66
PSFL.NS,Paramount Speciality,Forgings,66.92
113418.BO,Smiths & Founders,Forgings,118.52
TIRUPATIFL.NS,Tirupati Forge,Forgings,897.93
BALUFORGE.NS,Balu Forge Inds.,Forgings,6969.11
METALFORGE.NS,Metalyst Forgings,Forgings,17.64
KALYANIFRG.NS,Kalyani Forge,Forgings,393.29
GANGAFORGE.NS,Ganga Forging,Forgings,56.62
319931.BO,Advance Technoforge,Forgings,60.05
RKFORGE.NS,Ramkrishna Forgings,Forgings,12767.39
BHARATFORG.NS,Bharat Forge,Forgings,93514.14
HAPPYFORGE.NS,Happy Forgings,Forgings,21126.68
MMFL.NS,MM Forgings,Forgings,3042.22
213483.BO,Logwell Forge Limited,Forgings,0
PATTECH.NS,Pattech Fitwell Tube,Forgings,107.93
HILTON.NS,Hilton Metal Forging,Forgings,95.88
311807.BO,Amic Forging,Forgings,2492.05
113369.BO,Krishanveer Forge,Forgings,145.49
209159.BO,Samrat Forgings,Forgings,121
LGBFORGE.NS,LGB Forge,Forgings,149.35
ELFORGE.NS,EL Forge,Forgings,37.11
303707.BO,Shashwat Furnishing,Furniture and Home Furnishing,18.04
288227.BO,Milestone Furniture,Furniture and Home Furnishing,23.32
312706.BO,Magenta Lifecare,Furniture and Home Furnishing,5.62
MDL.NS,Marvel Decor,Furniture and Home Furnishing,109.99
SAFEENTP.NS,Safe Enterprises,Furniture and Home Furnishing,1272.3
AHLADA.NS,Ahlada Engineers,Furniture and Home Furnishing,48.18
IGL.NS,Indraprastha Gas,Gas Transmission/Marketing,22125.63
MGL.NS,Mahanagar Gas,Gas Transmission/Marketing,10831.97
ATGL.NS,Adani Total Gas,Gas Transmission/Marketing,67346.87
312318.BO,Rudra Gas Enterprise,Gas Transmission/Marketing,62.58
GAIL.NS,GAIL (India),Gas Transmission/Marketing,114012.23
GUJENERGY.NS,Gujarat Energy,Gas Transmission/Marketing,
CFEL.NS,Confidence Futurist.,Gas Transmission/Marketing,
GUJGASLTD.NS,Gujarat Energy,Gas Transmission/Marketing,34559.41
200513.BO,Eastern Gases,Gas Transmission/Marketing,0
282191.BO,Confidence Futurist.,Gas Transmission/Marketing,81.26
AGARWALTUF.NS,Agarwal Toughened,Glass,271.73
LAOPALA.NS,La Opala RG,Glass,1930.29
HALDYNGL.NS,Haldyn Glass,Glass,
BORORENEW.NS,Borosil Renewables,Glass,7346.67
BOROSCI.NS,Borosil Scientific,Glass,1175.58
123467.BO,Jai Mata Glass,Glass,28.9
SEJALLTD.NS,Sejal Glass,Glass,749.55
ASAHIINDIA.NS,Asahi India Glass,Glass,24368.49
243443.BO,Central Scientific,Glass,0
255377.BO,Union Company,Glass,0
BANARBEADS.NS,Banaras Beads,Glass,75.15
115147.BO,Haldyn Glass,Glass,793.91
TRIVENSHET.NS,Triveni Glass,Glass,8.52
SANGANI.NS,Sangani Hospitals,Hospital & Healthcare Services,75.22
KAYA.NS,Kaya,Hospital & Healthcare Services,524.12
287812.BO,Aspira Pathlab&Diagn,Hospital & Healthcare Services,99.84
304332.BO,Global Longlife Hosp,Hospital & Healthcare Services,12.88
ARTEMISMED.NS,Artemis MedicareServ,Hospital & Healthcare Services,5268.43
313445.BO,Broach Lifecare Hosp,Hospital & Healthcare Services,9.41
NIDAN.NS,Nidan Labs. & Health,Hospital & Healthcare Services,19.6
222079.BO,Soni Medicare,Hospital & Healthcare Services,29.58
288618.BO,Dr Lalchandani Labs,Hospital & Healthcare Services,6.6
ABH.NS,ABH Healthcare,Hospital & Healthcare Services,
APOLLOHOSP.NS,Apollo Hospital Ent.,Hospital & Healthcare Services,124373.73
MAXHEALTH.NS,Max Healthcare Inst.,Hospital & Healthcare Services,95851.59
NH.NS,Narayana Hrudayalay.,Hospital & Healthcare Services,37980.46
LALPATHLAB.NS,Dr. Lal Pathlabs,Hospital & Healthcare Services,31513.62
MANIPALHOS.NS,Manipal Health Enter,Hospital & Healthcare Services,
MADHAVBAUG.NS,Vaidya Sane Ayur Lab,Hospital & Healthcare Services,168.74
245400.BO,Keshlata Cancer Hosp,Hospital & Healthcare Services,0
217625.BO,VLCC Health Care,Hospital & Healthcare Services,
AATMAJ.NS,Aatmaj Healthcare,Hospital & Healthcare Services,41.25
255363.BO,Twenty First Cen.Med,Hospital & Healthcare Services,0
INVICTA.NS,Invicta Diagnostic,Hospital & Healthcare Services,85.49
UNIHEALTH.NS,Unihealth Hospitals,Hospital & Healthcare Services,1151.16
MAITREYA.NS,Maitreya Medicare,Hospital & Healthcare Services,81.31
CHANDAN.NS,Chandan Healthcare,Hospital & Healthcare Services,517.16
NEPHROCARE.NS,Nephro Care India,Hospital & Healthcare Services,154.23
291874.BO,Star Health Sciences,Hospital & Healthcare Services,
318914.BO,Gaudium IVF & Women,Hospital & Healthcare Services,847.46
KRMAYURVED.NS,KRM Ayurveda,Hospital & Healthcare Services,611.99
319929.BO,Hannah Joseph Hospit,Hospital & Healthcare Services,260.12
321327.BO,ABH Healthcare,Hospital & Healthcare Services,92.24
FORTIS.NS,Fortis Healthcare,Hospital & Healthcare Services,68323.71
HCG.NS,Healthcare Global,Hospital & Healthcare Services,10454.14
METROPOLIS.NS,Metropolis Health.,Hospital & Healthcare Services,12208.91
AGARWALEYE.NS,Dr. Agarwal''s Health,Hospital & Healthcare Services,16298.32
KIMS.NS,Krishna Inst.Medi,Hospital & Healthcare Services,32092.7
ASTERDM.NS,Aster DM Quality,Hospital & Healthcare Services,68491.66
RAINBOW.NS,RainbowChildrenS Med,Hospital & Healthcare Services,14698.72
JLHL.NS,Jupiter Life Line,Hospital & Healthcare Services,9390.69
YATHARTH.NS,Yatharth Hospital,Hospital & Healthcare Services,9549.68
VIJAYA.NS,Vijaya Diagnostic,Hospital & Healthcare Services,15379.62
MEDANTA.NS,Global Health,Hospital & Healthcare Services,39518.77
124520.BO,KMC Speciality Hosp.,Hospital & Healthcare Services,2254.49
KOVAI.NS,Kovai Medical Center,Hospital & Healthcare Services,6633.75
LOTUSEYE.NS,Lotus Eye Hospital,Hospital & Healthcare Services,227.57
INDRAMEDCO.NS,Indraprastha Medical,Hospital & Healthcare Services,3205.8
126783.BO,Dr Agarwals Eye Hosp,Hospital & Healthcare Services,2620.6
THYROCARE.NS,Thyrocare Tech.,Hospital & Healthcare Services,9170.31
SHALBY.NS,Shalby,Hospital & Healthcare Services,1649.42
SURAKSHA.NS,Suraksha Diagnostic,Hospital & Healthcare Services,1731.42
GPTHEALTH.NS,GPT Healthcare,Hospital & Healthcare Services,1297.86
PARKHOSPS.NS,Park Medi World,Hospital & Healthcare Services,12364.02
GKSL.NS,Guj. Kidney & Super,Hospital & Healthcare Services,1362.49
NEPHROPLUS.NS,Nephrocare Health,Hospital & Healthcare Services,7009.47
KRSNAA.NS,Krsnaa Diagnostics,Hospital & Healthcare Services,1816.57
302649.BO,Aashka Hospitals,Hospital & Healthcare Services,198.55
309896.BO,KK Shah Hospitals,Hospital & Healthcare Services,28.6
313713.BO,Clinitech Laboratory,Hospital & Healthcare Services,8.01
317253.BO,Shanmuga Hospital,Hospital & Healthcare Services,59.9
319916.BO,Star Imaging & Path,Hospital & Healthcare Services,151.76
319991.BO,Modern Diagnostic,Hospital & Healthcare Services,75.48
309875.BO,Asarfi Hospital Ltd.,Hospital & Healthcare Services,387.05
116110.BO,Family Care Hospital,Hospital & Healthcare Services,11.13
123489.BO,Chennai Meena Multi,Hospital & Healthcare Services,28.01
124548.BO,Sharma East Hospital,Hospital & Healthcare Services,31.52
123696.BO,Fortis MalarHospital,Hospital & Healthcare Services,84.88
130897.BO,NG Industries,Hospital & Healthcare Services,38.8
275502.BO,Tejnaksh Healthcare,Hospital & Healthcare Services,28.32
235528.BO,Looks Health Service,Hospital & Healthcare Services,10.55
131043.BO,DhanvantriJeevan Rek,Hospital & Healthcare Services,11.35
295626.BO,Gian Life Care,Hospital & Healthcare Services,4.98
SAYAJIHOTL.NS,Sayaji Hotels,"Hotel, Resort & Restaurants",559.44
HAVISHA.NS,Sri Havisha Hospital,"Hotel, Resort & Restaurants",21.65
SAVERA.NS,Savera Industries,"Hotel, Resort & Restaurants",201.58
294470.BO,Roopshri Resorts,"Hotel, Resort & Restaurants",49.23
SAJHOTELS.NS,Saj Hotels,"Hotel, Resort & Restaurants",61.11
287228.BO,MAC Hotels,"Hotel, Resort & Restaurants",33.75
126755.BO,Velan Hotels,"Hotel, Resort & Restaurants",17.93
107265.BO,Emerald Leisures,"Hotel, Resort & Restaurants",435.99
TATIASKYLN.NS,Ashram Online.Com,"Hotel, Resort & Restaurants",7.08
ARUNASUGAR.NS,Aruna Hotels,"Hotel, Resort & Restaurants",24.37
INDHOTEL.NS,The Indian Hotels Co,"Hotel, Resort & Restaurants",102487.12
ITCHOTELS.NS,ITC Hotels,"Hotel, Resort & Restaurants",33584.3
EIHOTEL.NS,EIH,"Hotel, Resort & Restaurants",18254.38
CHALET.NS,Chalet Hotels,"Hotel, Resort & Restaurants",19638.3
SAMHI.NS,Samhi Hotels,"Hotel, Resort & Restaurants",3424.12
219609.BO,Mansingh Hotels,"Hotel, Resort & Restaurants",0
APOLSINHOT.NS,Apollo SindooriHotel,"Hotel, Resort & Restaurants",316.75
241273.BO,Rajdhani Atithalya,"Hotel, Resort & Restaurants",0
244821.BO,Nehru Place Hotels,"Hotel, Resort & Restaurants",0
GIRRESORTS.NS,GIR NatureviewResort,"Hotel, Resort & Restaurants",202.29
284751.BO,Four Seasons Resid.,"Hotel, Resort & Restaurants",
243128.BO,Bihar Hotels,"Hotel, Resort & Restaurants",0
243679.BO,Eastwest Hotels Ltd.,"Hotel, Resort & Restaurants",0
GCHOTELS.NS,Grand ContinentHotel,"Hotel, Resort & Restaurants",248.82
SUBAHOTELS.NS,Suba Hotels,"Hotel, Resort & Restaurants",238.3
LEMONTREE.NS,Lemon Tree Hotels,"Hotel, Resort & Restaurants",8314.63
ASIANHOTNR.NS,Asian Hotels (North),"Hotel, Resort & Restaurants",1640.31
109438.BO,Benares Hotels,"Hotel, Resort & Restaurants",1326
ORIENTHOT.NS,Oriental Hotels,"Hotel, Resort & Restaurants",2499.14
CCHHL.NS,Country Club & Hosp.,"Hotel, Resort & Restaurants",206.13
HLVLTD.NS,HLV,"Hotel, Resort & Restaurants",427.2
BLUECOAST.NS,Blue Coast Hotels,"Hotel, Resort & Restaurants",46.23
EIHAHOTELS.NS,EIH Associated Hotel,"Hotel, Resort & Restaurants",1813.77
BYKE.NS,The Byke Hospitality,"Hotel, Resort & Restaurants",167.87
SINCLAIR.NS,Sinclairs Hotels,"Hotel, Resort & Restaurants",428.02
KAMATHOTEL.NS,Kamat Hotels (India),"Hotel, Resort & Restaurants",664.81
ADVANIHOTR.NS,Advani Hotel&Resorts,"Hotel, Resort & Restaurants",457.11
131637.BO,Praveg,"Hotel, Resort & Restaurants",695.73
ITDC.NS,Ind Tourism Dev Corp,"Hotel, Resort & Restaurants",5526.55
ROHLTD.NS,Royal Orchid Hotels,"Hotel, Resort & Restaurants",818.78
TAJGVK.NS,Krishna GVK Luxury,"Hotel, Resort & Restaurants",2085.14
THELEELA.NS,Leela Palaces Hotels,"Hotel, Resort & Restaurants",18502.94
RHL.NS,Robust Hotels,"Hotel, Resort & Restaurants",290.31
MHRIL.NS,Mahindra Holi.&Resor,"Hotel, Resort & Restaurants",4190.9
JUNIPER.NS,Juniper Hotels,"Hotel, Resort & Restaurants",4824.3
PARKHOTELS.NS,Apeejay Surrendra,"Hotel, Resort & Restaurants",2393.63
VENTIVE.NS,Ventive Hospitality,"Hotel, Resort & Restaurants",13736.92
BRIGHOTEL.NS,Brigade Hotel Ven.,"Hotel, Resort & Restaurants",2248.29
AHLEAST.NS,Asian Hotels (East),"Hotel, Resort & Restaurants",236.05
ADVENTHTL.NS,Advent Hotels Inter.,"Hotel, Resort & Restaurants",725.91
TGBHOTELS.NS,TGB Banquets & Hotel,"Hotel, Resort & Restaurants",27.76
318526.BO,Valencia India,"Hotel, Resort & Restaurants",23.79
316247.BO,Jungle Camps India,"Hotel, Resort & Restaurants",66.02
305751.BO,Silver Pearl Hospit.,"Hotel, Resort & Restaurants",3.56
126628.BO,Ajwa Fun World & Res,"Hotel, Resort & Restaurants",23.39
UNIVAFOODS.NS,Univa Foods,"Hotel, Resort & Restaurants",12.93
VHLTD.NS,Viceroy Hotels,"Hotel, Resort & Restaurants",907.64
107960.BO,Gujarat Hotels,"Hotel, Resort & Restaurants",70.07
107966.BO,Ras Resorts & Apart,"Hotel, Resort & Restaurants",21.73
107836.BO,Mac Charles (India),"Hotel, Resort & Restaurants",877.41
109546.BO,Graviss Hospitality,"Hotel, Resort & Restaurants",207.33
107981.BO,Jindal Hotels,"Hotel, Resort & Restaurants",46.79
114402.BO,Eco Hotels & Resorts,"Hotel, Resort & Restaurants",60.51
126640.BO,Royale Manor Hotels,"Hotel, Resort & Restaurants",58.68
126761.BO,Howard Hotels,"Hotel, Resort & Restaurants",18.59
108664.BO,Best Eastern Hotels,"Hotel, Resort & Restaurants",26.83
109960.BO,UP Hotels,"Hotel, Resort & Restaurants",749.52
132124.BO,Reliable Ventures,"Hotel, Resort & Restaurants",28.63
254155.BO,HBG Hotels,"Hotel, Resort & Restaurants",154.59
311502.BO,Sayaji Hotel(Indore),"Hotel, Resort & Restaurants",381.1
205701.BO,CHL,"Hotel, Resort & Restaurants",154.53
130065.BO,Lords Ishwar Hotels,"Hotel, Resort & Restaurants",12.06
311503.BO,Sayaji Hotels (Pune),"Hotel, Resort & Restaurants",255.49
132145.BO,HS India,"Hotel, Resort & Restaurants",17.76
229672.BO,West Leisure Resorts,"Hotel, Resort & Restaurants",21.98
126959.BO,Woodsvilla,"Hotel, Resort & Restaurants",9.21
REXPRO.NS,Rexpro Enterprises,Household & Personal Products,44.15
124136.BO,Pee Cee Cosma Sope,Household & Personal Products,128.98
AMBICAAGAR.NS,Ambica Agarbathies,Household & Personal Products,51.36
113515.BO,Arur Footwear,Household & Personal Products,0.25
131819.BO,Nuway OrganicNatural,Household & Personal Products,35.46
OMFURN.NS,Omfurn India,Household & Personal Products,63.41
GALAXYSURF.NS,Galaxy Surfactants,Household & Personal Products,7675.95
295717.BO,Novateor Research,Household & Personal Products,19.37
322726.BO,HR Hygiene Products,Household & Personal Products,140.81
324483.BO,Sham Foam,Household & Personal Products,
HINDUNILVR.NS,Hindustan Unilever,Household & Personal Products,463668.34
DABUR.NS,Dabur India,Household & Personal Products,67570.02
GODREJCP.NS,Godrej Consumer Prod,Household & Personal Products,89846.17
COLPAL.NS,Colgate-Palmolive(I),Household & Personal Products,49751.61
EMAMILTD.NS,Emami,Household & Personal Products,15978.08
TRANSTEEL.NS,Transteel Seat Tech,Household & Personal Products,173.67
NAMAN.NS,Naman Industries Pro,Household & Personal Products,52.39
245452.BO,Manocha Polymers,Household & Personal Products,0
227275.BO,SSIPL Retail,Household & Personal Products,0
225608.BO,Avanti Leathers Ltd.,Household & Personal Products,0
243797.BO,Srinathji Projects,Household & Personal Products,0
ANONDITA.NS,Anondita Medicare,Household & Personal Products,2113.1
291967.BO,NELF Cosmetics,Household & Personal Products,
PARIN.NS,Parin Enterprises,Household & Personal Products,796.38
PGHH.NS,P&G Hygiene & Health,Household & Personal Products,24889.27
GILLETTE.NS,Gillette India,Household & Personal Products,23827.94
SFL.NS,Sheela Foam,Household & Personal Products,7063.27
JYOTHYLAB.NS,Jyothy Labs,Household & Personal Products,7400.84
SAFARI.NS,Safari Industries(I),Household & Personal Products,7547.55
CUPID.NS,Cupid,Household & Personal Products,38074.07
CARYSIL.NS,Carysil,Household & Personal Products,3244.73
WAKEFIT.NS,Wakefit Innovations,Household & Personal Products,5026.08
BAJAJCON.NS,Bajaj Consumer Care,Household & Personal Products,6760.15
AARTISURF.NS,Aarti Surfactants,Household & Personal Products,464.63
JHS.NS,JHS Svendgaard Labs.,Household & Personal Products,68.96
STANLEY.NS,Stanley Lifestyles,Household & Personal Products,773.94
131412.BO,Radix Industries (I),Household & Personal Products,228.56
123120.BO,Thrive Future Habita,Household & Personal Products,104.14
317471.BO,Nilachal Carbo Metal,Industrial  Gases & Fuels,344.49
109449.BO,Bhagawati Oxygen,Industrial  Gases & Fuels,8.71
109910.BO,The Southern Gas,Industrial  Gases & Fuels,0.06
NOL.NS,National Oxygen,Industrial  Gases & Fuels,29.8
254609.BO,Hilltone Software,Industrial  Gases & Fuels,52.94
113579.BO,Foundry Fuel Prod,Industrial  Gases & Fuels,4.15
PCCL.NS,Petro Carbon & Chem.,Industrial  Gases & Fuels,1050.12
124624.BO,Gagan Gases,Industrial  Gases & Fuels,9.04
IRMENERGY.NS,IRM Energy,Industrial  Gases & Fuels,1155.42
PETRONET.NS,Petronet LNG,Industrial  Gases & Fuels,43215
LINDEINDIA.NS,Linde India,Industrial  Gases & Fuels,54121.37
BHARATCOAL.NS,Bharat Coking Coal,Industrial  Gases & Fuels,15745.32
ELLEN.NS,Ellenbarrie Indl.Gas,Industrial  Gases & Fuels,4676.95
219254.BO,India Carbon,Industrial  Gases & Fuels,0
220167.BO,Rathi India,Industrial  Gases & Fuels,0
219392.BO,Asiatic Oxygen,Industrial  Gases & Fuels,0
241160.BO,Neon Fuel,Industrial  Gases & Fuels,0
222699.BO,Premier Cryogenics,Industrial  Gases & Fuels,0
267757.BO,Akshat Gases,Industrial  Gases & Fuels,0
STALLION.NS,Stallion India Fluor,Industrial  Gases & Fuels,2399.26
254949.BO,Rajasthan Cyl.&Cont.,Industrial  Gases & Fuels,10.08
131517.BO,Alang Inds Gas,Industrial  Gases & Fuels,0
126873.BO,Rajasthan Securities,Industrial  Gases & Fuels,439.72
112369.BO,Ennore Coke,Industrial  Gases & Fuels,0
NIACL.NS,New India Assurance,Insurance,37889.17
SBILIFE.NS,SBI Life Insurance,Insurance,178094.55
HDFCLIFE.NS,HDFC Life Insurance,Insurance,118710.26
CANHLIFE.NS,Canara HSBC Life Ins,Insurance,14936.85
GICRE.NS,General Ins. Corpn.,Insurance,62886.47
LICI.NS,Life Insurance Corp.,Insurance,525417.56
NIVABUPA.NS,Niva Bupa Health Ins,Insurance,14817.5
STARHEALTH.NS,Star Health & Allied,Insurance,32806.94
ICICIGI.NS,ICICI Lombard Gen.,Insurance,75440.02
217393.BO,PNB Met Life India,Insurance,
217382.BO,Reliance General Ins,Insurance,
ICICIPRULI.NS,ICICI PrudentialLife,Insurance,71760.99
GODIGIT.NS,Go Digit General Ins,Insurance,23885.98
UMESLTD.NS,Usha Martin Educatn.,IT - Education,13.45
317394.BO,Infonative Solutions,IT - Education,42.31
117063.BO,Jetking Infotrain,IT - Education,84.56
237613.BO,Jointeca Education,IT - Education,5.71
LCCINFOTEC.NS,LCC Infotech,IT - Education,64.23
EDUCOMP.NS,Educomp Solutions,IT - Education,11.02
EXCELSOFT.NS,Excelsoft Tech.,IT - Education,808.24
APTECHT.NS,Aptech,IT - Education,516.98
126709.BO,BITS,IT - Education,78.54
NIITMTS.NS,NIIT Learning System,IT - Education,3118.03
COMPUSOFT.NS,Compucom Software,IT - Education,103.02
225116.BO,Tactfull Investments,IT - Education,0
GTECJAINX.NS,G-Tec JainxEducation,IT - Education,29.82
NIITLTD.NS,NIIT,IT - Education,1355.69
107833.BO,Computer Point,IT - Education,10.47
131840.BO,IEC Education,IT - Education,46.56
UMIYA-MRO.NS,MRO-TEK Network,IT - Hardware,195.1
318337.BO,Unified Data- Tech,IT - Hardware,783.71
314383.BO,Mangal Compusolution,IT - Hardware,59.19
117494.BO,Accel,IT - Hardware,72.49
117044.BO,International Data,IT - Hardware,8.36
NELCO.NS,NELCO,IT - Hardware,2079.33
IVALUE.NS,Ivalue Infosolutions,IT - Hardware,1260.76
117356.BO,ACI Infocom,IT - Hardware,28.18
NETWEB.NS,Netweb Technologies,IT - Hardware,30871.11
DCI.NS,DC Infotech & Commu.,IT - Hardware,574.9
CONTROLPR.NS,Control Print,IT - Hardware,949.02
190033.BO,Schneider Electric,IT - Hardware,
227261.BO,Infonet IT Solutions,IT - Hardware,
PANACHE.NS,Panache Digilife,IT - Hardware,840.74
TVSELECT.NS,TVS Electronics,IT - Hardware,784.9
117119.BO,PCS Technology,IT - Hardware,39.81
104351.BO,Empower India,IT - Hardware,214.14
VXLINSTR.NS,VXL Instruments,IT - Hardware,4.05
251894.BO,ECS Biztech,IT - Hardware,27.13
317137.BO,Praruh Technologies,IT - Networking,177.05
ROXHITECH.NS,Rox Hi-Tech,IT - Networking,110.97
317284.BO,Takyon Networks,IT - Networking,25.42
SMARTLINK.NS,Smartlink Holdings,IT - Networking,213.28
DLINKINDIA.NS,D-Link (India),IT - Networking,1601.8
XTRANET.NS,Xtranet Technologies,IT - Software,
319197.BO,Icodex Publishing,IT - Software,61.73
283607.BO,Southern Infoconsult,IT - Software,11.3
284771.BO,Octaware Tech.,IT - Software,21.32
132315.BO,Groarc Industries,IT - Software,12.75
131769.BO,PFL Infotech,IT - Software,
132340.BO,Omni AxS Software,IT - Software,5.34
322493.BO,Methodhub Software,IT - Software,117.7
INNOVANA.NS,Innovana Thinklabs,IT - Software,630.54
VIVO.NS,Vivo Collab Soluns.,IT - Software,30.44
TCS.NS,TCS,IT - Software,833607.36
INFY.NS,Infosys,IT - Software,458580.27
HCLTECH.NS,HCL Technologies,IT - Software,350985.44
WIPRO.NS,Wipro,IT - Software,174712.83
LTM.NS,LTM,IT - Software,
200159.BO,Bangalore Softsell,IT - Software,0
200275.BO,K2 Systems,IT - Software,0
200368.BO,Shapre InfotechIndia,IT - Software,0
200279.BO,KCC Software,IT - Software,0
200209.BO,FI Sofex,IT - Software,0
200217.BO,FSL Projects,IT - Software,0
211100.BO,Exensys Software,IT - Software,0
219477.BO,Kals Information Sys,IT - Software,0
ALLETEC.NS,All E Technologies,IT - Software,277.17
222722.BO,Orpine Systems,IT - Software,0
222494.BO,Intertec Tech,IT - Software,0
223992.BO,Encore Business Sys,IT - Software,0
225015.BO,Profin Money Markets,IT - Software,0
MICROPRO.NS,Micropro Software,IT - Software,28.38
PARAMATRIX.NS,Paramatrix Tech.,IT - Software,66.67
243804.BO,Fox Software Tech.,IT - Software,0
243571.BO,Coxswain Technologie,IT - Software,0
244919.BO,Pragnya Software Sys,IT - Software,0
237121.BO,Royalsoft Services,IT - Software,0
245405.BO,Kireeti Soft Tech,IT - Software,0
266878.BO,Score Informn. Tech,IT - Software,0
246542.BO,Access Global,IT - Software,0
254441.BO,Dibba Infotech,IT - Software,0
266743.BO,ASP Technologies,IT - Software,0
266880.BO,Skyweb Infotech,IT - Software,0
DTL.NS,Diensten Tech,IT - Software,105.74
245139.BO,Sarvada Enterprises,IT - Software,0
E2E.NS,E2E Networks,IT - Software,12365.76
YUDIZ.NS,Yudiz Solutions,IT - Software,27.81
269073.BO,Power Infotech,IT - Software,0
GVPTECH.NS,GVP Infotech,IT - Software,148.15
GSTL.NS,Globesecure Tech.,IT - Software,19.13
QUICKTOUCH.NS,Quicktouch Tech.,IT - Software,20.51
KODYTECH.NS,Kody Technolab,IT - Software,2263.33
SYSTANGO.NS,Systango Tech.,IT - Software,330.41
SAHANA.NS,Sahana System,IT - Software,975.93
MINDPOOL.NS,Mindpool Tech.,IT - Software,30.13
VERTEXPLUS.NS,Vertexplus Tech.,IT - Software,31.07
VINSYS.NS,Vinsys IT Services,IT - Software,880.57
CANARYS.NS,Canarys Automations,IT - Software,153.32
FIDEL.NS,Fidel Softech,IT - Software,195.26
TECHLABS.NS,Trident Techlabs,IT - Software,199.08
TRIDHYA.NS,Tridhya Tech,IT - Software,16.77
DELAPLEX.NS,Delaplex,IT - Software,91.58
SATECH.NS,SA Tech Software,IT - Software,51.71
TRUST.NS,Trust Fintech,IT - Software,71.48
VGINFOTECH.NS,Virtual Galaxy Info.,IT - Software,346.67
TECHD.NS,TechD Cybersecurity,IT - Software,399.08
233561.BO,ESDS Software Solun.,IT - Software,10647.44
293005.BO,Ideal Systems,IT - Software,
288688.BO,Inscribe Graphics,IT - Software,
228111.BO,Nihilent,IT - Software,
OPTIVALUE.NS,Optivalue TekConsult,IT - Software,407.48
215584.BO,Fractal Analytics,IT - Software,14282.12
PELATRO.NS,Pelatro,IT - Software,415.15
322276.BO,Mobilise App Lab,IT - Software,102.87
322709.BO,Xtranet Technologies,IT - Software,1224.74
322690.BO,CSM Technologies,IT - Software,486.93
322811.BO,Emiac Technologies,IT - Software,119.37
322876.BO,Novus Loyalty,IT - Software,320.26
323242.BO,ENS Enterprises,IT - Software,141.25
324060.BO,Kratikal Tech,IT - Software,181.49
323639.BO,Genxai Analytics,IT - Software,144.09
TATAELXSI.NS,Tata Elxsi,IT - Software,22168.38
ZENSARTECH.NS,Zensar Technologies,IT - Software,10503.99
MPHASIS.NS,Mphasis,IT - Software,46230.52
MASTEK.NS,Mastek,IT - Software,5497.12
63MOONS.NS,63 Moons Tech.,IT - Software,4038.78
HEXT.NS,Hexaware Tech.,IT - Software,32298.31
CYIENT.NS,Cyient,IT - Software,11541.68
SONATSOFTW.NS,Sonata Software,IT - Software,7999.12
BSOFT.NS,Birlasoft,IT - Software,8092.17
AURIONPRO.NS,Aurionpro Solutions,IT - Software,3811.4
MOSCHIP.NS,Moschip Technologies,IT - Software,4139.31
OFSS.NS,Oracle Finl. Service,IT - Software,105004.83
TANLA.NS,Tanla Platforms,IT - Software,6912.22
COFORGE.NS,Coforge,IT - Software,87390.72
TECHM.NS,Tech Mahindra,IT - Software,156517.56
TATATECH.NS,Tata Technologies,IT - Software,32484.15
NEWGEN.NS,Newgen Software Tech,IT - Software,7478.92
PERSISTENT.NS,Persistent Systems,IT - Software,89018.33
NAZARA.NS,Nazara Technologies,IT - Software,14181.82
INTELLECT.NS,Intellect Design,IT - Software,9637.58
LTTS.NS,L&T Technology Serv.,IT - Software,37056.07
HAPPSTMNDS.NS,Happiest Minds Tech.,IT - Software,5390.53
KPITTECH.NS,KPIT Technologies,IT - Software,15775.61
ZAGGLE.NS,Zaggle Prepaid Ocean,IT - Software,2430.61
RATEGAIN.NS,RateGain Travel Tech,IT - Software,10088.93
MAPMYINDIA.NS,CE Info Systems,IT - Software,5323.87
IKS.NS,Inventurus Knowledge,IT - Software,30195.16
GENESYS.NS,Genesys Intl. Corpn.,IT - Software,1543.77
ONWARDTEC.NS,Onward Technologies,IT - Software,632.66
KELLTONTEC.NS,Kellton Tech Solut.,IT - Software,737.06
DIGISPICE.NS,Digispice Tech.,IT - Software,398.47
MINDTECK.NS,Mindteck (India),IT - Software,539.42
TRIGYN.NS,Trigyn Technologies,IT - Software,181.54
126433.BO,ASM Technology,IT - Software,7834.73
XTGLOBAL.NS,XT Global Infotech,IT - Software,425.04
NUCLEUS.NS,Nucleus Software Exp,IT - Software,1919.51
CYBERTECH.NS,CyberTech Sys. &Soft,IT - Software,405.16
IZMO.NS,IZMO,IT - Software,1351.9
RSSOFTWARE.NS,RS Software (India),IT - Software,79.07
ACCELYA.NS,Accelya Solutions,IT - Software,1688.16
GOLDTECH.NS,AION-Tech Solutions,IT - Software,245.84
INTENTECH.NS,Intense Technologies,IT - Software,194.33
DSSL.NS,Dynacons Sys.& Soln.,IT - Software,1341.34
BCG.NS,Brightcom Group,IT - Software,1812.63
ADROITINFO.NS,Adroit Infotech,IT - Software,59.04
CALSOFT.NS,California Software,IT - Software,253.37
PALREDTEC.NS,Palred Technologies,IT - Software,68.29
VIRINCHI.NS,Virinchi,IT - Software,165.68
SUBEXLTD.NS,Subex,IT - Software,971.14
DATAMATICS.NS,Datamatic GlobalServ,IT - Software,4521.05
XCHANGING.NS,Xchanging Solutions,IT - Software,684.02
SASKEN.NS,Sasken Technologies,IT - Software,2857.98
FCSSOFT.NS,FCS Software Soltns.,IT - Software,247.89
RSYSTEMS.NS,R Systems Internatl.,IT - Software,3034.92
INSPIRISYS.NS,Inspirisys Solutions,IT - Software,354.69
ONMOBILE.NS,Onmobile Global,IT - Software,515.71
ASMS.NS,Avio Smart Market,IT - Software,215.34
ADSL.NS,Allied Digital Serv.,IT - Software,589.9
CTE.NS,Cambridge Technology,IT - Software,82.1
3IINFOLTD.NS,3I Infotech,IT - Software,463.96
MCLOUD.NS,Magellanic Cloud,IT - Software,1548.66
223944.BO,Ceinsys Tech,IT - Software,1419.26
EMUDHRA.NS,eMudhra,IT - Software,4345.96
SAKSOFT.NS,Saksoft,IT - Software,2047.66
ORCHASP.NS,Orchasp,IT - Software,48.15
GSS.NS,GSS Infotech,IT - Software,28.85
EXPLEOSOL.NS,Expleo Solutions,IT - Software,1395.22
QUICKHEAL.NS,Quick Heal Tech,IT - Software,764.93
NINSYS.NS,Nintec Systems,IT - Software,1324
ROUTE.NS,Route Mobile,IT - Software,3160.2
AIRAN.NS,Airan,IT - Software,193.03
AURUM.NS,Aurum Proptech,IT - Software,1728.45
279718.BO,Blue Cloud Softech,IT - Software,1835.09
DEVX.NS,Dev Accelerator,IT - Software,315.03
279869.BO,Mobavenue Ai Tech,IT - Software,2326.28
SILVERTUC.NS,Silver Touch Tech.,IT - Software,2130.03
RPSGVENT.NS,RPSG Ventures,IT - Software,2750.8
NPST.NS,Network People Serv.,IT - Software,3586.02
SOFTTECH.NS,SoftTech Engineers,IT - Software,585.73
UNIECOM.NS,Unicomm. eSolutions,IT - Software,984.67
ODIGMA.NS,Odigma Consult Solut,IT - Software,73.3
DIGITIDE.NS,Digitide Solutions,IT - Software,1447.19
TRACXN.NS,Tracxn Technologies,IT - Software,320.35
CAPILLARY.NS,Capillary Tech. Ind,IT - Software,3900.25
INFOBEAN.NS,Infobeans Tech.,IT - Software,1571.77
DRCSYSTEMS.NS,DRC Systems India,IT - Software,196.53
KSOLVES.NS,KSolves India,IT - Software,645.31
RAMCOSYS.NS,Ramco Systems,IT - Software,2297.91
DEVIT.NS,Dev Information Tech,IT - Software,136.46
AMAGI.NS,Amagi Media Labs,IT - Software,12399.7
IRIS.NS,IRIS RegTech Solns.,IT - Software,546.95
310037.BO,Ahasolar Tech,IT - Software,23.43
310423.BO,Acceleratebs India,IT - Software,34.29
310897.BO,Euphoria Inftech (I),IT - Software,8.71
314498.BO,Sattrix Info. Sec.,IT - Software,364.96
310610.BO,Veefin Solutions,IT - Software,597.62
315936.BO,CapitalNumbers Info.,IT - Software,195.64
316181.BO,Identixweb,IT - Software,79.46
317341.BO,Austere Systems,IT - Software,43.07
317397.BO,Infinity Infoway,IT - Software,289.01
318806.BO,Globtier Infotech,IT - Software,24.19
317350.BO,Ace Alpha Tech,IT - Software,233.88
320850.BO,Workmates Core2Cloud,IT - Software,444.41
318393.BO,Meta Infotech,IT - Software,160.57
322730.BO,Exato Technologies,IT - Software,752.19
321968.BO,Logiciel Solutions,IT - Software,23.23
303246.BO,Naapbooks,IT - Software,160.11
301504.BO,Adjia Technologies,IT - Software,5.44
287971.BO,LEX Nimble Solutions,IT - Software,35.62
305136.BO,Ekennis Softw. Serv.,IT - Software,5.84
306239.BO,Olatech Solutions,IT - Software,32.67
309674.BO,Sancode Technologies,IT - Software,457.55
104375.BO,IDream Film Infrast.,IT - Software,16503.75
SECURKLOUD.NS,Securekloud Tech.,IT - Software,56.83
CURAA.NS,Cura Technologies,IT - Software,71.74
101479.BO,Springform Techno.,IT - Software,0.06
TAKE.NS,Take,IT - Software,204.44
RELIABLE.NS,Reliable Data Serv.,IT - Software,145.39
TERASOFT.NS,Tera Software,IT - Software,354.59
QUINTEGRA.NS,Quintegra Solutions,IT - Software,3.24
XELPMOC.NS,Xelpmoc Design &Tech,IT - Software,118.79
TREJHARA.NS,Trejhara Solutions,IT - Software,366.6
EQUIPPP.NS,Equippp SocialImpact,IT - Software,234.54
297314.BO,Tranway21 Technolog.,IT - Software,5.66
303703.BO,Wherrelz IT Solution,IT - Software,5.51
301692.BO,Niks Technology,IT - Software,15.23
111447.BO,Sylph Industries,IT - Software,25.9
112175.BO,Vama Industries,IT - Software,18.81
111658.BO,Nettlinx,IT - Software,27.85
117429.BO,Athena Global Tech.,IT - Software,77.44
106935.BO,Continental Chem.,IT - Software,13.47
112379.BO,Cressanda Railway,IT - Software,115.52
ELNET.NS,Elnet Technologies,IT - Software,124.94
117415.BO,Lee & Nee Softwares,IT - Software,47.13
109040.BO,Netlink Solutions(I),IT - Software,40.77
130745.BO,ACS Technologies,IT - Software,359.89
126443.BO,Artificial Electro,IT - Software,233.14
123151.BO,Otco International,IT - Software,16.21
123722.BO,Svam Softwares,IT - Software,8.28
131268.BO,B2B Software Tech.,IT - Software,39.03
131525.BO,Ace Software Exports,IT - Software,369.57
132303.BO,Integrated Hitech,IT - Software,3.5
131396.BO,Pagaria Energy,IT - Software,3.65
131533.BO,Accedere,IT - Software,21.53
130175.BO,Odyssey Technologies,IT - Software,61.97
131489.BO,CG-VAK Soft.&Exports,IT - Software,74.85
132354.BO,Virgo Global,IT - Software,3.58
132329.BO,Danlaw Tech. India,IT - Software,879.2
132373.BO,WEP Solutions,IT - Software,133.26
130951.BO,Ram Info,IT - Software,34.96
132404.BO,Saven Technologies,IT - Software,37.21
132444.BO,T Spiritual World,IT - Software,3.88
132414.BO,IKF Technologies,IT - Software,0
131364.BO,Ekansh Concepts,IT - Software,316.17
132402.BO,USG Tech Solutions,IT - Software,33.15
190050.BO,COSYN,IT - Software,17.63
132379.BO,First Fintec,IT - Software,7.66
211528.BO,7Seas Entertainment,IT - Software,220.77
222257.BO,Infronics Systems,IT - Software,15.25
217887.BO,Vedavaag Systems,IT - Software,42.63
245694.BO,ObjectOne Info. Sys,IT - Software,8.4
131083.BO,Nihar Info Global,IT - Software,6.89
245130.BO,Sofcom Systems,IT - Software,44.66
248328.BO,VCU Data Management,IT - Software,11.35
BODHTREE.NS,Bodhtree Consulting,IT - Software,31.16
225039.BO,Megri Soft,IT - Software,24.5
270933.BO,Atishay,IT - Software,162.27
284224.BO,Globalspace Tech.,IT - Software,117.1
131793.BO,Infraquest Inter,IT - Software,0
105797.BO,Mipco Seamless Rings,IT - Software,8.9
101421.BO,TechNVision Ventures,IT - Software,3085.73
121005.BO,Titan Intech,IT - Software,94.13
116090.BO,Watson Software,IT - Software,0
112149.BO,Avance Technologies,IT - Software,162.52
117391.BO,Gamma Infoway Exalt,IT - Software,0
130769.BO,Venus Universal,IT - Software,0
112405.BO,I Power Solutions,IT - Software,9.13
SSLFINANCE.NS,Koiya International,IT - Software,5.7
131419.BO,Goplee Infotech,IT - Software,0
131677.BO,Aris International,IT - Software,59.57
131452.BO,NCC Finance,IT - Software,0
112169.BO,Capricorn Systems,IT - Software,76.59
131794.BO,Antriksh ServiceTech,IT - Software,4.63
131616.BO,Starcom Information,IT - Software,46.46
131750.BO,Encore Software,IT - Software,0
131161.BO,ABM Knowledgeware,IT - Software,379.84
131126.BO,Kati PatangLifestyle,IT - Software,70.82
111644.BO,Omega Interactive,IT - Software,236.34
131831.BO,Unisys Software,IT - Software,0
132403.BO,Fourth Generation,IT - Software,2.17
131980.BO,Senthil Infotek,IT - Software,21.19
131901.BO,Sterling Webnet,IT - Software,0
KASHYAP.NS,June Industries,IT - Software,29.16
132359.BO,Hit Kit Global Sol,IT - Software,13.15
131843.BO,MYM Tech.,IT - Software,0
228213.BO,Citizen Solar,IT - Software,294.91
219406.BO,Hypersoft Tech,IT - Software,1721.97
266895.BO,Unipro Technologies,IT - Software,8.48
222718.BO,Response Informatics,IT - Software,18.99
241437.BO,iSERA Lifesciences,IT - Software,121.01
292083.BO,Space Incubtrs Tech.,IT - Software,6.23
317487.BO,Covance Softsol,IT - Software,344.58
200270.BO,Jeevan Scientific,IT - Software,149.2
CRANESSOFT.NS,Cranes Software Int.,IT - Software,102.31
130713.BO,Ajel,IT - Software,7.33
MELSTAR.NS,Melstar Informn.Tech,IT - Software,7.26
132336.BO,Baron Infotech,IT - Software,1.94
222256.BO,Mahaveer Infoway,IT - Software,5.54
BGLOBAL.NS,BharatiyaGlobal Info,IT - Software,5.01
131175.BO,BLS Infotech,IT - Software,59.96
276806.BO,Ambition Mica,Laminates/Decoratives,4.42
STYLAMIND.NS,Stylam Industries,Laminates/Decoratives,5740.99
MILTON.NS,Milton Industries,Laminates/Decoratives,64.75
WIPL.NS,The Western Indian,Laminates/Decoratives,142.58
AIROLAM.NS,Airo Lam,Laminates/Decoratives,129.71
131227.BO,Deco-Mica,Laminates/Decoratives,23.86
EUROPRATIK.NS,Euro Pratik Sales,Laminates/Decoratives,2695.53
GREENLAM.NS,Greenlam Industries,Laminates/Decoratives,6190.39
RUSHIL.NS,Rushil Decor,Laminates/Decoratives,469.76
INM.NS,Interiors & More,Laminates/Decoratives,207.06
322743.BO,Manilam Inds. India,Laminates/Decoratives,104.87
130973.BO,Alfa Ica (India),Laminates/Decoratives,35.96
279273.BO,Suncare Traders,Laminates/Decoratives,11.22
AKI.NS,AKI India,Leather,74.51
291779.BO,Amin Tannery,Leather,26.35
MAYURUNIQ.NS,Mayur Uniquoters,Leather,3193.11
126431.BO,Welterman Intenatl.,Leather,10.38
SUPTANERY.NS,Super Tannery,Leather,
BIL.NS,Bhartiya Internatl.,Leather,1217.46
PHOENXINTL.NS,Phoenix Internatl.,Leather,48.71
126468.BO,Euro Leder Fashion,Leather,9.37
243677.BO,Eastern General,Leather,0
237682.BO,Indarma Prime Inds.,Leather,0
243477.BO,CheviotInternational,Leather,0
123842.BO,Super Tannery,Leather,143.06
131085.BO,Lakhani India,Leather,0
130173.BO,Oscar Global,Leather,7.13
252813.BO,Karnimata Cold Stor.,Logistics,4.67
PRANIK.NS,Pranik Logistics,Logistics,52.68
AMIABLE.NS,Amiable Logistic (I),Logistics,13.46
320875.BO,Sunsky Logistics,Logistics,41.93
BRACEPORT.NS,Brace Port Logistics,Logistics,66.45
316282.BO,PDP Shipping & Proj.,Logistics,15.2
SKYWAYS.NS,Skyways Air Services,Logistics,
CREDENT.NS,Credent Connect N,Logistics,
307484.BO,Cargotrans Maritime,Logistics,45
306633.BO,Cargosol Logistics,Logistics,25.1
CONCOR.NS,Container Corporat.,Logistics,38690.19
TCI.NS,Transport Corpn.,Logistics,6670.48
DELHIVERY.NS,Delhivery,Logistics,34304.35
VRLLOG.NS,VRL Logistics,Logistics,5207.87
GATEWAY.NS,Gateway Distriparks,Logistics,2732.55
211024.BO,Blr India Pvt Li,Logistics,0
219226.BO,Sea Lord Containers,Logistics,0
219533.BO,The Bengal Bonded,Logistics,0
212979.BO,EITA India Limited,Logistics,0
225974.BO,Asian Logistics,Logistics,0
244998.BO,Roadways India,Logistics,0
255076.BO,NECC Logistics,Logistics,0
268229.BO,Global Corporation,Logistics,0
JALAN.NS,Jalan Transolutions,Logistics,2.62
DESTINY.NS,Destiny Logi & Infra,Logistics,225.69
245383.BO,Julie (India),Logistics,0
COMMITTED.NS,Committed Cargo Care,Logistics,402.6
GICL.NS,Globe International,Logistics,275.41
TARACHAND.NS,Tara Chand Infra.,Logistics,384.51
SVLL.NS,Shree Vasu Logistics,Logistics,918.63
DRSDILIP.NS,DRS Dilip Roadlines,Logistics,161.17
ZEAL.NS,Zeal Global Services,Logistics,87.18
TIMESCAN.NS,Timescan Logistics,Logistics,27.6
TOTAL.NS,Total Transport Sys.,Logistics,114.31
MARINETRAN.NS,Marinetrans India,Logistics,20.49
PRLIND.NS,Premier Roadlines,Logistics,86.99
SJLOGISTIC.NS,SJ Logistics,Logistics,499.54
KLL.NS,Kaushalya Logistics,Logistics,46.33
DRSCARGO.NS,DRS Cargo Movers,Logistics,16.42
ASHALOG.NS,Ashapura Logistics,Logistics,84.73
OLIL.NS,Oneclick Logistics,Logistics,292.3
MAHESHWARI.NS,Maheshwari Logistics,Logistics,213.72
RAPIDFLEET.NS,Rapid Fleet Mgmnt.,Logistics,173.23
BLUEWATER.NS,Blue Water Logistics,Logistics,535.43
TEJASCARGO.NS,Tejas Cargo India,Logistics,967.66
IWARE.NS,Iware Supplychain,Logistics,558.48
JAYESH.NS,Jayesh Logistics,Logistics,116.81
280400.BO,Continental Ware.,Logistics,
209246.BO,Avana Logistek,Logistics,
286711.BO,Farmico Cold Storage,Logistics,
ASHWINI.NS,Ashwini Container,Logistics,270
272453.BO,Saami Tradestar,Logistics,
322728.BO,Sampark India Logist,Logistics,115.85
321348.BO,Skyways Air Services,Logistics,1783.66
322872.BO,Paluck Technologies,Logistics,102.32
SHADOWFAX.NS,Shadowfax Tech.,Logistics,15228.59
TVSSCS.NS,TVS Supply Chain Sol,Logistics,5754
BLACKBUCK.NS,BlackBuck,Logistics,10676.82
RUCHINFRA.NS,Ruchi Infrastructure,Logistics,137.37
RIIL.NS,Reliance Indl. Infra,Logistics,1133.93
SINDHUTRAD.NS,Sindhu Trade Links,Logistics,3898
ALLCARGO.NS,Allcargo Logistics,Logistics,1863.24
NECCLTD.NS,North Eastern Carry.,Logistics,193.43
PATINTLOG.NS,Patel Integrated Log,Logistics,85.5
MAHLOG.NS,Mahindra Logistics,Logistics,4024.21
GKWLIMITED.NS,GKW,Logistics,961.14
SNOWMAN.NS,Snowman Logistics,Logistics,615.72
TCIEXP.NS,TCI Express,Logistics,2125.58
RITCO.NS,Ritco Logistics,Logistics,863.83
NAVKARCORP.NS,Navkar Corporation,Logistics,1448.6
TIGERLOGS.NS,Tiger Logistics (I),Logistics,302.48
OBCL.NS,OBCL,Logistics,116.36
287129.BO,Shreeji Translogist.,Logistics,56.54
ATL.NS,Allcargo Terminals,Logistics,738.7
AVG.NS,AVG Logistics,Logistics,310.63
TREL.NS,Transindia Real Est.,Logistics,674.19
WCIL.NS,Western Carriers (I),Logistics,850.1
OMFREIGHT.NS,Om Freight Forwarder,Logistics,302.54
GLOTTIS.NS,Glottis,Logistics,573.82
ACCURACY.NS,Accuracy Shipping,Logistics,64.89
281811.BO,Prime Fresh,Logistics,241.42
314657.BO,Afcom Holdings,Logistics,4714.8
313714.BO,Rapid Multimodal,Logistics,50.31
317801.BO,Repono,Logistics,84.75
312938.BO,Gconnect Log Suppl,Logistics,4.91
317346.BO,BLT Logistics,Logistics,12.33
319962.BO,Shipwaves Online,Logistics,50.51
320776.BO,Dhillon Freight Carr,Logistics,12.15
320809.BO,Neptune Logitek,Logistics,48.33
321449.BO,Global Ocean Logist.,Logistics,158.87
307743.BO,Transvoy Logistics,Logistics,25.83
311962.BO,Sahara Maritime,Logistics,6.82
314384.BO,GB Logistics Comm.,Logistics,19.3
120131.BO,Coastal Roadways,Logistics,9.97
JETFREIGHT.NS,Jet Freight Logistic,Logistics,98.28
SICALLOG.NS,Sical Logistics,Logistics,856.33
105302.BO,Lakshmi Engineering,Logistics,148.01
120123.BO,ABC India,Logistics,35.21
104380.BO,Flomic Global Logist,Logistics,81.41
126622.BO,MFL India,Logistics,13.33
123116.BO,Sanco Trans,Logistics,125.09
131977.BO,Chartered Logistics,Logistics,126.5
282192.BO,East West Freight,Logistics,30.11
132042.BO,Frontline Corp.,Logistics,16.95
KTIL.NS,Kesar Terminal&Infra,Logistics,67.13
BALURTRANS.NS,Balurghat Tech,Logistics,23.42
107984.BO,Desi Farms India,Logistics,1985.42
LANCER.NS,Lancer ContainerLine,Logistics,484.43
111185.BO,Rajvi Logitrade,Logistics,15.53
295781.BO,Seacoast Ship. Ser.,Logistics,49.56
ARSHIYA.NS,Arshiya,Logistics,19.23
PANAMAPET.NS,Panama Petrochem,Lubricants,2997.16
CASTROLIND.NS,Castrol India,Lubricants,18820.03
SOCL.NS,Sundrex Oil Company,Lubricants,39.51
VEEDOL.NS,Veedol Corporation,Lubricants,2573.18
SOTL.NS,Savita Oil Tech.,Lubricants,5078.61
GULFOILLUB.NS,Gulf Oil Lubricants,Lubricants,5291.54
ARABIAN.NS,Arabian Petroleum,Lubricants,93.94
GULFPETRO.NS,GP Petroleums,Lubricants,336.04
GANDHAR.NS,Gandhar Oil Refinery,Lubricants,2619.26
283306.BO,KMS Medisurgi,Medical Equipment/Supplies/Accessories,43.82
GKB.NS,GKB Ophthalmics,Medical Equipment/Supplies/Accessories,32.24
MOLBIO.NS,Molbio Diagnostics,Medical Equipment/Supplies/Accessories,
YASHOPTICS.NS,Yash Optics & Lens,Medical Equipment/Supplies/Accessories,306.47
127005.BO,Shree Pacetronix,Medical Equipment/Supplies/Accessories,52.12
124502.BO,Raaj Medisafe India,Medical Equipment/Supplies/Accessories,158.38
311914.BO,Amkay Products,Medical Equipment/Supplies/Accessories,42.41
POLYMED.NS,Poly Medicure,Medical Equipment/Supplies/Accessories,17256.79
NURECA.NS,Nureca,Medical Equipment/Supplies/Accessories,307.92
131328.BO,Kretto Syscon,Medical Equipment/Supplies/Accessories,29.8
LENSKART.NS,Lenskart Solutions,Medical Equipment/Supplies/Accessories,119125.08
3BBLACKBIO.NS,3B Blackbio Dx,Medical Equipment/Supplies/Accessories,
OSELDEVICE.NS,Osel Devices,Medical Equipment/Supplies/Accessories,685.36
HOLMARC.NS,Holmarc Opto-Mech.,Medical Equipment/Supplies/Accessories,105.58
227422.BO,Healthium Medtech,Medical Equipment/Supplies/Accessories,
GML.NS,Galaxy Medicare,Medical Equipment/Supplies/Accessories,27.08
273915.BO,Skanray Techno.,Medical Equipment/Supplies/Accessories,
318614.BO,Avience Biomedicals,Medical Equipment/Supplies/Accessories,150.84
322180.BO,Molbio Diagnostics,Medical Equipment/Supplies/Accessories,13373.6
322858.BO,Q-Line Biotech,Medical Equipment/Supplies/Accessories,1492.07
LAXMIDENTL.NS,Laxmi Dental,Medical Equipment/Supplies/Accessories,1095.86
132067.BO,3B Blackbio Dx,Medical Equipment/Supplies/Accessories,1253.16
302122.BO,Prevest Denpro,Medical Equipment/Supplies/Accessories,458.33
295807.BO,Transpact Enterprise,Medical Equipment/Supplies/Accessories,3.33
237502.BO,Hemant Surgical Inds,Medical Equipment/Supplies/Accessories,541.31
321068.BO,Earkart,Medical Equipment/Supplies/Accessories,166.42
131380.BO,Centenial Surg. Sut.,Medical Equipment/Supplies/Accessories,33.75
131458.BO,Boston Commerce,Medical Equipment/Supplies/Accessories,3.64
113721.BO,MFS Intercorp,Metal - Ferrous,5.6
113548.BO,Sharda Ispat,Metal - Ferrous,78.21
INNOMET.NS,Innomet Adv.Material,Metal - Ferrous,378.2
244028.BO,Indu Engg. & Textile,Metal - Ferrous,0
290268.BO,Astra Metal Systems,Metal - Ferrous,
250688.BO,JTL Defence,Metal - Non Ferrous,831.58
ONIXSOLAR.NS,Onix Solar Energy,Metal - Non Ferrous,
270983.BO,Starlit Power System,Metal - Non Ferrous,3.61
108922.BO,MSR Copper,Metal - Non Ferrous,18.05
132455.BO,Shalimar Wires Inds.,Metal - Non Ferrous,82.09
113498.BO,Southern Magnesium,Metal - Non Ferrous,22.67
315906.BO,Parmeshwar Metal,Metal - Non Ferrous,445.4
POEL.NS,Pocl Enterprises,Metal - Non Ferrous,
CMRGREEN.NS,CMR Green Tech,Metal - Non Ferrous,
GRAVITA.NS,Gravita India,Metal - Non Ferrous,12264.01
HINDZINC.NS,Hindustan Zinc,Metal - Non Ferrous,253941.67
HINDALCO.NS,Hindalco Industries,Metal - Non Ferrous,227194.6
VEDL.NS,Vedanta,Metal - Non Ferrous,106401.66
HINDCOPPER.NS,Hindustan Copper,Metal - Non Ferrous,50444.81
JAINREC.NS,Jain Resource Recycl,Metal - Non Ferrous,9591.66
243560.BO,Continental Profiles,Metal - Non Ferrous,0
212604.BO,APL Metals,Metal - Non Ferrous,0
213620.BO,Multimetals Limited,Metal - Non Ferrous,0
RAJMET.NS,Rajnandini Metal,Metal - Non Ferrous,87.09
RAJINDLTD.NS,Rajputana Industries,Metal - Non Ferrous,139.95
SUNLITE.NS,Sunlite Recycling,Metal - Non Ferrous,748.97
AMCL.NS,ANB Metal Cast,Metal - Non Ferrous,437.89
SHERA.NS,Shera Energy,Metal - Non Ferrous,445.53
MCL.NS,M Tek Copper,Metal - Non Ferrous,158.24
280947.BO,Lark Non Ferrous,Metal - Non Ferrous,
303704.BO,CMR Green Tech,Metal - Non Ferrous,5001.91
289431.BO,Jammu Pigments,Metal - Non Ferrous,
292718.BO,KBS Industries,Metal - Non Ferrous,
322721.BO,Ardee Industries,Metal - Non Ferrous,1754.41
SAGARDEEP.NS,Sagardeep Alloys,Metal - Non Ferrous,40.29
POCL.NS,Pondy Oxides & Chem.,Metal - Non Ferrous,3644.57
286319.BO,Poojawestern Metalik,Metal - Non Ferrous,17.99
296138.BO,Bonlon Industries,Metal - Non Ferrous,65.75
CUBEXTUB.NS,Cubex Tubings,Metal - Non Ferrous,109.97
312233.BO,Siyaram Recycl.Inds.,Metal - Non Ferrous,76.96
316106.BO,Narmadesh BrassInds.,Metal - Non Ferrous,98.61
320400.BO,Krupalu Metals,Metal - Non Ferrous,17.91
BHAGYANGR.NS,Bhagyanagar India,Metal - Non Ferrous,1240.88
113502.BO,Baroda Extrusion,Metal - Non Ferrous,193.8
130129.BO,Nile,Metal - Non Ferrous,440.02
228466.BO,Pocl Enterprises,Metal - Non Ferrous,439.28
113119.BO,Onix Solar Energy,Metal - Non Ferrous,1486.51
112024.BO,ND Metal Inds.,Metal - Non Ferrous,18.6
113544.BO,Mardia Samyoung Cap.,Metal - Non Ferrous,419.48
BCP.NS,B.C. Power Controls,Metal - Non Ferrous,12.15
131778.BO,Kachchh Minerals,Mining & Minerals,15.42
20MICRONS.NS,20 Microns,Mining & Minerals,785.09
289612.BO,RAW Edge Industrial,Mining & Minerals,15.56
ORISSAMINE.NS,OMDC,Mining & Minerals,2587.02
KIOCL.NS,KIOCL,Mining & Minerals,23222.17
ARENTERP.NS,Rajdarshan Inds.,Mining & Minerals,10.77
COALINDIA.NS,Coal India,Mining & Minerals,255968.92
GMDCLTD.NS,GMDC,Mining & Minerals,17901.81
DECNGOLD.NS,Deccan Gold Mines,Mining & Minerals,
NMDC.NS,NMDC,Mining & Minerals,74466.69
SANDUMA.NS,Sandur Manganese,Mining & Minerals,9616.61
MOIL.NS,MOIL,Mining & Minerals,5133.93
212751.BO,Bisra Stone Lime Co.,Mining & Minerals,0
244873.BO,The Pench ValleyCoal,Mining & Minerals,0
226351.BO,The Rameshwara Jute,Mining & Minerals,0
224336.BO,Saurashtra Calcine,Mining & Minerals,0
224943.BO,20 Microns Nano,Mining & Minerals,
267468.BO,SNS (Minerals),Mining & Minerals,0
243132.BO,Bijoy Mining Co,Mining & Minerals,0
245006.BO,Rungta Projects,Mining & Minerals,0
268912.BO,Neelachal Minerals,Mining & Minerals,0
ASHAPURMIN.NS,Ashapura Minechem,Mining & Minerals,5263.49
112068.BO,Deccan Gold Mines,Mining & Minerals,4298.16
ASOCSTONE.NS,ASI Industries,Mining & Minerals,224.02
131013.BO,Sun Granite Export,Mining & Minerals,0
313452.BO,Associated Coaters,Miscellaneous,15.01
132001.BO,Inducto Steel,Miscellaneous,26.69
109917.BO,Technojet Consultant,Miscellaneous,1.99
MODIPON.NS,Modipon,Miscellaneous,52.33
105320.BO,Lynx Machine.&Comml.,Miscellaneous,21.1
126532.BO,Square Four Projects,Miscellaneous,16.24
FELDVR.NS,Future Enter.-B-DVR,Miscellaneous,8.54
MODIRUBBER.NS,Modi Rubber,Miscellaneous,328.78
242790.BO,Adtech Systems,Miscellaneous,59.82
311912.BO,Qualitek Labs,Miscellaneous,501.04
AEGISVOPAK.NS,Aegis Vopak Terminal,Miscellaneous,31522.36
WEWORK.NS,Wework India Mgmnt.,Miscellaneous,9243.28
MALLCOM.NS,Mallcom (India),Miscellaneous,635.33
VALUE360.NS,Value 360 Commns.,Miscellaneous,
SHUBHSHREE.NS,Shubhshree Biofuels,Miscellaneous,183.44
209010.BO,Progressive Services Ltd.,Miscellaneous,0
210369.BO,Kanoria Securiti,Miscellaneous,0
219255.BO,Jardine Henderson,Miscellaneous,0
224813.BO,Bhopal Udyog,Miscellaneous,0
220060.BO,Dabriwala Banijya,Miscellaneous,0
224809.BO,Ashoka Marketing,Miscellaneous,0
224210.BO,Mcleod & Co,Miscellaneous,0
225019.BO,Pearl Apartments,Miscellaneous,0
224808.BO,Atlantic Commercial,Miscellaneous,0
227865.BO,Navoday Management,Miscellaneous,0
220029.BO,Pluto Tradelinks,Miscellaneous,0
225004.BO,Little Kingdom World,Miscellaneous,0
237352.BO,Gnanambikai Mills,Miscellaneous,0
238770.BO,Sakarlal Balabhai,Miscellaneous,0
239506.BO,Supreme Comml. Enter,Miscellaneous,0
242776.BO,Abhashree Projects,Miscellaneous,0
243076.BO,BB Commercial,Miscellaneous,0
243951.BO,Hilton Trading Co,Miscellaneous,0
243425.BO,Carbon Specialities,Miscellaneous,0
242949.BO,Amar Traders & Fin.,Miscellaneous,0
243126.BO,Bhutoria Brothers,Miscellaneous,0
243257.BO,Aristo Indl. Service,Miscellaneous,0
245183.BO,Sukhsandesh Indl.,Miscellaneous,0
244529.BO,New Mount Trading,Miscellaneous,0
245193.BO,Swadeshi Commercial,Miscellaneous,0
244464.BO,Motorex Corporation,Miscellaneous,0
245216.BO,Tinsukia Development,Miscellaneous,0
245190.BO,Poddar Bhumi Holding,Miscellaneous,0
245219.BO,T Kumari(Financiers),Miscellaneous,0
245384.BO,Kabra Marble Udyog,Miscellaneous,0
245438.BO,Lyons Technologies,Miscellaneous,0
247486.BO,Strategic Brand,Miscellaneous,0
247468.BO,Status Manage,Miscellaneous,0
248150.BO,Vikasjyoti Commerce,Miscellaneous,0
247767.BO,Zenith GlobalConsult,Miscellaneous,0
254845.BO,Ankur Marketing,Miscellaneous,0
266886.BO,Laxman Industries,Miscellaneous,0
254726.BO,JK L Atelier Ltd.,Miscellaneous,0
254742.BO,JCK Infra Projects,Miscellaneous,0
267818.BO,Arco Impex,Miscellaneous,0
3RDROCK.NS,3rd Rock Multimedia,Miscellaneous,145.5
269426.BO,Tetron Commercial,Miscellaneous,0
269477.BO,Ujala Commercials,Miscellaneous,0
268674.BO,Macfarlane & Co,Miscellaneous,0
KONTOR.NS,Kontor Space,Miscellaneous,41.65
SHREEOSFM.NS,Shree OSFM E-Mobil.,Miscellaneous,87.03
RAJPUTANA.NS,Rajputana Biodiesel,Miscellaneous,154.7
288745.BO,Jai Hanuman Irrigat.,Miscellaneous,
289104.BO,Genius Consultants,Miscellaneous,
289099.BO,Shiva Indl. Sec(Guj),Miscellaneous,
289759.BO,Satyasai Pressure,Miscellaneous,
275524.BO,Value 360 Commns.,Miscellaneous,119.07
290536.BO,World Class Services,Miscellaneous,
294276.BO,Axiom Consulting,Miscellaneous,
292717.BO,Sure Safety (India),Miscellaneous,
291918.BO,Biotic Waste,Miscellaneous,
PRABHA.NS,Prabha Energy,Miscellaneous,3379.97
JISLDVREQS.NS,Jain Irrigation(DVR),Miscellaneous,42.31
131111.BO,Gothi Plascon (I),Miscellaneous,40.19
132024.BO,Aarcon Facilities,Miscellaneous,7.22
101430.BO,Bombay Cycle & Motor,Miscellaneous,64.12
131846.BO,Trinity League India,Miscellaneous,7.06
MATHPLATT.NS,MPIL Corporation,Miscellaneous,27.38
104356.BO,Multipurpose Trading,Miscellaneous,3.84
113153.BO,TechTrek India,Miscellaneous,0
109046.BO,Triliance Polymers,Miscellaneous,23.09
126115.BO,Manor Estates &Inds.,Miscellaneous,7.21
132320.BO,Vaarad Ventures,Miscellaneous,235.41
DOLPHIN.NS,Dolphin Offshore Ent,Oil Exploration,2696.31
DEEPINDS.NS,Deep Industries,Oil Exploration,5033.28
GNRL.NS,Guj.Natural Resource,Oil Exploration,
JINDRILL.NS,Jindal Drilling&Inds,Oil Exploration,1921.59
131471.BO,Duke Offshore,Oil Exploration,61.65
ANTELOPUS.NS,Antelopus Selan,Oil Exploration,3365.57
ASIANENE.NS,Asian Energy Service,Oil Exploration,2517.25
ONGC.NS,ONGC,Oil Exploration,295196.25
AAKASH.NS,Aakash Exploration,Oil Exploration,88.59
OIL.NS,Oil India,Oil Exploration,79427.26
216055.BO,John Energy,Oil Exploration,
HINDOILEXP.NS,Hind Oil Exploration,Oil Exploration,2446.5
ABAN.NS,Aban Offshore,Oil Exploration,87.49
113536.BO,Guj.Natural Resource,Oil Exploration,1522.83
NGILPP.NS,NGILPP,Other,0
324059.BO,Dhaval Packaging,Packaging,169.51
318115.BO,Spinaroo Commercial,Packaging,33.19
SATIPOLY.NS,Sati Poly Plast,Packaging,19.24
SABAR.NS,Sabar Flex India,Packaging,18.26
318013.BO,3B Films,Packaging,28.88
DKEGL.NS,DK Enterprise Global,Packaging,48.99
GSMFOILS.NS,GSM Foils,Packaging,156.64
113507.BO,Gujarat Containers,Packaging,92.35
312841.BO,Gabriel Pet Straps,Packaging,44.96
SPPPOLY.NS,SPP Polymer,Packaging,19.01
AGI.NS,AGI Greenpac,Packaging,4756.87
EPL.NS,EPL,Packaging,7914.96
UFLEX.NS,Uflex,Packaging,4878.61
HUHTAMAKI.NS,Huhtamaki India,Packaging,1925.81
TCPLPACK.NS,TCPL Packaging,Packaging,3723.63
BOSS.NS,Boss Packaging Soln.,Packaging,24.77
CGRAPHICS.NS,Creative Graphic Sol,Packaging,358.46
247425.BO,Shripet Cybertech,Packaging,0
UMA.NS,Uma Converter,Packaging,36.49
IDEALTECHO.NS,Ideal TechnoplastInd,Packaging,85
322344.BO,Knack Packaging,Packaging,2291.9
289981.BO,Tejaswi Packaging,Packaging,
ARROWGREEN.NS,Arrow Greentech,Packaging,1228.31
MOLDTKPAC.NS,Mold-tek Packaging,Packaging,2348.12
PYRAMID.NS,Pyramid Technoplast,Packaging,565.86
295949.BO,Anuroop Packaging,Packaging,11.96
311156.BO,Kahan Packaging,Packaging,15.79
300009.BO,Rajeshwari Cans,Packaging,16.9
318629.BO,GLEN Industries,Packaging,300.41
307993.BO,S.V.J. Enterprises,Packaging,110.86
123315.BO,Purity Flex Pack,Packaging,0.29
294572.BO,GKP Printing & Pack,Packaging,15.44
ORICONENT.NS,Oricon Enterprises,Packaging,850.41
124055.BO,Panther Indl. Prod,Packaging,13.44
104840.BO,Kaira Can Co,Packaging,142.71
123186.BO,B&A Packaging India,Packaging,99.41
113307.BO,Belding India,Packaging,1474.74
131207.BO,Cresanto Global,Packaging,2.19
SHALPAINTS.NS,Shalimar Paints,Paints,715.48
JSWDULUX.NS,JSW Dulux,Paints,
INDIGOPNTS.NS,Indigo Paints,Paints,5660.14
309532.BO,Retina Paints,Paints,57.53
BERGEPAINT.NS,Berger Paints India,Paints,56586.12
ASIANPAINT.NS,Asian Paints,Paints,242418.06
SIRCA.NS,SIRCA Paints India,Paints,2494.62
KANSAINER.NS,Kansai Nerolac Paint,Paints,15706.48
220176.BO,Mysore Paint&Varnish,Paints,0
AKZOINDIA.NS,JSW Dulux,Paints,14456.77
NRAIL.NS,NR Agarwal Inds.,Paper & Paper Products,993.92
AARADHYA.NS,Aaradhya Disposal,Paper & Paper Products,156.65
131568.BO,Tridev InfraEstates,Paper & Paper Products,2.19
EMAMIPAP.NS,Emami Paper Mills,Paper & Paper Products,701.3
UTKAL.NS,Utkal Speciality Ind,Paper & Paper Products,
RAMANEWS.NS,Shree Rama News,Paper & Paper Products,468.38
MALUPAPER.NS,Malu Paper Mills,Paper & Paper Products,53.99
116096.BO,Sangal Papers,Paper & Paper Products,23.81
225740.BO,String Metaverse,Paper & Paper Products,1093.04
116020.BO,Agio Paper & Indus.,Paper & Paper Products,6.29
JKPAPER.NS,JK Paper,Paper & Paper Products,7357.92
TNPL.NS,TN Newsprints &Paper,Paper & Paper Products,1077.96
WSTCSTPAPR.NS,West Coast PaperMill,Paper & Paper Products,4294.83
PDMJEPAPER.NS,Pudumjee Paper Prod.,Paper & Paper Products,885.12
229650.BO,Universal Enterprise,Paper & Paper Products,0
224851.BO,Chemopulp Tissues,Paper & Paper Products,0
NIKITA.NS,Nikita Greentech,Paper & Paper Products,178.84
212484.BO,Anand Duplex Limited,Paper & Paper Products,0
243929.BO,Hardoli Paper Mills,Paper & Paper Products,0
242919.BO,AJ Enterprises,Paper & Paper Products,0
241791.BO,Parijat Paper Mills,Paper & Paper Products,0
252300.BO,Universal Print Sys,Paper & Paper Products,0
245186.BO,Sun Paper Mill,Paper & Paper Products,0
245442.BO,Madhya Bharat Papers,Paper & Paper Products,0
322688.BO,Utkal Speciality Ind,Paper & Paper Products,95.62
293918.BO,Bhadra Paper Mills,Paper & Paper Products,
SHREYANIND.NS,Shreyans Industries,Paper & Paper Products,178.24
ANDHRAPAP.NS,Andhra Paper,Paper & Paper Products,1281.59
PAKKA.NS,Pakka,Paper & Paper Products,351.36
STARPAPER.NS,Star Paper Mills,Paper & Paper Products,236.34
SESHAPAPER.NS,Seshasayee Paper,Paper & Paper Products,1470.06
ORIENTPPR.NS,Orient Paper & Inds.,Paper & Paper Products,362.41
MAGNUM.NS,Magnum Ventures,Paper & Paper Products,129.98
KUANTUM.NS,Kuantum Papers,Paper & Paper Products,647.32
SATIA.NS,Satia Industries,Paper & Paper Products,633.6
RUCHIRA.NS,Ruchira Papers,Paper & Paper Products,320.83
GENUSPAPER.NS,Genus Paper & Boards,Paper & Paper Products,328.09
ASTRON.NS,Astron Paper & Board,Paper & Paper Products,14.23
WORTHPERI.NS,Worth Peripherals,Paper & Paper Products,244.12
BALKRISHNA.NS,Balkrishna Paper,Paper & Paper Products,55.03
BBTCL.NS,B&B Triplewall Cont.,Paper & Paper Products,472.21
315197.BO,Shreenath Paper Prod,Paper & Paper Products,25.06
321350.BO,Abril Paper Tech,Paper & Paper Products,26.78
314828.BO,Three M Paper Boards,Paper & Paper Products,45.78
317214.BO,Aten Papers & Foam,Paper & Paper Products,20.39
316080.BO,Subam Papers,Paper & Paper Products,587.78
293006.BO,Mahip Industries,Paper & Paper Products,34.63
102587.BO,Nath Industries,Paper & Paper Products,94.07
116038.BO,KS Smart Techno.,Paper & Paper Products,1948.98
116106.BO,Shree Karthik Papers,Paper & Paper Products,13.99
SIPAPER.NS,South India Paper,Paper & Paper Products,222.84
130169.BO,Mohit Paper Mills,Paper & Paper Products,37.44
126435.BO,Perfectpac,Paper & Paper Products,51.98
130755.BO,Coral Newsprints,Paper & Paper Products,4.52
126751.BO,Gratex Industries,Paper & Paper Products,6.81
119234.BO,Superior Indl.Enterp,Paper & Paper Products,44.18
130255.BO,Kay Power and Paper,Paper & Paper Products,35.11
131813.BO,Ganga Papers India,Paper & Paper Products,102.49
293845.BO,Gujarat Winding Sys.,Paper & Paper Products,4.35
190058.BO,Shree AjitPulp&Paper,Paper & Paper Products,250.71
131436.BO,Saffron Industries,Paper & Paper Products,18.71
100388.BO,Shree Krishna Papers,Paper & Paper Products,125.89
131647.BO,Prabhatam Infra Vent,Paper & Paper Products,584.64
CLSL.NS,Crop Life Science,Pesticides & Agrochemicals,149.55
DHANSA.NS,Dhansa Labs,Pesticides & Agrochemicals,
SHIVALIK.NS,Shivalik Rasayan,Pesticides & Agrochemicals,515.67
PIIND.NS,PI Industries,Pesticides & Agrochemicals,37398.52
NOVAAGRI.NS,Nova Agritech,Pesticides & Agrochemicals,220.84
BESTAGRO.NS,Best Agrolife,Pesticides & Agrochemicals,684.16
124808.BO,Phyto Chem (India),Pesticides & Agrochemicals,8.2
ASTEC.NS,Astec Lifesciences,Pesticides & Agrochemicals,1235.47
130883.BO,Super Crop Safe,Pesticides & Agrochemicals,71.29
AIMCOPEST.NS,Aimco Pesticides,Pesticides & Agrochemicals,44.49
UPL.NS,UPL,Pesticides & Agrochemicals,49143.32
BAYERCROP.NS,Bayer CropScience,Pesticides & Agrochemicals,17931.45
SHARDACROP.NS,Sharda Cropchem,Pesticides & Agrochemicals,6932.09
SUMICHEM.NS,Sumitomo Chem. India,Pesticides & Agrochemicals,24627.85
SIKKO.NS,Sikko Industries,Pesticides & Agrochemicals,236.31
AMBEY.NS,Dhansa Labs,Pesticides & Agrochemicals,75.6
214319.BO,T Stanes & Co. Limited,Pesticides & Agrochemicals,0
ARISTO.NS,Aristo Bio-Tech,Pesticides & Agrochemicals,70.12
272082.BO,GSP Crop science,Pesticides & Agrochemicals,2880.67
RALLIS.NS,Rallis India,Pesticides & Agrochemicals,4060.9
EXCELINDUS.NS,Excel Industries,Pesticides & Agrochemicals,1296.54
PUNJABCHEM.NS,Punjab Chem. & Corp.,Pesticides & Agrochemicals,1349.21
DHANUKA.NS,Dhanuka Agritech,Pesticides & Agrochemicals,4505.31
INSECTICID.NS,Insecticides India,Pesticides & Agrochemicals,1799.56
BHAGCHEM.NS,Bhagiradha Chemicals,Pesticides & Agrochemicals,3431.04
BHARATRAS.NS,Bharat Rasayan,Pesticides & Agrochemicals,1947.66
HERANBA.NS,Heranba Industries,Pesticides & Agrochemicals,695.55
IPL.NS,India Pesticides,Pesticides & Agrochemicals,1593.17
IGCL.NS,Indogulf Cropscience,Pesticides & Agrochemicals,460.84
MOL.NS,Meghmani Organics,Pesticides & Agrochemicals,1695.26
DHARMAJ.NS,Dharmaj Crop Guard,Pesticides & Agrochemicals,912.7
ADVANCE.NS,Advance Agrolife,Pesticides & Agrochemicals,754.91
319436.BO,Mahamaya Lifescience,Pesticides & Agrochemicals,417.43
NACLIND.NS,NACL Industries,Pesticides & Agrochemicals,3908.12
124534.BO,Bhaskar Agrochem.,Pesticides & Agrochemicals,58.24
130825.BO,Daikaffil Chemicals,Pesticides & Agrochemicals,28.56
SPLPETRO.NS,Supreme Petrochem,Petrochemicals,14498.93
AGARIND.NS,Agarwal Indl. Corpn.,Petrochemicals,674.3
RAIN.NS,Rain Industries,Petrochemicals,7255.65
KOTHARIPET.NS,Kothari Petrochem,Petrochemicals,768.3
126169.BO,Multibase India,Petrochemicals,227.16
ATVPETRO.NS,SVC Industries,Petrochemicals,
JIYAECO.NS,Jiya Eco-Products,Petrochemicals,
TNPETRO.NS,TN Petro Products,Petrochemicals,1193.92
312790.BO,Greenhitech Ventures,Petrochemicals,46.63
NEPTUNE.NS,Neptune Petrochem.,Petrochemicals,396.44
313448.BO,Nexxus Petro Inds.,Petrochemicals,54.14
223682.BO,Adeshwar Meditex,Pharmaceuticals & Drugs,23.52
124752.BO,Decipher Labs,Pharmaceuticals & Drugs,6.26
HESTERBIO.NS,Hester Biosciences,Pharmaceuticals & Drugs,2046.24
BMLL.NS,Bio Medica Labs.,Pharmaceuticals & Drugs,
190046.BO,Smruthi Organics,Pharmaceuticals & Drugs,184.8
HIKAL.NS,Hikal,Pharmaceuticals & Drugs,2740.98
211642.BO,Chandra Bhagat Pharm,Pharmaceuticals & Drugs,36.13
PAR.NS,Par Drugs & Chem.,Pharmaceuticals & Drugs,192.83
SAROJA.NS,Saroja Pharma Inds.,Pharmaceuticals & Drugs,15.66
238306.BO,Vasundhara Rasayans,Pharmaceuticals & Drugs,47.85
LUPIN.NS,Lupin,Pharmaceuticals & Drugs,96483.1
ZYDUSLIFE.NS,Zydus Lifesciences,Pharmaceuticals & Drugs,111720.43
CIPLA.NS,Cipla,Pharmaceuticals & Drugs,111888.39
SUNPHARMA.NS,Sun Pharma. Inds.,Pharmaceuticals & Drugs,455633.71
DIVISLAB.NS,Divi''s Laboratories,Pharmaceuticals & Drugs,241576.41
235507.BO,New Delhi Centre For,Pharmaceuticals & Drugs,0
222709.BO,Kothari Phytochem.,Pharmaceuticals & Drugs,0
244072.BO,Jagadishwar Pharma,Pharmaceuticals & Drugs,0
245119.BO,Sigachi Laboratories,Pharmaceuticals & Drugs,0
254480.BO,Emami Frank Ross,Pharmaceuticals & Drugs,0
232344.BO,Saket Projects,Pharmaceuticals & Drugs,0
WALPAR.NS,Walpar Nutritions,Pharmaceuticals & Drugs,22.3
SAKAR.NS,Sakar Healthcare,Pharmaceuticals & Drugs,2255.92
238833.BO,Sarthi Pharma,Pharmaceuticals & Drugs,0
BETA.NS,Beta Drugs,Pharmaceuticals & Drugs,2467.25
VILINBIO.NS,Vilin Bio Med,Pharmaceuticals & Drugs,82.73
SOTAC.NS,Sotac Pharmaceutical,Pharmaceuticals & Drugs,99.51
ZENITHDRUG.NS,Zenith Drugs,Pharmaceuticals & Drugs,73.31
MEDIORG.NS,Medicamen Organics,Pharmaceuticals & Drugs,39.43
247768.BO,Zental Drugs,Pharmaceuticals & Drugs,0
ONYX.NS,Onyx Biotec,Pharmaceuticals & Drugs,68
INFLUX.NS,Influx Healthtech,Pharmaceuticals & Drugs,674.49
ACCENTMIC.NS,Accent Microcell,Pharmaceuticals & Drugs,1482.04
209441.BO,Inventia Healthcare,Pharmaceuticals & Drugs,
JFLLIFE.NS,JFL Life Sciences,Pharmaceuticals & Drugs,32.5
QUESTLAB.NS,Quest Laboratories,Pharmaceuticals & Drugs,140.11
ACCPL.NS,Accretion Pharma.,Pharmaceuticals & Drugs,222.32
209370.BO,Symbiotec Pharmalab,Pharmaceuticals & Drugs,6928.42
CURIS.NS,Curis Lifesciences,Pharmaceuticals & Drugs,122.36
226528.BO,Hexagon Nutrition,Pharmaceuticals & Drugs,826.38
232153.BO,Unidrug Innov.Pharma,Pharmaceuticals & Drugs,
251917.BO,Finecure Pharma,Pharmaceuticals & Drugs,
281992.BO,Greensignal Bio Phar,Pharmaceuticals & Drugs,
288721.BO,Swiss Parenterals,Pharmaceuticals & Drugs,
289676.BO,MDC Pharmaceuticals,Pharmaceuticals & Drugs,
289106.BO,Medibios Labs.,Pharmaceuticals & Drugs,
303321.BO,Infinion Biopharma,Pharmaceuticals & Drugs,
290156.BO,Affine Formulations,Pharmaceuticals & Drugs,
292035.BO,Preet Remedies,Pharmaceuticals & Drugs,
322000.BO,Bio Medica Labs.,Pharmaceuticals & Drugs,222.58
322808.BO,Sai Parenteral''s,Pharmaceuticals & Drugs,2295.33
322803.BO,Accretion Nutraveda,Pharmaceuticals & Drugs,199.82
DRREDDY.NS,Dr. Reddy''s Labs.,Pharmaceuticals & Drugs,96071.66
PGHL.NS,Procter&Gamble Healt,Pharmaceuticals & Drugs,9395.25
TORNTPHARM.NS,Torrent Pharma,Pharmaceuticals & Drugs,184744.67
ABBOTINDIA.NS,Abbott India,Pharmaceuticals & Drugs,55386.31
PFIZER.NS,Pfizer,Pharmaceuticals & Drugs,21088.33
ASTRAZEN.NS,Astrazeneca Pharma,Pharmaceuticals & Drugs,17360
MOREPENLAB.NS,Morepen Laboratories,Pharmaceuticals & Drugs,6232.43
MARKSANS.NS,Marksans Pharma,Pharmaceuticals & Drugs,14807.13
SANOFI.NS,Sanofi India,Pharmaceuticals & Drugs,7273.53
IPCALAB.NS,Ipca Laboratories,Pharmaceuticals & Drugs,49860.49
NEULANDLAB.NS,Neuland Laboratories,Pharmaceuticals & Drugs,29072.53
CAPLIPOINT.NS,Caplin Point Labs.,Pharmaceuticals & Drugs,21365.37
SHILPAMED.NS,Shilpa Medicare,Pharmaceuticals & Drugs,18857.02
JUBLPHARMA.NS,Jubilant Pharmova,Pharmaceuticals & Drugs,14725.54
AUROPHARMA.NS,Aurobindo Pharma,Pharmaceuticals & Drugs,95115.72
WOCKPHARMA.NS,Wockhardt,Pharmaceuticals & Drugs,33939.74
GLAXO.NS,Glaxosmithkline Phar,Pharmaceuticals & Drugs,50112
NATCOPHARM.NS,Natco Pharma,Pharmaceuticals & Drugs,14841.94
GLENMARK.NS,Glenmark Pharma.,Pharmaceuticals & Drugs,68783.8
AJANTPHARM.NS,Ajanta Pharma,Pharmaceuticals & Drugs,43295.8
GRANULES.NS,Granules India,Pharmaceuticals & Drugs,21020.61
STAR.NS,Strides Pharma Scien,Pharmaceuticals & Drugs,9766.62
EMCURE.NS,Emcure Pharma,Pharmaceuticals & Drugs,36566.43
BIOCON.NS,Biocon,Pharmaceuticals & Drugs,64764.04
CONCORDBIO.NS,Concord Biotech,Pharmaceuticals & Drugs,14825.16
SAILIFE.NS,Sai Life Sciences,Pharmaceuticals & Drugs,33649.62
MANKIND.NS,Mankind Pharma,Pharmaceuticals & Drugs,96152.77
APLLTD.NS,Alembic Pharma,Pharmaceuticals & Drugs,15886.23
ERIS.NS,Eris Lifesciences,Pharmaceuticals & Drugs,18316.56
ALKEM.NS,Alkem Laboratories,Pharmaceuticals & Drugs,62054.24
SUPRIYA.NS,Supriya Lifescience,Pharmaceuticals & Drugs,6863.98
ACUTAAS.NS,Acutaas Chemicals,Pharmaceuticals & Drugs,25940.87
ALIVUS.NS,Alivus Life Sciences,Pharmaceuticals & Drugs,16774.26
COHANCE.NS,Cohance Lifesciences,Pharmaceuticals & Drugs,17469.39
GLAND.NS,Gland Pharma,Pharmaceuticals & Drugs,48374.82
LAURUSLABS.NS,Laurus Labs,Pharmaceuticals & Drugs,99417.45
BLUEJET.NS,Blue Jet Healthcare,Pharmaceuticals & Drugs,10784.93
SANOFICONR.NS,Sanofi Cons. Health,Pharmaceuticals & Drugs,9676.78
ONESOURCE.NS,Onesource Specialty,Pharmaceuticals & Drugs,17634.4
PPLPHARMA.NS,Piramal Pharma,Pharmaceuticals & Drugs,28520.14
AARTIPHARM.NS,Aarti Pharmalabs,Pharmaceuticals & Drugs,7787.58
SIGACHI.NS,Sigachi Industries,Pharmaceuticals & Drugs,1327.47
RUBICON.NS,Rubicon Research,Pharmaceuticals & Drugs,29271.01
ANUHPHR.NS,Anuh Pharma,Pharmaceuticals & Drugs,812.82
LYKALABS.NS,Lyka Labs,Pharmaceuticals & Drugs,283.29
BLISSGVS.NS,Bliss GVS Pharma,Pharmaceuticals & Drugs,7134.77
GUJTHEM.NS,Guj. Themis Biosyn,Pharmaceuticals & Drugs,5353.79
UNICHEMLAB.NS,Unichem Laboratories,Pharmaceuticals & Drugs,3873.72
JAGSNPHARM.NS,Jagsonpal Pharma,Pharmaceuticals & Drugs,1596.57
GUFICBIO.NS,Gufic Biosciences,Pharmaceuticals & Drugs,4461.57
ALBERTDAVD.NS,Albert David,Pharmaceuticals & Drugs,490.96
WANBURY.NS,Wanbury,Pharmaceuticals & Drugs,860.89
SEQUENT.NS,Viyash Scientific,Pharmaceuticals & Drugs,11711.23
KOPRAN.NS,Kopran,Pharmaceuticals & Drugs,1122.83
IOLCP.NS,IOL Chem & Pharma,Pharmaceuticals & Drugs,5869.08
SYNCOMF.NS,Syncom Formulations,Pharmaceuticals & Drugs,1934.52
AARTIDRUGS.NS,Aarti Drugs,Pharmaceuticals & Drugs,3939.67
ORCHPHARMA.NS,Orchid Pharma,Pharmaceuticals & Drugs,5716.94
KREBSBIO.NS,Krebs Biochem.&Inds,Pharmaceuticals & Drugs,120.63
KILITCH.NS,Kilitch Drugs(India),Pharmaceuticals & Drugs,632.63
124663.BO,Bharat Immunological,Pharmaceuticals & Drugs,66.24
BALPHARMA.NS,Bal Pharma,Pharmaceuticals & Drugs,139.67
FDC.NS,FDC,Pharmaceuticals & Drugs,5581.13
MEDICAMEQ.NS,Medicamen Biotech,Pharmaceuticals & Drugs,366.54
INDOCO.NS,Indoco Remedies,Pharmaceuticals & Drugs,2423.06
VIVIMEDLAB.NS,Vivimed Labs,Pharmaceuticals & Drugs,54.56
ALPA.NS,Alpa Laboratories,Pharmaceuticals & Drugs,131.95
INDSWFTLAB.NS,Ind-Swift Labs.,Pharmaceuticals & Drugs,3095.4
NGLFINE.NS,NGL Fine-Chem,Pharmaceuticals & Drugs,1796.26
PANACEABIO.NS,Panacea Biotec,Pharmaceuticals & Drugs,2335.18
SUVEN.NS,Suven Life Sciences,Pharmaceuticals & Drugs,10680.87
SMSPHARMA.NS,SMS Pharmaceuticals,Pharmaceuticals & Drugs,3675.84
NATCAPSUQ.NS,Natural Capsules,Pharmaceuticals & Drugs,225.32
AMRUTANJAN.NS,Amrutanjan Health.,Pharmaceuticals & Drugs,1461.29
ADVENZYMES.NS,Advanced Enzyme Tech,Pharmaceuticals & Drugs,3283.14
RPGLIFE.NS,RPG Life Sciences,Pharmaceuticals & Drugs,4501.26
BAJAJHCARE.NS,Bajaj Healthcare,Pharmaceuticals & Drugs,1082.17
AKUMS.NS,Akums Drugs & Pharma,Pharmaceuticals & Drugs,12052.44
ZIMLAB.NS,Zim Laboratories,Pharmaceuticals & Drugs,673.41
MEDICO.NS,Medico Remedies,Pharmaceuticals & Drugs,330.86
AMANTA.NS,Amanta Healthcare,Pharmaceuticals & Drugs,753.41
SUDEEPPHRM.NS,Sudeep Pharma,Pharmaceuticals & Drugs,15014.26
THEMISMED.NS,Themis Medicare,Pharmaceuticals & Drugs,1109.07
WINDLAS.NS,Windlas Biotech,Pharmaceuticals & Drugs,2324.36
ANTHEM.NS,Anthem Biosciences,Pharmaceuticals & Drugs,52636.34
DCAL.NS,Dishman Carbogen Amc,Pharmaceuticals & Drugs,2733.98
281566.BO,Kwality Pharma,Pharmaceuticals & Drugs,3409.1
288429.BO,Deccan Health Care,Pharmaceuticals & Drugs,31.41
VINEETLAB.NS,Vineet Laboratories,Pharmaceuticals & Drugs,71.77
285120.BO,ANG Lifesciences,Pharmaceuticals & Drugs,44.52
LASA.NS,Lasa Supergenerics,Pharmaceuticals & Drugs,33.72
BROOKS.NS,Brooks Laboratories,Pharmaceuticals & Drugs,194.62
SOLARA.NS,Solara Active Pharma,Pharmaceuticals & Drugs,3083.93
VALIANTLAB.NS,Valiant Laboratories,Pharmaceuticals & Drugs,575.55
AHCL.NS,Anlon Healthcare,Pharmaceuticals & Drugs,833.42
INNOVACAP.NS,Innova Captab,Pharmaceuticals & Drugs,6726.22
CORONA.NS,CORONA Remedies,Pharmaceuticals & Drugs,12844.23
SENORES.NS,Senores Pharmaceutic,Pharmaceuticals & Drugs,6578.29
LINCOLN.NS,Lincoln Pharma,Pharmaceuticals & Drugs,1243.45
226469.BO,Shelter Pharma,Pharmaceuticals & Drugs,53.2
277523.BO,Ganga Pharma,Pharmaceuticals & Drugs,7.09
294587.BO,Sudarshan Pharma (I),Pharmaceuticals & Drugs,1003.12
318878.BO,Asston Pharma,Pharmaceuticals & Drugs,120.1
316734.BO,Astonea Labs,Pharmaceuticals & Drugs,281.69
306950.BO,Trident Lifeline,Pharmaceuticals & Drugs,350.7
294654.BO,Cian Healthcare,Pharmaceuticals & Drugs,33.48
131521.BO,Desh Rakshak Aushdh,Pharmaceuticals & Drugs,15.33
124604.BO,Adline Chem Lab,Pharmaceuticals & Drugs,7.09
VENUSREM.NS,Venus Remedies,Pharmaceuticals & Drugs,2264.9
NECLIFE.NS,Nectar Lifesciences,Pharmaceuticals & Drugs,236.8
ORTINGLOBE.NS,Ortin Global,Pharmaceuticals & Drugs,12.74
MANGALAM.NS,Mangalam Drugs&Org.,Pharmaceuticals & Drugs,47.52
HALEOSLABS.NS,Haleos Labs,Pharmaceuticals & Drugs,438.77
BAFNAPH.NS,Bafna Pharmaceutical,Pharmaceuticals & Drugs,699.87
106414.BO,Fermenta Biotech,Pharmaceuticals & Drugs,1467.13
106128.BO,Parnax Lab,Pharmaceuticals & Drugs,154.83
AMBASARABH.NS,Ambalal Sarabhai Ent,Pharmaceuticals & Drugs,335.12
111509.BO,Vivo Bio Tech,Pharmaceuticals & Drugs,41.72
124314.BO,Gujarat Terce Labs.,Pharmaceuticals & Drugs,31.7
124414.BO,Norris Medicines,Pharmaceuticals & Drugs,13.65
124202.BO,Lactose (India),Pharmaceuticals & Drugs,133.95
106919.BO,Makers Laboratories,Pharmaceuticals & Drugs,112.05
124606.BO,Beryl Drugs,Pharmaceuticals & Drugs,12.47
124506.BO,Coral Laboratories,Pharmaceuticals & Drugs,205.07
124400.BO,Ishita Drugs & Inds.,Pharmaceuticals & Drugs,21.8
124572.BO,Pharmaids Pharma,Pharmaceuticals & Drugs,109.65
124516.BO,Bacil Pharma,Pharmaceuticals & Drugs,21.96
124790.BO,Everest Organics,Pharmaceuticals & Drugs,271.83
124731.BO,Jenburkt Pharma,Pharmaceuticals & Drugs,458.45
126345.BO,Panjon,Pharmaceuticals & Drugs,38.45
130125.BO,Samrat Pharmachem,Pharmaceuticals & Drugs,71.53
124703.BO,Sandu Pharmaceutical,Pharmaceuticals & Drugs,36.92
130163.BO,Kerala Ayurveda,Pharmaceuticals & Drugs,235.86
124636.BO,Oxygenta Pharma,Pharmaceuticals & Drugs,200.38
130317.BO,Godavari Drugs,Pharmaceuticals & Drugs,115.7
130991.BO,Roopa Industries,Pharmaceuticals & Drugs,38.89
130665.BO,Zenith Health Care,Pharmaceuticals & Drugs,17.09
131398.BO,Source Natural Foods,Pharmaceuticals & Drugs,68.59
130313.BO,Kimia Biosciences,Pharmaceuticals & Drugs,138.48
131739.BO,Gennex Laboratories,Pharmaceuticals & Drugs,294.45
131762.BO,Unjha Formulations,Pharmaceuticals & Drugs,13.73
130233.BO,Auro Laboratories,Pharmaceuticals & Drugs,160.11
131210.BO,Colinz Laboratories,Pharmaceuticals & Drugs,18.28
131569.BO,Sanjivani Paranteral,Pharmaceuticals & Drugs,232.91
PANCHSHEEL.NS,Panchsheel Organics,Pharmaceuticals & Drugs,139.62
200199.BO,Denis Chem Lab,Pharmaceuticals & Drugs,98.11
219412.BO,Fredun Pharma,Pharmaceuticals & Drugs,2432.25
132384.BO,Tyche Industries,Pharmaceuticals & Drugs,112.19
132039.BO,Zenotech Labs.,Pharmaceuticals & Drugs,278.3
284996.BO,Parmax Pharma,Pharmaceuticals & Drugs,91.11
220082.BO,Mercury Laboratories,Pharmaceuticals & Drugs,90.12
132041.BO,Hind Bio Sciences,Pharmaceuticals & Drugs,7.64
225603.BO,Bharat Parenterals,Pharmaceuticals & Drugs,1056.74
243552.BO,Concord Drugs,Pharmaceuticals & Drugs,106.48
287181.BO,Shree Ganesh Remed.,Pharmaceuticals & Drugs,909.61
112600.BO,Astal Laboratories,Pharmaceuticals & Drugs,336.81
124632.BO,Shukra Pharmaceut.,Pharmaceuticals & Drugs,2289.01
124602.BO,Bandaram Pharma Pack,Pharmaceuticals & Drugs,39
124622.BO,iStreet Network,Pharmaceuticals & Drugs,371.71
123620.BO,Phaarmasia,Pharmaceuticals & Drugs,56.39
130091.BO,Zyden Gentec,Pharmaceuticals & Drugs,0
131686.BO,MPS Pharmaa,Pharmaceuticals & Drugs,3.8
124238.BO,Guj. Inject (Kerala),Pharmaceuticals & Drugs,162.6
106365.BO,StarsourceMultitrade,Pharmaceuticals & Drugs,11.95
131689.BO,IndoAmerican Advance,Pharmaceuticals & Drugs,0
131541.BO,Kobo Biotech,Pharmaceuticals & Drugs,12.15
UNIVPHOTO.NS,Universus Photo Imag,Photographic Products,536.82
SGLRES.NS,SGL Resources,Photographic Products,
130427.BO,Choksi Asia,Photographic Products,144.18
126544.BO,SGL Resources,Photographic Products,60.37
JISLJALEQS.NS,Jain Irrigation Sys,Plastic Products,2206
126901.BO,Sonal Adhesives,Plastic Products,26.97
MILTONPLAS.NS,MPL Plastics,Plastic Products,9.36
AERON.NS,Aeron Composite,Plastic Products,141.27
106858.BO,Guj. Petrosynthese,Plastic Products,32.71
AVROIND.NS,Avro India,Plastic Products,117
299961.BO,GM Polyplast,Plastic Products,78.74
324940.BO,Prima Innovation,Plastic Products,
305172.BO,EP Biocomposites,Plastic Products,15.13
321352.BO,Bai-Kakaji Polymers,Plastic Products,636.46
SUPREMEIND.NS,Supreme Industries,Plastic Products,44141.84
ASTRAL.NS,Astral,Plastic Products,40106.78
FINPIPE.NS,Finolex Industries,Plastic Products,9842.63
GRWRHITECH.NS,Garware Hi-Tech Film,Plastic Products,16463.64
TIMETECHNO.NS,Time Technoplast,Plastic Products,9304.53
NIRAJISPAT.NS,Niraj Ispat Inds.,Plastic Products,23.27
215250.BO,Dalmia Laminators Limited,Plastic Products,0
220683.BO,Ganpati Plastfab,Plastic Products,0
212587.BO,Ashok Polymers Limited,Plastic Products,0
241012.BO,Wavin India,Plastic Products,0
SRIVASAVI.NS,Srivasavi Adhesive,Plastic Products,111.98
AHIMSA.NS,Ahimsa Industries,Plastic Products,14.1
SMVD.NS,SMVD Poly Pack,Plastic Products,17.05
239474.BO,Som Shiva (Impex),Plastic Products,0
TIRUPATI.NS,Shree Tirupati Balaj,Plastic Products,312.01
240964.BO,United Impex,Plastic Products,0
254740.BO,Kamakhya (India),Plastic Products,0
245884.BO,Electro Polychem,Plastic Products,0
RPPL.NS,Rajshree Polypack,Plastic Products,172.91
REXPIPES.NS,REX Pipes and Cables,Plastic Products,151.81
COOLCAPS.NS,Cool Caps Industries,Plastic Products,288.18
MEGAFLEX.NS,Mega Flex Plastics,Plastic Products,110.39
MASTER.NS,Master Components,Plastic Products,171.98
PRAMARA.NS,Pramara Promotions,Plastic Products,142.58
ESFL.NS,Essen SpecialityFilm,Plastic Products,299.93
POLYSIL.NS,Polysil Irr Systems,Plastic Products,186.6
BARFLEX.NS,Barflex Polyfilms,Plastic Products,150.72
BULKCORP.NS,Bulkcorp Internatl.,Plastic Products,58.61
MPEL.NS,Manas Polymers&Energ,Plastic Products,63.8
BALCO.NS,Solve Plastic Prod.,Plastic Products,8.3
VIGOR.NS,Vigor Plast India,Plastic Products,106.1
ARCIIL.NS,ARC Insulation & Ins,Plastic Products,38.05
JYOTIGLOBL.NS,Jyoti Global Plast,Plastic Products,79.87
214136.BO,Shakun Polymers,Plastic Products,
220716.BO,Lotus Roofings,Plastic Products,
255000.BO,Wavin Industries,Plastic Products,
289616.BO,Bajaj SuperpackIndia,Plastic Products,
226997.BO,Fusion Industries,Plastic Products,
294922.BO,Prabh Dayal Om Park,Plastic Products,
322040.BO,Diksha Polymers,Plastic Products,105.49
322767.BO,Atharva Poly-Plast,Plastic Products,149.54
SHAILY.NS,Shaily Engg. Plastic,Plastic Products,15078.62
BEARDSELL.NS,Beardsell,Plastic Products,99.82
ESTER.NS,Ester Inds,Plastic Products,975.89
RESPONIND.NS,Responsive Inds.,Plastic Products,4129.77
TOKYOPLAST.NS,Tokyo Plast Intnatl.,Plastic Products,72.7
TAINWALCHM.NS,Tainwala Chem&Plast.,Plastic Products,200.12
KANPRPLA.NS,Kanpur Plastipack,Plastic Products,614.8
PILITA.NS,PIL ITALICA Life.,Plastic Products,188.47
NAHARPOLY.NS,Nahar Poly Films,Plastic Products,601.27
123105.BO,Cropster Agro,Plastic Products,244.44
PREMIERPOL.NS,Premier Polyfilm,Plastic Products,998.82
KINGFA.NS,Kingfa Science &Tech,Plastic Products,8039.36
NILKAMAL.NS,Nilkamal,Plastic Products,3158.35
POLYPLEX.NS,Polyplex Corporation,Plastic Products,3738.84
PEARLPOLY.NS,Pearl Polymers,Plastic Products,25.39
ORIENTLTD.NS,Orient Press,Plastic Products,80.65
COSMOFIRST.NS,Cosmo First,Plastic Products,2414.58
HITECHCORP.NS,Hitech Corporation,Plastic Products,578.82
TPLPLASTEH.NS,TPL Plastech,Plastic Products,559.59
APOLLOPIPE.NS,Apollo Pipes,Plastic Products,2665.36
SHREERAMA.NS,Shree RamaMulti-Tech,Plastic Products,588.47
TIJARIA.NS,Tijaria Polypipes,Plastic Products,27.31
TARSONS.NS,Tarsons Products,Plastic Products,1785.34
XPROINDIA.NS,Xpro India,Plastic Products,3110.06
TEXMOPIPES.NS,Texmo Pipes & Prod.,Plastic Products,134.97
PRINCEPIPE.NS,Prince Pipes&Fitting,Plastic Products,3128.88
BALAJEE.NS,Shree Tirup.Bal.Agro,Plastic Products,213.39
EMMBI.NS,Emmbi Industries,Plastic Products,175.09
AMDIND.NS,AMD Industries,Plastic Products,115.61
AERONEU.NS,Aeroflex Neu,Plastic Products,207.84
ALLTIME.NS,All Time Plastics,Plastic Products,1349.98
KRITI.NS,Kriti Industries (I),Plastic Products,324.61
EPACKPEB.NS,EPack Prefab Techno.,Plastic Products,2325.63
JAICORPLTD.NS,Jai Corp,Plastic Products,1746.63
PPL.NS,Prakash Pipes,Plastic Products,626.66
DDEVPLSTIK.NS,Ddev Plastiks Inds.,Plastic Products,2824.91
271850.BO,Captain Pipes,Plastic Products,130.6
304499.BO,Clara Industries,Plastic Products,86.49
307568.BO,Technopack Polymers,Plastic Products,11.93
312299.BO,Swashthik Plascon,Plastic Products,43.61
310216.BO,Kaka Industries,Plastic Products,305.57
312840.BO,Harshdeep Hortico,Plastic Products,136.11
311154.BO,Aik Pipes & Polymers,Plastic Products,20.78
317114.BO,Malpani Pipe&Fitting,Plastic Products,63.59
319552.BO,BD Industries (Pune),Plastic Products,154.18
316573.BO,LK Mehta Polymers,Plastic Products,14.71
317136.BO,Srigee DLM,Plastic Products,53.17
322854.BO,KV Toys India,Plastic Products,171.26
320316.BO,Bhavik Enterprises,Plastic Products,293.16
304661.BO,Quality RO Inds.,Plastic Products,7.4
251863.BO,Polymac Thermoformer,Plastic Products,4.86
309493.BO,Command Polymers,Plastic Products,19.69
130921.BO,Integr.Thermoplastic,Plastic Products,5.28
COMSYN.NS,Commercial Syn Bags,Plastic Products,1215.42
GUJRAFFIA.NS,Gujarat Raffia Inds.,Plastic Products,22.16
286881.BO,Shish Industries,Plastic Products,544.32
130449.BO,Rungta Irrigation,Plastic Products,95.8
112453.BO,Shri Jagdamba Polymr,Plastic Products,547.94
TPINDIA.NS,TPL India,Plastic Products,81.97
CAPRIHANS.NS,Caprihans India,Plastic Products,198.48
114428.BO,Hindustan Adhesives,Plastic Products,189.76
117437.BO,Dutron Polymers,Plastic Products,60.33
113642.BO,Axel Polymers,Plastic Products,53.98
106979.BO,Apt Packaging,Plastic Products,81.86
123594.BO,Kunststoffe Inds.,Plastic Products,14.37
RISHIPACK.NS,Rishi Techtex,Plastic Products,29.86
117431.BO,Narmada MacplastDrip,Plastic Products,86.88
ROYALCUSHN.NS,Royal Cushion Vinyl,Plastic Products,43.1
123840.BO,Innovative Tech Pack,Plastic Products,33.63
126494.BO,Promact Plastics,Plastic Products,7
126409.BO,Kkalpana lnds. (I),Plastic Products,63.31
126001.BO,Jauss Polymers,Plastic Products,10.13
126355.BO,Duropack,Plastic Products,37.97
126616.BO,National Plastic Ind,Plastic Products,36.54
126717.BO,HCP Plastene Bulkpac,Plastic Products,342.61
126415.BO,OK Play India,Plastic Products,114.69
126703.BO,Ecoplast,Plastic Products,209.67
130401.BO,Vinyoflex,Plastic Products,23.1
130133.BO,Amco India,Plastic Products,26.32
BRIGHTBROS.NS,Bright Brothers,Plastic Products,144.73
126530.BO,IIRM Holdings India,Plastic Products,943.8
126965.BO,Guj. Craft Inds,Plastic Products,46.93
131780.BO,Kaiser Corporation,Plastic Products,31.47
130589.BO,Prima Plastics,Plastic Products,151.59
131287.BO,National PlasticTech,Plastic Products,131.99
190055.BO,Polyspin Exports,Plastic Products,29.64
131779.BO,Padmanabh Alloy&Poly,Plastic Products,9.99
130421.BO,Kuwer Industries,Plastic Products,9.39
130931.BO,Stanpacks (India),Plastic Products,7.8
235813.BO,Captain Polyplast,Plastic Products,373.77
270963.BO,Dhabriya Polywood,Plastic Products,544.95
282217.BO,Mitsu Chem Plast,Plastic Products,240.33
220640.BO,RDB Rasayans,Plastic Products,290.79
131397.BO,Polycon Internatl.,Plastic Products,11.98
130145.BO,Kisan Mouldings,Plastic Products,292.68
131989.BO,Deccan Polypacks,Plastic Products,4.65
KRISNAFILA.NS,Krishna Filament Ind,Plastic Products,4.34
114336.BO,CCME Global,Plastic Products,139.37
126675.BO,Tirth Plastic,Plastic Products,8.55
123230.BO,Jalpac India,Plastic Products,0
126799.BO,Union Qlty Plastics,Plastic Products,6.99
131280.BO,Pankaj Polymers,Plastic Products,90.06
130111.BO,Raj Packaging Inds.,Plastic Products,13.26
131929.BO,Innocorp,Plastic Products,3.88
132330.BO,Biopac India Corpn.,Plastic Products,3.43
130027.BO,Aadi Industries,Plastic Products,8.03
237982.BO,Vinayak Polycon Int.,Plastic Products,6.56
131673.BO,Anka India,Plastic Products,100.73
130611.BO,Sturdy Industries,Plastic Products,3.63
130683.BO,Pithampur Poly Prod,Plastic Products,4.76
317101.BO,Paradeep Parivahan,Port,473.4
ADANIPORTS.NS,Adani Ports &Special,Port,393354.94
GPPL.NS,Gujarat Pipavav Port,Port,7813.36
JSWINFRA.NS,JSW Infrastructure,Port,77589.05
274155.BO,Gita RenewableEnergy,Power Generation/Distribution,29.56
289293.BO,WAA Solar,Power Generation/Distribution,61.03
KARMAENG.NS,Karma Energy,Power Generation/Distribution,43.33
SRIKPRIND.NS,Sri KPR Industries,Power Generation/Distribution,
SEL.NS,Sungarner Energies,Power Generation/Distribution,73.72
DPSCLTD.NS,India Power Corpn.,Power Generation/Distribution,690.42
GIPCL.NS,Guj. Inds. Power Co,Power Generation/Distribution,3184.72
ADANIPOWER.NS,Adani Power,Power Generation/Distribution,399578.87
101622.BO,Amalgaated Elecy. Co,Power Generation/Distribution,38.84
CESC.NS,CESC,Power Generation/Distribution,19419.61
NTPC.NS,NTPC,Power Generation/Distribution,322414.15
POWERGRID.NS,Power Grid Corpn.,Power Generation/Distribution,247396.06
NHPC.NS,NHPC,Power Generation/Distribution,76593.39
NLCINDIA.NS,NLC India,Power Generation/Distribution,37862.11
254338.BO,Bajaj Energy,Power Generation/Distribution,
244868.BO,Patna Electric Suppl,Power Generation/Distribution,0
245184.BO,Sunil Energy,Power Generation/Distribution,0
255292.BO,Shahjahanpur Elect.,Power Generation/Distribution,0
268182.BO,Floreat Power Proj.,Power Generation/Distribution,0
244967.BO,RB Jodhamal Vidyut,Power Generation/Distribution,0
272756.BO,Renew Pvt Ltd.,Power Generation/Distribution,
255334.BO,SEIL Energy India,Power Generation/Distribution,
288437.BO,POM Hydro Energy,Power Generation/Distribution,
321317.BO,Juniper Green Energy,Power Generation/Distribution,15084.15
292009.BO,PR Ecoenergy,Power Generation/Distribution,
293537.BO,Clean Max Env. Energ,Power Generation/Distribution,15842.1
TORNTPOWER.NS,Torrent Power,Power Generation/Distribution,65462.11
TATAPOWER.NS,Tata Power,Power Generation/Distribution,117588.5
PTC.NS,PTC India,Power Generation/Distribution,4626.31
RPOWER.NS,Reliance Power,Power Generation/Distribution,9131.78
JPPOWER.NS,JP Power Ventures,Power Generation/Distribution,11164.28
JSWENERGY.NS,JSW Energy,Power Generation/Distribution,98980.57
RTNPOWER.NS,RattanIndia Power,Power Generation/Distribution,3952.4
SJVN.NS,SJVN,Power Generation/Distribution,25634.05
IEX.NS,Indian Energy Exch.,Power Generation/Distribution,10603.12
ADANIGREEN.NS,Adani Green Energy,Power Generation/Distribution,214347.03
NTPCGREEN.NS,NTPC Green Energy,Power Generation/Distribution,75297.68
ACMESOLAR.NS,Acme Solar Holdings,Power Generation/Distribution,29547.35
ADANIENSOL.NS,Adani Energy Solut.,Power Generation/Distribution,172387.66
GREENPOWER.NS,Orient Green Power,Power Generation/Distribution,1108.95
RELTD.NS,Ravindra Energy,Power Generation/Distribution,3204.19
INDOWIND.NS,Indowind Energy,Power Generation/Distribution,145.22
ENERGYDEV.NS,Energy Development,Power Generation/Distribution,73.58
GVKPIL.NS,GVK Power & Infra,Power Generation/Distribution,328.48
RELINFRA.NS,Reliance Infrast.,Power Generation/Distribution,2330.02
114442.BO,Sri KPR Industries,Power Generation/Distribution,67.25
126025.BO,Globus Power Generat,Power Generation/Distribution,122.2
103657.BO,Veer Energy & Infra,Power Generation/Distribution,20.51
BFUTILITIE.NS,BF Utilities,Power Generation/Distribution,2043.28
KSHITIJPOL.NS,Kshitij Polyline,Printing & Stationery,71.26
KOKUYOCMLN.NS,Kokuyo Camlin,Printing & Stationery,808.55
LINC.NS,Linc,Printing & Stationery,565.56
DOMS.NS,DOMS Industries,Printing & Stationery,13404.23
VASA.NS,VASA Retail&Overseas,Printing & Stationery,2.43
308969.BO,Labelkraft Techno,Printing & Stationery,20.11
SUNDARAM.NS,Sundaram Multi Pap,Printing & Stationery,58.29
FLAIR.NS,Flair Writing Ind.,Printing & Stationery,2568.59
243369.BO,Calcutta Security,Printing & Stationery,0
275192.BO,Gala Global Products,Printing & Stationery,7.1
CYBERMEDIA.NS,Cyber Media (I),Printing And Publishing,54.54
321269.BO,Dachepalli Publisher,Printing And Publishing,127.37
DJML.NS,DJ Mediaprint & Logi,Printing And Publishing,271.77
WOL3D.NS,WOL 3D India,Printing And Publishing,88.07
SABEVENTS.NS,SAB Events & Govern.,Printing And Publishing,6.95
MPTODAY.NS,Madhya Pradesh Today,Printing And Publishing,18.98
SAMBHAAV.NS,Sambhaav Media,Printing And Publishing,113.52
NEXTMEDIA.NS,Next Mediaworks,Printing And Publishing,26.02
130787.BO,Inland Printers,Printing And Publishing,38.52
HMVL.NS,Hindustan Media Vent,Printing And Publishing,620.9
DBCORP.NS,D.B. Corp,Printing And Publishing,3487.55
NAVNETEDUL.NS,Navneet Education,Printing And Publishing,2902.54
JAGRAN.NS,Jagran Prakashan,Printing And Publishing,1327.26
MPSLTD.NS,MPS,Printing And Publishing,4548.27
CHETANA.NS,Chetana Education,Printing And Publishing,89.05
213338.BO,Indiacom Ltd.,Printing And Publishing,0
292459.BO,Zircon Technologies,Printing And Publishing,
287769.BO,Aventez Media & Tech,Printing And Publishing,
CMRSL.NS,Cyber Media Research,Printing And Publishing,21.42
KEEPLEARN.NS,DSJ Keep Learning,Printing And Publishing,29.12
SANDESH.NS,Sandesh,Printing And Publishing,795.77
INFOMEDIA.NS,Infomedia Press,Printing And Publishing,26.85
REPRO.NS,Repro India,Printing And Publishing,458.26
DNAMEDIA.NS,Diligent Media Corpn,Printing And Publishing,30.96
SCHAND.NS,S Chand And Company,Printing And Publishing,481.15
HTMEDIA.NS,HT Media,Printing And Publishing,608
DGCONTENT.NS,Digicontent,Printing And Publishing,144.48
222869.BO,Olympic Cards,Printing And Publishing,4.89
126841.BO,Shakti Press,Printing And Publishing,32.61
130733.BO,Encode Packaging,Printing And Publishing,3.93
298014.BO,Nirmitee Robotics,Professional Services,46.82
287445.BO,Sanghvi Brands,Professional Services,14.55
318591.BO,Safecure Services,Professional Services,22.79
PROPEQUITY.NS,PE Analytics,Professional Services,244.8
TOUCHWOOD.NS,Touchwood Entertain.,Professional Services,69.6
PARTYCRUS.NS,Party Cruisers,Professional Services,95.56
WHITEFORCE.NS,Happy Square Outsou.,Professional Services,44.08
319383.BO,Chatterbox Tech.,Professional Services,55.2
287180.BO,Kaarya Facilities,Professional Services,10.49
316684.BO,Landmark GlobalLearn,Professional Services,22.86
QUESS.NS,Quess Corp,Professional Services,5299.47
BLS.NS,BLS Internatl. Serv.,Professional Services,9831.96
TEAMLEASE.NS,TeamLease Services,Professional Services,1911.09
SIS.NS,SIS,Professional Services,6090.66
KRYSTAL.NS,Krystal Integrated,Professional Services,914.6
REPL.NS,Rudrabhishek Enter.,Professional Services,114.52
320057.BO,Teja Engg. Inds.,Professional Services,151.48
AARVI.NS,Aarvi Encon,Professional Services,210.67
KAPSTON.NS,Kapston Services,Professional Services,1777.39
KHFM.NS,KHFM Hospitality,Professional Services,103.88
DUGLOBAL.NS,DU Digital Global,Professional Services,183.81
LLOYDS.NS,Lloyds Luxuries,Professional Services,139.98
SPECTSTM.NS,Spectrm Talent Mngmt,Professional Services,129.32
IPSL.NS,Integrated Personnel,Professional Services,219.58
WINNY.NS,Winny Immigration,Professional Services,6.73
DRONE.NS,Drone Destination,Professional Services,81.74
EMAPARTNER.NS,EMA Partners India,Professional Services,192.22
SERVICE.NS,Service Care,Professional Services,92.57
SFML.NS,Supreme FacilityMgmt,Professional Services,53.38
MGSL.NS,Matrix Geo Solutions,Professional Services,107.61
MARC.NS,Marc Technocrats,Professional Services,257.28
233062.BO,India ExpositionMart,Professional Services,
CSSL.NS,Clear Secured Serv.,Professional Services,220.39
ARMOUR.NS,Armour Security (I),Professional Services,30.37
227021.BO,Fusion Events,Professional Services,
298839.BO,La Mclean India,Professional Services,
306150.BO,First Merid.Business,Professional Services,
316598.BO,Innovision,Professional Services,607
322713.BO,Propshop Events,Professional Services,102.56
322810.BO,PAN HR Solution,Professional Services,36.05
BLSE.NS,BLS E-Services,Professional Services,2907.86
BLUSPRING.NS,Bluspring Enterprise,Professional Services,2077.48
UDS.NS,Updater Services,Professional Services,1600.38
URBANCO.NS,Urban Company,Professional Services,27927.35
216021.BO,ITCONS E-Solutions,Professional Services,264.35
270873.BO,Nis Management,Professional Services,91.18
309655.BO,Exhicon Events Media,Professional Services,770.42
307866.BO,Droneacharya Aerial,Professional Services,79.83
315267.BO,Share Samadhan,Professional Services,57.91
287739.BO,Rithwik FacilityMgmt,Professional Services,47.74
304662.BO,Maruti Interior Prod,Professional Services,200.36
309492.BO,Innovatus Entertain.,Professional Services,34.25
RAJASPETRO.NS,Rajasthan Petro Syn.,Professional Services,16.2
GCSL.NS,Gretex CorporateServ,Professional Services,1437.84
236705.BO,Toyam Sports,Professional Services,35.25
126853.BO,Bilcare,Professional Services,225.68
219375.BO,Sagarsoft (India),Professional Services,61.93
RUCHISTRIP.NS,IMEC Services,Professional Services,20.17
TITAGARH.NS,Titagarh Railsystems,Railways Wagons/Coaches,11741.53
TEXRAIL.NS,Texmaco Rail & Engg.,Railways Wagons/Coaches,4719.22
JWL.NS,Jupiter Wagons,Railways Wagons/Coaches,10395.36
CARERATING.NS,Care Ratings,Ratings,5235.18
CRISIL.NS,CRISIL,Ratings,35117.03
ICRA.NS,ICRA,Ratings,4714.14
123232.BO,Continental Petrol.,Refineries,75.11
RELIANCE.NS,Reliance Industries,Refineries,1789001.62
CHENNPETRO.NS,Chennai Petrol. Corp,Refineries,21624.91
IOC.NS,Indian Oil Corpn.,Refineries,194308.24
BPCL.NS,Bharat PetroleumCorp,Refineries,136966.62
HINDPETRO.NS,HPCL,Refineries,75856.87
MRPL.NS,MRPL,Refineries,30640.68
245410.BO,KLJ Resources,Refineries,0
102294.BO,Nilachal Refactories,Refractories,78.37
102250.BO,Lerthai Finance,Refractories,36.79
131168.BO,Associated Ceramics,Refractories,34.35
RHIM.NS,RHI Magnesita India,Refractories,7668.43
VESUVIUS.NS,Vesuvius India,Refractories,8507.1
RPEL.NS,Raghav Productivity,Refractories,8299.01
IFGLEXPOR.NS,IFGL Refractories,Refractories,1475.38
MONOLITH.NS,Monolithisch India,Refractories,2751.02
102271.BO,Raasi Refractories,Refractories,8.65
123160.BO,Foseco Crucible (I),Refractories,1012.73
ORIENTCER.NS,Orient Ceratech,Refractories,525.34
SPRL.NS,SP Refractories,Refractories,18.34
296003.BO,Zircar Refractories,Refractories,
REFRACTORY.NS,Refractory Shapes,Refractories,55.05
277196.BO,Pecos Hotels & Pubs,Restaurants,33.01
NEO.NS,Neopolitan Pizza,Restaurants,12.5
COFFEEDAY.NS,Coffee Day Enter.,Restaurants,694.17
321163.BO,Vegorama Punjabi Ang,Restaurants,370.59
279759.BO,Vikram Kamats Hospit,Restaurants,66.15
WESTLIFE.NS,Westlife Foodworld,Restaurants,8273.97
UFBL.NS,United Foodbrands,Restaurants,2739.61
RBA.NS,Restau. Brands Asia,Restaurants,6917.84
TRAVELFOOD.NS,Travel Food Services,Restaurants,17073.59
SPECIALITY.NS,Speciality Restauran,Restaurants,673.32
311419.BO,Davin Sons Retail,Retailing,18.09
HEADSUP.NS,Heads UP Ventures,Retailing,15.92
KORE.NS,Jay Jalaram Techno.,Retailing,150.11
306584.BO,Mafia Trends,Retailing,2.48
320146.BO,Jay Ambe Supermarket,Retailing,122.41
316726.BO,DSM Fresh Foods,Retailing,138.18
FRETAIL.NS,Future Retail,Retailing,123.64
307712.BO,Logica Infoway,Retailing,281.2
CKKRETAIL.NS,CKK Retail Mart,Retailing,
106186.BO,Galaxy Supermarket,Retailing,
DMART.NS,Avenue Supermarts,Retailing,245896.73
TRENT.NS,Trent,Retailing,152136.58
VMM.NS,Vishal Mega Mart,Retailing,49724.56
PNGJL.NS,PN Gadgil Jewellers,Retailing,8965.37
METROBRAND.NS,Metro Brands,Retailing,25327.95
BMETRICS.NS,Bombay MetricsSupply,Retailing,43.28
254361.BO,Bhutoria Valve Udyog,Retailing,0
BIRDYS.NS,Grill Splendour Serv,Retailing,59.67
268122.BO,Ebony (India),Retailing,0
ROCKINGDCE.NS,Rocking.Circular,Retailing,194.4
WOMANCART.NS,Womancart,Retailing,86.81
ONDOOR.NS,On Door Concepts,Retailing,202.73
FONEBOX.NS,Fonebox Retail,Retailing,102.6
MAGSON.NS,Magson Retail & Dist,Retailing,271.88
OSIAHYPER.NS,OSIA Hyper Retail,Retailing,43.71
PURPLEUTED.NS,Purple United Sales,Retailing,399.96
314609.BO,CKK Retail Mart,Retailing,292.46
PROFX.NS,Pro FX Tech,Retailing,134.78
319977.BO,Brandman Retail,Retailing,316.17
320221.BO,Kiaasa Retail,Retailing,56.35
321136.BO,PNGS Reva Diamond,Retailing,1636.75
321548.BO,Mehul Telecom,Retailing,111.83
324032.BO,Vinit Mobile,Retailing,36.31
VIPIND.NS,VIP Industries,Retailing,4461.2
ETHOSLTD.NS,Ethos Ltd.,Retailing,7472.89
VMART.NS,V-Mart Retail,Retailing,6558.6
AVL.NS,Aditya Vision,Retailing,7748.93
ABFRL.NS,Aditya Birla Fashion,Retailing,6465.19
EMIL.NS,Electronics Mart Ind,Retailing,6684.62
MEDPLUS.NS,Medplus Health Serv.,Retailing,8125.47
ARVINDFASN.NS,Arvind Fashions,Retailing,5969.57
SHOPERSTOP.NS,Shoppers Stop,Retailing,4207.1
ARCHIES.NS,Archies,Retailing,43.58
V2RETAIL.NS,V2 Retail,Retailing,7894.4
KHADIM.NS,Khadim India,Retailing,215.58
SPENCERS.NS,Spencer''s Retail,Retailing,256.88
SHANKARA.NS,Shankara Bldg. Prod.,Retailing,359.33
KALAMANDIR.NS,Sai Silks (Kalaman),Retailing,1326.46
STYLEBAAZA.NS,Baazar Style Retail,Retailing,3046.6
INDTERRAIN.NS,Indian Terrain Fash.,Retailing,154.13
GOCOLORS.NS,Go Fashion (India),Retailing,1718.05
PRAXIS.NS,Praxis Home Retail,Retailing,86.4
REDTAPE.NS,Redtape,Retailing,6657.46
RETAIL.NS,JHS SvendgaardRetail,Retailing,18.11
DIGIDRIVE.NS,Digidrive Distribut.,Retailing,68.06
PATELRMART.NS,Patel Retail,Retailing,729.2
ABLBL.NS,Aditya Birla Life,Retailing,10505.03
282664.BO,Aditya Consumer Mktg,Retailing,46.57
307299.BO,Manoj Jewellers,Retailing,46.73
314164.BO,3C IT Solutions,Retailing,11.52
249647.BO,Benchmark Computer,Retailing,30.96
238274.BO,Shantiguru Inds.,Retailing,10.86
308320.BO,PNGS Gargi Fashion,Retailing,572.73
319992.BO,Umiya Mobile,Retailing,85.32
271285.BO,JLA Infraville Shop.,Retailing,1.38
BUILDPRO.NS,Shankara Buildpro,Retailing,3148.05
121105.BO,Olympia Industries,Retailing,15.14
288345.BO,Bhatia Communication,Retailing,450.37
222448.BO,Binny Mills,Retailing,58.41
274114.BO,Kalpa Commercial,Retailing,8.13
283135.BO,Sabrimala Industries,Retailing,13.17
294986.BO,Chandni Machines,Retailing,68.27
FEL.NS,Future Enterprises,Retailing,17.29
FLFL.NS,Future LS Fashions,Retailing,25.22
269277.BO,Diva Organic Living,Retailing,23.56
PENTAGON.NS,Pentagon Rubber,Rubber  Products,63.45
322772.BO,Defrail Technologies,Rubber  Products,51.63
109162.BO,Indag Rubber,Rubber  Products,349.78
RUBFILA.NS,Rubfila Internatl.,Rubber  Products,383.62
131346.BO,Eastern Treads,Rubber  Products,16.05
108571.BO,Cochin Malabar Est.,Rubber  Products,25.23
307514.BO,Rex Sealing  & Pack.,Rubber  Products,27.14
130369.BO,Vamshi Rubber,Rubber  Products,16.27
APCOTEXIND.NS,Apcotex Industries,Rubber  Products,3294.75
SAMPANN.NS,Sampann UtpadanIndia,Rubber  Products,128.75
PIXTRANS.NS,Pix Transmission,Rubber  Products,2441.23
TINNARUBR.NS,Tinna Rubber & Infra,Rubber  Products,1852.38
HARRMALAYA.NS,Harrisons Malayalam,Rubber  Products,355.67
222668.BO,MIL Inds.,Rubber  Products,0
219536.BO,The Rajagiri Rubber,Rubber  Products,0
219532.BO,The Mercara Rubbers,Rubber  Products,0
245136.BO,Soni Rubber Products,Rubber  Products,0
244971.BO,RD Rubber Reclaim,Rubber  Products,0
227514.BO,The Kailas Rubber Co,Rubber  Products,0
LRRPL.NS,Lead Reclaim&Rubber,Rubber  Products,85.67
243785.BO,Far Seen Rubber Inds,Rubber  Products,0
GRCL.NS,Gayatri Rubbers&Chem,Rubber  Products,329.94
255332.BO,Thamarapally Rubber,Rubber  Products,0
SOMICONVEY.NS,Somi Conveyor Beltg.,Rubber  Products,107.58
319985.BO,Ameenji Rubber,Rubber  Products,234.62
ELGIRUBCO.NS,Elgi Rubber Co.,Rubber  Products,293.74
109196.BO,MM Rubber Company,Rubber  Products,35.62
221514.BO,VMS Industries,Ship Building,49.49
252655.BO,Laxmipati Engg.Work,Ship Building,255.62
GRSE.NS,Garden Reach Ship,Ship Building,29018.31
COCHINSHIP.NS,Cochin Shipyard,Ship Building,39438.44
MAZDOCK.NS,Mazagon Dock Ship.,Ship Building,99836.55
KMEW.NS,Knowledge Marine,Ship Building,7694.01
SWANDEF.NS,Swan Defence & Heavy,Ship Building,13276.96
289813.BO,Aquarius Shipyard,Ship Building,
ABSMARINE.NS,ABS Marine Services,Shipping,829.54
126508.BO,Shahi Shipping,Shipping,17.93
GLOBOFFS.NS,Garware OffshoreServ,Shipping,
SHREEJISPG.NS,Shreeji Ship.Global,Shipping,11080.89
CHOWGULSTM.NS,Chowgule Steamships,Shipping,82.46
DECCANTRAN.NS,Deccan Transcon Lsg.,Shipping,45.45
SADHAV.NS,Sadhav Shipping,Shipping,178.51
HRYNSHP.NS,Hariyana Ship Break,Shipping,
SCILAL.NS,Ship. Corp. Land,Shipping,1852.48
SCI.NS,Shipping Corpn.India,Shipping,13757.37
GESHIP.NS,Great Eastern Ship.,Shipping,19554.82
ESSARSHPNG.NS,Essar Shipping,Shipping,353.72
SEAMECLTD.NS,Seamec,Shipping,4560.23
ARVINDPORT.NS,Arvind Port  & Infra,Shipping,56.95
254409.BO,CLS,Shipping,0
209206.BO,Seven Islands Shipp,Shipping,
293188.BO,Winwin Maritime,Shipping,
269071.BO,Port Shipping Co,Shipping,0
TRANSWORLD.NS,Transworld Shipping,Shipping,375.47
DREDGECORP.NS,Dredging Corporation,Shipping,3045.56
130291.BO,PAOS Industries,Solvent  Extraction,26.25
107663.BO,Signature Green Corp,Solvent  Extraction,1.8
322770.BO,Yashhtej Inds. (I),Solvent  Extraction,129.25
SRPL.NS,Shree Ram Proteins,Solvent  Extraction,7.28
119064.BO,Khandelwal Extractn,Solvent  Extraction,17
131265.BO,Progrex Ventures,Solvent  Extraction,11.64
119439.BO,Pioneer Agro Extract,Solvent  Extraction,11.11
301798.BO,Shri Venkatesh Refin,Solvent  Extraction,1103.75
BNAGROCHEM.NS,BN Agrochem,Solvent  Extraction,
130997.BO,Unique Organics,Solvent  Extraction,53.02
GAEL.NS,Guj. Ambuja Exports,Solvent  Extraction,7696.95
RBS.NS,Ramdevbaba Solvent,Solvent  Extraction,211.43
212663.BO,Balaji Agro Oils Ltd,Solvent  Extraction,0
222963.BO,Swaika VanaspatiProd,Solvent  Extraction,0
269287.BO,Sathyakamal Agros,Solvent  Extraction,0
289950.BO,RSH Agro Products,Solvent  Extraction,
214310.BO,Swastik Oleochems,Solvent  Extraction,0
268314.BO,Hind Agro Oils,Solvent  Extraction,0
SHANTI.NS,Shanti Overseas (I),Solvent  Extraction,6.94
126125.BO,BN Agrochem,Solvent  Extraction,2119.03
318468.BO,Vandan Foods,Solvent  Extraction,20.44
119230.BO,Kisaan Parivar Inds.,Solvent  Extraction,11.88
130295.BO,Shree RajivlochanOil,Solvent  Extraction,9.91
124614.BO,IEL,Solvent  Extraction,73.8
ZENITHSTL.NS,Zenith Steel Pipes,Steel & Iron Products,83.95
RHETAN.NS,Rhetan TMT,Steel & Iron Products,2025.66
MAL.NS,Mangalam Alloys,Steel & Iron Products,94.3
289812.BO,Supershakti Metaliks,Steel & Iron Products,345.64
113303.BO,Modern Steels,Steel & Iron Products,20.38
JAYNECOIND.NS,Jayaswal Neco Inds,Steel & Iron Products,8645.77
SWASTIK.NS,Swastik Pipes,Steel & Iron Products,44.14
SHAHALLOYS.NS,Shah Alloys,Steel & Iron Products,200.95
126977.BO,Crimson Metal Engg,Steel & Iron Products,11
113397.BO,Vallabh Steels,Steel & Iron Products,4.75
TATASTEEL.NS,Tata Steel,Steel & Iron Products,235675.16
JSWSTEEL.NS,JSW Steel,Steel & Iron Products,324022.65
SAIL.NS,Steel Authority,Steel & Iron Products,81288.74
JSL.NS,Jindal Stainless,Steel & Iron Products,60829.8
VISACHROME.NS,VISA Chrome,Steel & Iron Products,
207745.BO,Anupama Steel Ltd.,Steel & Iron Products,0
212813.BO,Chandi Steel Industries Limited,Steel & Iron Products,0
212240.BO,AKC Steel Industries Limited,Steel & Iron Products,0
211839.BO,Mangal Steel Ent,Steel & Iron Products,0
213328.BO,Howrah Gases Limited,Steel & Iron Products,0
213719.BO,Orient Steel & Industries Limited,Steel & Iron Products,0
224186.BO,Loha Ispaat,Steel & Iron Products,0
212602.BO,Assam Roofing Limited,Steel & Iron Products,0
214162.BO,Shri Badrinarain Alloys & Steels Li,Steel & Iron Products,0
214006.BO,SPS Steels Rolling Mills Limited,Steel & Iron Products,0
237311.BO,BP Alloys,Steel & Iron Products,0
240883.BO,Sivanandha Pipe Fitt,Steel & Iron Products,0
241220.BO,Monga Brothers,Steel & Iron Products,0
243219.BO,Ankur International,Steel & Iron Products,0
243281.BO,Asoka Ferrocast,Steel & Iron Products,0
245005.BO,RS InfraTransmission,Steel & Iron Products,0
244994.BO,RK Manufacturing Co,Steel & Iron Products,0
244995.BO,RK Wire Products,Steel & Iron Products,0
245943.BO,Shriniwas Steel,Steel & Iron Products,0
252164.BO,STL Exports,Steel & Iron Products,0
255100.BO,Nova Roofings & Pipe,Steel & Iron Products,0
245478.BO,MKJ Enterprises,Steel & Iron Products,0
SUPREMEENG.NS,Supreme Engineering,Steel & Iron Products,75.73
267424.BO,Nidhi Mercantiles,Steel & Iron Products,0
SURANI.NS,Surani Steel Tubes,Steel & Iron Products,155.01
247439.BO,Siyaram India,Steel & Iron Products,0
267783.BO,Amit Commercial Co,Steel & Iron Products,0
255350.BO,Trichy Steel Rolling,Steel & Iron Products,0
GEEKAYWIRE.NS,Geekay Wires,Steel & Iron Products,309.48
KRITIKA.NS,Kritika Wires,Steel & Iron Products,142.99
AUSL.NS,Aditya Ultra Steel,Steel & Iron Products,60.97
MWL.NS,Mangalam Worldwide,Steel & Iron Products,1145.26
KRISHCA.NS,Krishca Strapping,Steel & Iron Products,257.79
QFIL.NS,Quality Foils,Steel & Iron Products,17.98
DEEM.NS,Deem Roll-Tech,Steel & Iron Products,35.27
NMSTEEL.NS,NewMalayalam Steel,Steel & Iron Products,41.23
KALANA.NS,Kalana Ispat,Steel & Iron Products,27.45
PSRAJ.NS,PS Raj Steels,Steel & Iron Products,316.42
SHRIKANHA.NS,Shri Kanha Stainless,Steel & Iron Products,32.49
290093.BO,Saini Alloys,Steel & Iron Products,
EXCELLENT.NS,Excellent Wires&Pack,Steel & Iron Products,93.65
ABHAPOWER.NS,Abha Power And Steel,Steel & Iron Products,45.73
216870.BO,Shyam Steel Inds.,Steel & Iron Products,
292088.BO,Shri Bajrang Power,Steel & Iron Products,
319988.BO,Kasturi Metal Compos,Steel & Iron Products,54.11
322394.BO,Anubhav Plast,Steel & Iron Products,52.8
322715.BO,Behari Lal Engineeri,Steel & Iron Products,1916.94
ELECTCAST.NS,Electrost Castings,Steel & Iron Products,5174.82
SURYAROSNI.NS,Surya Roshni,Steel & Iron Products,4711.6
MAHSEAMLES.NS,Maharashtra Seamless,Steel & Iron Products,9220.49
JINDALSAW.NS,Jindal Saw,Steel & Iron Products,19524.19
USHAMART.NS,Usha Martin,Steel & Iron Products,15668.31
RATNAMANI.NS,Ratnamani Metal&Tube,Steel & Iron Products,19114.09
WELCORP.NS,Welspun Corp,Steel & Iron Products,68337.6
APLAPOLLO.NS,APL Apollo Tubes,Steel & Iron Products,62473.14
GPIL.NS,Godawari Power & Isp,Steel & Iron Products,16202.84
MIDHANI.NS,Mishra Dhatu Nigam,Steel & Iron Products,7845.8
SHYAMMETL.NS,Shyam Metalics&Ener,Steel & Iron Products,29735.92
NSLNISP.NS,NMDC Steel,Steel & Iron Products,13486.65
SARDAEN.NS,Sarda Energy & Min.,Steel & Iron Products,17920.35
BHARATWIRE.NS,Bharat Wire Ropes,Steel & Iron Products,1247.17
KIRLFER.NS,Kirloskar Ferrous,Steel & Iron Products,7583.05
KSL.NS,Kalyani Steels,Steel & Iron Products,4105.57
SUNFLAG.NS,Sunflag Iron & Steel,Steel & Iron Products,6194.14
OILCOUNTUB.NS,Oil Country Tubular,Steel & Iron Products,365.2
MUKANDLTD.NS,Mukand,Steel & Iron Products,1942.6
REMIMETAL.NS,Welspun Special.Soln,Steel & Iron Products,3945.85
MANINDS.NS,Man Industries,Steel & Iron Products,5914.88
GANDHITUBE.NS,Gandhi Spl. Tubes,Steel & Iron Products,1093.86
PENIND.NS,Pennar Industries,Steel & Iron Products,2297.47
SBCL.NS,Shivalik Bimetal,Steel & Iron Products,6458.01
122195.BO,Frontier Springs,Steel & Iron Products,1526.33
ELECTHERM.NS,Electrotherm (India),Steel & Iron Products,1249.94
VISASTEEL.NS,VISA Chrome,Steel & Iron Products,558.96
TIIL.NS,Technocraft Inds.(I),Steel & Iron Products,7243.05
GALLANTT.NS,Gallantt Ispat,Steel & Iron Products,13849.53
HISARMETAL.NS,Hisar Metal Inds.,Steel & Iron Products,87.58
BANSALWIRE.NS,Bansal Wire Inds.,Steel & Iron Products,4931.51
GOODLUCK.NS,Goodluck India,Steel & Iron Products,4715.55
212642.BO,BMW Industries,Steel & Iron Products,1147.49
SURAJLTD.NS,Suraj,Steel & Iron Products,370.57
BEDMUTHA.NS,Bedmutha Industries,Steel & Iron Products,362.55
AEROFLEX.NS,Aeroflex Industries,Steel & Iron Products,7112.12
SHAH.NS,Shah Metacorp,Steel & Iron Products,348.32
KAMDHENU.NS,Kamdhenu,Steel & Iron Products,1106.11
HITECH.NS,Hi-Tech Pipes,Steel & Iron Products,1538.95
RAMASTEEL.NS,Rama Steel Tubes,Steel & Iron Products,657.69
MANAKCOAT.NS,Manaksia CoatedMetal,Steel & Iron Products,1298.8
JTLIND.NS,JTL Industries,Steel & Iron Products,3603.38
MANAKSTEEL.NS,Manaksia Steels,Steel & Iron Products,703.18
INCREDIBLE.NS,Incredible Inds.,Steel & Iron Products,152.17
VSSL.NS,Vardhman Spl. Steel,Steel & Iron Products,3521.37
HARIOMPIPE.NS,Hariom Pipe Inds.,Steel & Iron Products,1112.35
KRIDHANINF.NS,Kridhan Infra,Steel & Iron Products,22.65
VENUSPIPES.NS,Venus Pipes & Tubes,Steel & Iron Products,3378.8
RUDRA.NS,Rudra Global Infra,Steel & Iron Products,204
RATNAVEER.NS,Ratnaveer Precision,Steel & Iron Products,2557.66
SCODATUBES.NS,Scoda Tubes,Steel & Iron Products,808.89
SMLT.NS,Sarthak Metals,Steel & Iron Products,89.79
SAMBHV.NS,Sambhv Steel Tubes,Steel & Iron Products,3792.13
VSTL.NS,Vibhor Steel Tubes,Steel & Iron Products,223.11
VMSTMT.NS,VMS TMT,Steel & Iron Products,225.62
270644.BO,Systematic Inds.,Steel & Iron Products,571.12
308956.BO,Earthstahl & Alloys,Steel & Iron Products,15.91
309375.BO,Maiden Forgings,Steel & Iron Products,152.07
319928.BO,Karbonsteel Engg.,Steel & Iron Products,151.32
310302.BO,Cosmic CRF,Steel & Iron Products,1219.67
319995.BO,Mittal Sections,Steel & Iron Products,31.23
319993.BO,MPK Steels (I),Steel & Iron Products,96.72
319980.BO,Gabion Technologies,Steel & Iron Products,191.96
269887.BO,Riddhi Steel & Tube,Steel & Iron Products,256.42
ESTCSTSTEL.NS,Eastcoast Steel,Steel & Iron Products,10.25
113540.BO,TN Steel & Tubes,Steel & Iron Products,14.39
GFSTEELS.NS,Grand Foundry,Steel & Iron Products,45.65
PRAKASHSTL.NS,Prakash Steelage,Steel & Iron Products,66.85
MAHASTEEL.NS,Mahamaya Steel Inds.,Steel & Iron Products,2107.71
233920.BO,Alliance Integrated,Steel & Iron Products,99.53
126981.BO,Shri BajrangAlliance,Steel & Iron Products,144.6
104731.BO,Azad India Mobility,Steel & Iron Products,487.76
105693.BO,LA TIM Metal & Inds.,Steel & Iron Products,135.12
104648.BO,Bombay Wire Ropes,Steel & Iron Products,22.11
104903.BO,Rathi Steel & Power,Steel & Iron Products,191.55
113488.BO,Shree Steel WireRope,Steel & Iron Products,8.25
111672.BO,Scan Steels,Steel & Iron Products,359.74
113043.BO,Remi Edelstahl Tub.,Steel & Iron Products,314.54
TULSYAN.NS,Tulsyan NEC,Steel & Iron Products,45.38
ISIBARS.NS,India Homes,Steel & Iron Products,1143.29
PANCHMSTEL.NS,Panchmahal Steel,Steel & Iron Products,578.07
126847.BO,Ashirwad Steels &Ind,Steel & Iron Products,29.93
130615.BO,Garg Furnace,Steel & Iron Products,109.08
NOVAIRNSTL.NS,Nova Iron & Steel,Steel & Iron Products,41.56
131810.BO,Metal Coatings (I),Steel & Iron Products,38.79
131651.BO,National General Ind,Steel & Iron Products,26.22
132918.BO,Rathi Bars,Steel & Iron Products,26.57
214397.BO,Unison Metals,Steel & Iron Products,25.18
212682.BO,Beekay Steel Inds.,Steel & Iron Products,796.07
113513.BO,Aditya Ispat,Steel & Iron Products,4.49
282752.BO,Dhatre Udyog,Steel & Iron Products,47.18
STEELCOGUJ.NS,Steelco Gujarat,Steel & Iron Products,162.69
113355.BO,Marmagoa Steel,Steel & Iron Products,0
132078.BO,Monind,Steel & Iron Products,7.34
271851.BO,Aanchal Ispat,Steel & Iron Products,28.16
130253.BO,Rajasthan Tube Mfg.,Steel & Iron Products,45.39
MUKATPIPE.NS,Mukat Pipes,Steel & Iron Products,18.92
123874.BO,East India Drums,Steel & Iron Products,139.44
280352.BO,Umiya Tubes,Steel & Iron Products,39.46
113460.BO,Mahalaxmi Seamless,Steel & Iron Products,5.26
ANKITMETAL.NS,Ankit Metal & Power,Steel & Iron Products,23.99
118075.BO,Suraj Products,Steel & Iron Products,303.24
113693.BO,KIC Metaliks,Steel/Sponge Iron/Pig Iron,
JINDALSTEL.NS,Jindal Steel,Steel/Sponge Iron/Pig Iron,
BIHARSPONG.NS,Bihar Sponge Iron,Steel/Sponge Iron/Pig Iron,109.6
RSL.NS,Rajputana Stainless,Steel/Sponge Iron/Pig Iron,
CMNL.NS,Chaman Metallics,Steel/Sponge Iron/Pig Iron,279.36
113452.BO,Elango Industries,Steel/Sponge Iron/Pig Iron,5.07
JAIBALAJI.NS,Jai Balaji Inds,Steel/Sponge Iron/Pig Iron,6361.13
LLOYDSME.NS,Lloyds Metals&Energy,Steel/Sponge Iron/Pig Iron,102617.94
SHKSIL.NS,Shri Hare-Krishna,Steel/Sponge Iron/Pig Iron,65.25
VRAJ.NS,Vraj Iron & Steel,Steel/Sponge Iron/Pig Iron,401.43
243222.BO,Antarctic Industries,Steel/Sponge Iron/Pig Iron,0
221463.BO,Rajputana Stainless,Steel/Sponge Iron/Pig Iron,1516.75
VASWANI.NS,Vaswani Industries,Steel/Sponge Iron/Pig Iron,154.88
SALSTEEL.NS,SAL Steels,Steel/Sponge Iron/Pig Iron,1177.97
DOLLEX.NS,Dollex Agrotech,Sugar,147.01
MVKAGRO.NS,M.V.K. Agro FoodProd,Sugar,1193.66
132183.BO,Gayatri Sugars,Sugar,61.6
ZUARIIND.NS,Zuari Industries,Sugar,823.3
EIDPARRY.NS,E.I.D. Parry (I),Sugar,13904.57
UGARSUGAR.NS,Ugar Sugar Works,Sugar,600.19
UTTAMSUGAR.NS,Uttam Sugar Mills,Sugar,1072.44
DHAMPURSUG.NS,Dhampur Sugar Mills,Sugar,1077.71
DALMIASUG.NS,Dalmia Bharat Sugar,Sugar,3549.59
DBOL.NS,Dhampur Bio Organics,Sugar,829.78
BALRAMCHIN.NS,Balrampur Chini Mill,Sugar,14612.92
TRIVENI.NS,Triveni Engg. & Inds,Sugar,6074.31
BAJAJHIND.NS,Bajaj Hindusthan Sug,Sugar,5226
BANARISUG.NS,Banna Amman Sugars,Sugar,4769.22
219552.BO,The United Provinces,Sugar,0
220174.BO,The Belsund Sugar,Sugar,0
KOTARISUG.NS,Kothari Sugars &Chem,Sugar,248
239298.BO,Sri Sarvaraya Sugars,Sugar,0
243861.BO,Gobind Sugar Mills,Sugar,0
254436.BO,Dewan Sugars,Sugar,0
RENUKA.NS,Shree Renuka Sugar,Sugar,5116.89
RAJSREESUG.NS,Rajshree Sugars&Chem,Sugar,117.53
DCMSRIND.NS,DCM Shriram Inds.,Sugar,586.44
SAKHTISUG.NS,Sakthi Sugars,Sugar,235.08
PONNIERODE.NS,Ponni Sugars (Erode),Sugar,328.85
MAWANASUG.NS,Mawana Sugars,Sugar,568.88
GODAVARIB.NS,Godavari Biorefineri,Sugar,1236.92
KMSUGAR.NS,KM Sugar Mills,Sugar,282.26
KCPSUGIND.NS,KCP Sugar&Inds. Corp,Sugar,363.63
MAGADSUGAR.NS,Magadh Sugar &Energy,Sugar,777.93
DWARKESH.NS,Dwarikesh Sugar Inds,Sugar,876.66
VISHWARAJ.NS,Vishwaraj Sugar Ind.,Sugar,128.52
AVADHSUGAR.NS,Avadh Sugar & Energy,Sugar,1620.49
KESARENT.NS,Kesar Enterprises,Sugar,97.87
OSWALSUG.NS,Indian Sucrose,Sugar,139.92
PICCADSUG.NS,Piccadily Sugar,Sugar,84.41
289699.BO,Parvati Sweetners,Sugar,108.73
132102.BO,SBEC Sugar,Sugar,295.41
131923.BO,Dhampure Splty.Sugar,Sugar,120.1
222077.BO,Shree Hanuman Sugar,Sugar,7.77
SIMBHALS.NS,Simbhaoli Sugars,Sugar,32.2
KANCOTEA.NS,Kanco Tea & Inds.,Tea/Coffee,
PKTEA.NS,Peria Karamalai Tea,Tea/Coffee,248.49
130959.BO,Diana Tea,Tea/Coffee,46.2
297824.BO,Octavius Plantations,Tea/Coffee,14.55
NORBTEAEXP.NS,Norben Tea & Exports,Tea/Coffee,109.88
TERAI.NS,Terai Tea Company,Tea/Coffee,
306141.BO,Indong Tea Co,Tea/Coffee,13.59
132230.BO,Bengal Tea & Fabrics,Tea/Coffee,125.41
NEAGI.NS,Neelamalai Agro Inds,Tea/Coffee,
ROSSELLIND.NS,Rossell India,Tea/Coffee,214.72
TATACONSUM.NS,Tata Consumer Prod.,Tea/Coffee,99958.69
CCL.NS,CCL Products (India),Tea/Coffee,14770.86
GOODRICKE.NS,Goodricke Group,Tea/Coffee,481.36
UNITEDTEA.NS,The United Nilgiri,Tea/Coffee,221.25
218957.BO,Stanes Amalgamated Estate,Tea/Coffee,0
207652.BO,AV Thomas & Co. Ltd.,Tea/Coffee,0
212904.BO,Darjeeling Dooars Plantations Tea L,Tea/Coffee,0
219269.BO,Rydak Syndicate,Tea/Coffee,0
219262.BO,Nelliampathy Tea,Tea/Coffee,0
219270.BO,Sangameshwar Coffee,Tea/Coffee,0
220062.BO,Haileyburia Tea Est,Tea/Coffee,0
219391.BO,Ananda-Bag Tea,Tea/Coffee,0
219459.BO,Manjushree Plant,Tea/Coffee,0
219557.BO,The Highland Produce,Tea/Coffee,0
220170.BO,Duncan Brothers & Co,Tea/Coffee,0
221884.BO,Dhelakhat Tea Co,Tea/Coffee,0
220229.BO,The Mysore Plantatio,Tea/Coffee,0
222307.BO,Methoni Tea Co,Tea/Coffee,0
222491.BO,Balanoor Plantations,Tea/Coffee,0
GROBTEA.NS,Grob Tea Co,Tea/Coffee,113.64
227499.BO,Bhatkawa Tea Inds.,Tea/Coffee,0
222732.BO,Hasimara Industries,Tea/Coffee,0
225607.BO,Baghmari Tea Co Ltd.,Tea/Coffee,0
223849.BO,Bijni Doors Tea Co,Tea/Coffee,0
222716.BO,Teloijan Tea Co,Tea/Coffee,0
227500.BO,Bio Tea Estates,Tea/Coffee,0
227525.BO,North Western Cachar,Tea/Coffee,0
236505.BO,The Bhavani Tea,Tea/Coffee,0
243741.BO,Crystal Tea (India),Tea/Coffee,0
240813.BO,Tongani Tea Co,Tea/Coffee,0
243704.BO,Engo Tea Company Ltd,Tea/Coffee,0
243346.BO,Bormah Jan Tea(1936),Tea/Coffee,0
244844.BO,The Oodlabari Co,Tea/Coffee,0
243876.BO,Gopalpur Tea Co,Tea/Coffee,0
243651.BO,DLX Ltd.,Tea/Coffee,0
244822.BO,New Chumta Tea Co,Tea/Coffee,0
243676.BO,Eastern Dooars Tea,Tea/Coffee,0
244955.BO,The Rajendra Coffees,Tea/Coffee,0
243072.BO,Bateli Tea Co,Tea/Coffee,0
243723.BO,Ethelbari Tea Co.,Tea/Coffee,0
243660.BO,DTC India Ltd.,Tea/Coffee,0
244997.BO,RNT Plantations,Tea/Coffee,0
245134.BO,Sonai River Tea Co,Tea/Coffee,0
245084.BO,Seeyok Tea Co,Tea/Coffee,0
255330.BO,Teesta Valley Tea Co,Tea/Coffee,0
245403.BO,Kharikatia Tea & Ind,Tea/Coffee,0
247564.BO,Tasati Tea,Tea/Coffee,0
254825.BO,Manabarrie Tea Co,Tea/Coffee,0
268334.BO,Hoograjuli (Assam),Tea/Coffee,0
245415.BO,Krishna Behari Tea,Tea/Coffee,0
246589.BO,Puthutotam Estate,Tea/Coffee,0
267411.BO,Maud Tea & Seed Co,Tea/Coffee,0
267324.BO,Chamong Tea Co,Tea/Coffee,0
252139.BO,Ryam Commerce &Plant,Tea/Coffee,0
254442.BO,Western Conglomerate,Tea/Coffee,0
245426.BO,Kyang Tea Seed Co,Tea/Coffee,0
JAYSREETEA.NS,Jay Shree Tea& Inds.,Tea/Coffee,285.74
ANDREWYU.NS,Andrew Yule,Tea/Coffee,1365.64
MCLEODRUSS.NS,Mcleod Russel India,Tea/Coffee,483.63
DTIL.NS,Dhunseri Tea & Inds.,Tea/Coffee,158.28
108136.BO,B&A,Tea/Coffee,111.6
130533.BO,Terai Tea Company,Tea/Coffee,83.54
WARRENTEA.NS,Warren Tea,Tea/Coffee,54.85
223857.BO,Kanco Tea & Inds.,Tea/Coffee,28.1
108670.BO,Neelamalai Agro Inds,Tea/Coffee,205.29
126945.BO,Tyroon Tea Company,Tea/Coffee,29.67
200555.BO,Shri Vasuprada Plant,Tea/Coffee,88.73
267524.BO,James Warren Tea,Tea/Coffee,93.87
119191.BO,Retro Green Revolut.,Tea/Coffee,4.52
119353.BO,Novyra Pharmachem,Tea/Coffee,6.75
HFCL.NS,HFCL,Telecom-Infrastructure,35424.26
STLNETWORK.NS,STL Networks,Telecom-Infrastructure,1409.17
KDL.NS,Kore Digital,Telecom-Infrastructure,111.16
PACEDIGITK.NS,Pace Digitek,Telecom-Infrastructure,3617.45
311155.BO,Bondada Engineering,Telecom-Infrastructure,3151.93
SARTELE.NS,Sar Televenture,Telecom-Infrastructure,448.32
SUYOG.NS,Suyog Telematics,Telecom-Infrastructure,856.76
GTLINFRA.NS,GTL Infrastructure,Telecom-Infrastructure,1485.89
KAVDEFENCE.NS,Kavveri Def. Wireles,Telecommunication - Equipment,403.67
TEJASNET.NS,Tejas Networks,Telecommunication - Equipment,10935.88
226637.BO,Maestros Electronics,Telecommunication - Equipment,86.76
ITI.NS,ITI,Telecommunication - Equipment,26184.17
KRONECOMM.NS,ADC India Communicat,Telecommunication - Equipment,1108.14
SEDEMAC.NS,Sedemac Mechatronics,Telecommunication - Equipment,
FROG.NS,Frog Innovations,Telecommunication - Equipment,400.76
UNIINFO.NS,Uniinfo Telecom Serv,Telecommunication - Equipment,11.76
200058.BO,Telogica,Telecommunication - Equipment,53.56
BBOX.NS,Black Box,Telecommunication - Equipment,12649.5
126775.BO,Valiant Communicatns,Telecommunication - Equipment,1457.07
222672.BO,Webfil,Telecommunication - Equipment,0
249675.BO,Sedemac Mechatronics,Telecommunication - Equipment,12431.35
209520.BO,Uniword Telecom Ltd.,Telecommunication - Equipment,0
PUNJCOMMU.NS,Punjab Communication,Telecommunication - Equipment,74.64
SHYAMTEL.NS,Shyam Telecom,Telecommunication - Equipment,13.07
117258.BO,Precision Electronic,Telecommunication - Equipment,241.03
111116.BO,Quadrant Televenture,Telecommunication - Equipment,34.9
131775.BO,Cistro Telelink,Telecommunication - Equipment,5.49
IDEA.NS,Vodafone Idea,Telecommunication - Service  Provider,162731.24
TATACOMM.NS,Tata Communications,Telecommunication - Service  Provider,50063.89
RCOM.NS,Reliance Communs.,Telecommunication - Service  Provider,224.01
HATHWAY.NS,Hathway Cable & Data,Telecommunication - Service  Provider,1862.15
MTNL.NS,Mahanagar Telephone,Telecommunication - Service  Provider,1672.65
ACCORD.NS,Accord Synergy,Telecommunication - Service  Provider,72.97
217688.BO,City Online Services,Telecommunication - Service  Provider,3.69
GTL.NS,GTL,Telecommunication - Service  Provider,
BHARTIARTL.NS,Bharti Airtel,Telecommunication - Service  Provider,1148372.39
RTL.NS,Rama Telecom,Telecommunication - Service  Provider,109.88
INDUSTOWER.NS,Indus Towers,Telecommunication - Service  Provider,99405.97
BHARTIHEXA.NS,Bharti Hexacom,Telecommunication - Service  Provider,74770
244925.BO,Primenet Global,Telecommunication - Service  Provider,0
200196.BO,Cyberwave Infrastructure,Telecommunication - Service  Provider,0
235931.BO,Atria Convergence,Telecommunication - Service  Provider,
TTML.NS,Tata Teleservice(Mah,Telecommunication - Service  Provider,7377.9
RAILTEL.NS,Railtel Corp. India,Telecommunication - Service  Provider,8699.04
306939.BO,Steelman Telecom,Telecommunication - Service  Provider,65.8
JINDWORLD.NS,Jindal Worldwide,Textile,5765.96
321585.BO,Riyaasat Lifestyle,Textile,75.59
110245.BO,Swasti Vinayaka Syn.,Textile,35.01
322801.BO,Harikanta Overseas,Textile,68.86
283888.BO,Osiajee Texfab,Textile,146.07
112618.BO,RLF,Textile,9.49
322773.BO,Shree Balaji (Mala),Textile,61.91
CELEBRITY.NS,Celebrity Fashions,Textile,43.89
312118.BO,Shanti Spintex,Textile,60.29
121232.BO,Sunil Industries,Textile,29.53
VTL.NS,Vardhman Textiles,Textile,17322.48
PAGEIND.NS,Page Industries,Textile,40488.56
KPRMILL.NS,K.P.R. Mill,Textile,40549.39
MANYAVAR.NS,Vedant Fashions,Textile,14437.77
WELSPUNLIV.NS,Welspun Living,Textile,19699.03
212622.BO,Auckland International Limited,Textile,0
211984.BO,Sree Karpagambal,Textile,0
200315.BO,New India Retailing,Textile,0
213384.BO,Kanknarrah Co. Limited,Textile,0
213074.BO,Espire Infrastructure Corporation L,Textile,0
213730.BO,PK Textiles Limited,Textile,0
218586.BO,Sunflag Filaments,Textile,0
213381.BO,Kamarhatty Co. Limited,Textile,0
213085.BO,Ethics Commercials Limited,Textile,0
222762.BO,Howrah Mills Co,Textile,0
GLOBE.NS,Globe Enterprises(I),Textile,85.13
KEN.NS,Ken Enterprises,Textile,95.81
236869.BO,Denim Fashions,Textile,0
243957.BO,Hind Ispat,Textile,0
VEEKAYEM.NS,Veekayem Fashion,Textile,78.41
239534.BO,MC-Stitch,Textile,0
241073.BO,Mayfair Fabrics,Textile,0
240987.BO,Vatan Textiles,Textile,0
244962.BO,Ranjan Polyster,Textile,0
243091.BO,Bhagwati Pressing Co,Textile,0
245390.BO,Kanchan Udyog,Textile,0
245021.BO,Samridhi Fibre,Textile,0
245465.BO,Meenakshi India,Textile,457.82
245110.BO,Shreyans Textiles,Textile,0
245422.BO,Kusum,Textile,0
247581.BO,Veer Vardhman Text.,Textile,0
LIBAS.NS,Libas Consumer Prod.,Textile,27.56
268263.BO,Gujarat Narmada Knit,Textile,0
268277.BO,Hallmark Textiles,Textile,0
269494.BO,Unique Manufacturing,Textile,0
VERA.NS,Vera Synthetic,Textile,42.56
268555.BO,Kasthuri Mills,Textile,0
MHHL.NS,Mohini Health&Hygien,Textile,57.26
269005.BO,PR Textiles (India),Textile,0
JAIPURKURT.NS,Nandani Creation,Textile,48.36
LAGNAM.NS,Lagnam Spintex,Textile,132.16
SAHAJ.NS,Sahaj Fashions,Textile,5.07
IRISDOREME.NS,Iris Clothings,Textile,1259.14
CPS.NS,CPS Shapers,Textile,260.95
JIWANRAM.NS,Jiwanram Sheod Inds.,Textile,10.64
SHRITECH.NS,Shri Techtex,Textile,148.58
KARNIKA.NS,Karnika Industries,Textile,733.43
SWARAJ.NS,Swaraj Suiting,Textile,944.06
SIGNORIA.NS,Signoria Creation,Textile,75.65
SHREEKARNI.NS,Shree Karni Fabcom,Textile,286.81
JAKHARIA.NS,Jakharia Fabric,Textile,73.76
KTL.NS,Kalahridhaan Trendz,Textile,8.34
SUULD.NS,Suumaya Industries,Textile,10.57
AVIANSH.NS,Avi Ansh Textile,Textile,143.26
PARAMOUNT.NS,Paramount Dye Tec,Textile,25.58
FORCAS.NS,Forcas Studio,Textile,416.73
NEELAM.NS,Neelam Linens&Garmen,Textile,13.44
ECOLINE.NS,Ecoline Exim,Textile,369.99
SDREAMS.NS,SD Retail,Textile,159.42
CEDAAR.NS,Cedaar Textile,Textile,18.87
KAYTEX.NS,Kaytex Fabrics,Textile,83.05
SILKY.NS,Silky Overseas,Textile,45.82
NRVANDANA.NS,NR Vandana Tex Inds.,Textile,162.83
323142.BO,Madhur Knit Crafts,Textile,163
208213.BO,Genesis Colors,Textile,
JETKNIT.NS,Jet Knitwears,Textile,21.35
SPUNWEB.NS,Spunweb Nonwoven,Textile,248.02
275896.BO,Numero Uno Clothing,Textile,
289085.BO,Pommys Garments (I),Textile,
289781.BO,Sumicot,Textile,
291954.BO,Khator Technical,Textile,
293004.BO,Texaco Synthetics,Textile,
321319.BO,Shree Ram Twistex,Textile,150.75
320333.BO,Aritas Vinyl,Textile,25.61
322714.BO,Fascinate Textiles,Textile,99.84
322708.BO,Alpine Texworld,Textile,220.91
322716.BO,Kusumgar,Textile,5997.11
322807.BO,Aastha Spintex,Textile,344.84
323094.BO,Fractal Industries,Textile,167.97
322895.BO,Rajnandini Fashion,Textile,32.2
BOMDYEING.NS,Bombay Dyeing & Mfg.,Textile,2343.55
SWANCORP.NS,Swan Corp,Textile,8823.81
ARVIND.NS,Arvind,Textile,15042.49
GARFIBRES.NS,Garware Tech. Fibres,Textile,7817.24
ALOKINDS.NS,Alok Industries,Textile,3887.78
ICIL.NS,Indo Count Inds,Textile,8908.48
GOKEX.NS,Gokaldas Exports,Textile,5783.07
KITEX.NS,Kitex Garments,Textile,2570.56
PGIL.NS,Pearl Global Inds.,Textile,10523.59
RAYMONDLSL.NS,Raymond Lifestyle,Textile,4043.2
JINDALPOLY.NS,Jindal Poly Films,Textile,2943.98
CENTENKA.NS,Century Enka,Textile,1330.48
VIVIDHA.NS,Visagar Polytex,Textile,15.22
RSWM.NS,RSWM,Textile,1039.2
FIBERWEB.NS,Fiberweb (India),Textile,74.14
AYMSYNTEX.NS,AYM Syntex,Textile,1826.54
HIMATSEIDE.NS,Himatsingka Seide,Textile,899.18
ORBTEXP.NS,Orbit Exports,Textile,613.31
LOYALTEX.NS,Loyal Textile Mills,Textile,105.07
DONEAR.NS,Donear Industries,Textile,479.7
BHANDARI.NS,Bhandari Hosiery Exp,Textile,100.89
ZENITHEXPO.NS,Zenith Exports,Textile,110.14
RUBYMILLS.NS,Ruby Mills,Textile,1432.24
TTL.NS,T.T.,Textile,175.91
VARDMNPOLY.NS,Vardhman Polytex,Textile,283.53
SANGAMIND.NS,Sangam (India),Textile,2908.27
ZODIACLOTH.NS,Zodiac Clothing Co,Textile,198.33
WEIZMANIND.NS,Weizmann,Textile,115.43
114470.BO,Winsome Textile Ind.,Textile,164.74
FAZE3Q.NS,Faze Three,Textile,1215.01
MHLXMIRU.NS,Mahalaxmi Rubtech,Textile,185.74
SPLIL.NS,SPL Industries,Textile,88.13
FILATFASH.NS,Filatex Fashions,Textile,150.01
SGL.NS,STL Global,Textile,27.59
VIPCLOTHNG.NS,VIP Clothing,Textile,181.61
CHEVIOT.NS,Cheviot Company,Textile,677.31
SURYALAXMI.NS,Suryalakshmi Cotton,Textile,114.32
KKCL.NS,Kewal Kiran Clothing,Textile,3169.38
NDL.NS,Nandan Denim,Textile,407.94
MOHITIND.NS,Mohit Industries,Textile,33.67
BANG.NS,Bang Overseas,Textile,47.18
DOLLAR.NS,Dollar Industries,Textile,1498.72
LUXIND.NS,Lux Industries,Textile,3533.72
CANTABIL.NS,Cantabil Retail Ind,Textile,2032.82
THOMASCOTT.NS,Thomas Scott (I),Textile,390.28
RUPA.NS,Rupa & Company,Textile,1149.05
MFML.NS,Mahalaxmi Fabric,Textile,19.74
RNBDENIMS.NS,R&B Denims,Textile,277.21
BELLACASA.NS,Bella Casa Fashion,Textile,325.12
MONTECARLO.NS,Monte Carlo Fashions,Textile,1191.06
LOVABLE.NS,Lovable Lingerie,Textile,105.63
LAL.NS,Lorenzini Apparels,Textile,153.91
SPORTKING.NS,Sportking India,Textile,2912.74
VISHAL.NS,Vishal Fabrics,Textile,462.29
287100.BO,Trident Texofab,Textile,34.88
GLOSTERLTD.NS,Gloster,Textile,652.77
VINNY.NS,Vinny Overseas,Textile,47.46
SHIVAMILLS.NS,Shiva Mills,Textile,52.28
SBC.NS,SBC Exports,Textile,2179.05
DCMNVL.NS,DCM Nouvelle,Textile,345.46
ABCOTS.NS,AB Cotspin India,Textile,457.17
SPAL.NS,S.P. Apparels,Textile,2692.63
GLOBALE.NS,Globale Tessile,Textile,12.1
288323.BO,Active Clothing Co,Textile,171.02
AKSHAR.NS,Akshar Spintex,Textile,33.07
223963.BO,KK Silk Mills,Textile,22.04
288218.BO,Angel Fibers,Textile,26.25
281568.BO,Titaanium Ten Ent.,Textile,11.88
312504.BO,Kizi Apparels,Textile,17.11
319476.BO,Game Changers Texfab,Textile,197
322024.BO,Sihora Industries,Textile,33.56
313352.BO,United Cotfab,Textile,24.44
298836.BO,Billwin Industries,Textile,8.15
236167.BO,Yajur Fibres Ltd,Textile,91.64
230825.BO,Ghushine Fintrrade,Textile,10.63
239374.BO,Super Fine Knitters,Textile,14.13
294655.BO,SK Intnl. Exports,Textile,14.44
317387.BO,Vashishtha Luxury,Textile,15.32
282928.BO,Bindal Exports,Textile,12.79
318222.BO,Rachit Prints,Textile,95.78
107808.BO,United Leasing&Inds.,Textile,9.75
131971.BO,Popees Baby Care Ind,Textile,147.06
131029.BO,Bharat Textile&Proof,Textile,15.86
SELMC.NS,SEL Manufacturing Co,Textile,91.12
KESORAMIND.NS,Kesoram Industries,Textile,338.62
291842.BO,Shubham Polyspin,Textile,50.25
AXITA.NS,Axita Cotton,Textile,306.52
BORANA.NS,Borana Weaves,Textile,819.61
SVPGLOB.NS,SVP Global Textiles,Textile,46.17
EASTSILK.NS,Eastern Silk Inds.,Textile,30.5
PRAGBOSIMI.NS,Prag Bosimi Synthet.,Textile,15.55
102873.BO,HP Cotton Textile,Textile,37.95
102901.BO,Jamshri Realty,Textile,53.48
107817.BO,Wires & Fabriks (SA),Textile,49.51
107872.BO,Ashnoor Textile Mill,Textile,77.11
LAKSHMIMIL.NS,Lakshmi Mills Co,Textile,530.08
SHRIDINESH.NS,Shri Dinesh Mills,Textile,207.53
MAFATLAIND.NS,Mafatlal Inds.,Textile,878.13
114010.BO,Rudra Ecovation,Textile,285.55
SUZLONFIBR.NS,Kush Industries,Textile,9.71
114128.BO,Konark Synthetic,Textile,26.94
114316.BO,Raghuvir Synthetics,Textile,356.11
114264.BO,Seasons Textiles,Textile,13.85
107852.BO,Addi Industries,Textile,85.66
114280.BO,Sanrhea Technical,Textile,91.61
109895.BO,Hindoostan Mills,Textile,23.24
116098.BO,Ventura Textiles,Textile,15.48
121048.BO,Advance Lifestyles,Textile,17.68
121206.BO,Samtex Fashions,Textile,9.98
121228.BO,Felix Global Venture,Textile,32.9
109563.BO,Garware Marine Inds.,Textile,11.11
121149.BO,Prime Urban Develop.,Textile,22.86
121226.BO,Uniroyal Industries,Textile,20.92
126479.BO,Sky Industries,Textile,72.94
121210.BO,Cityman,Textile,15.56
126161.BO,Spenta International,Textile,38.06
PORRITSPEN.NS,Voith Paper Fabrics,Textile,640.7
130043.BO,Acknit Industries,Textile,98.97
126638.BO,Texel Industries,Textile,83.74
SUDITIND.NS,Suditi Industries,Textile,351.8
126574.BO,Enterprise Internatl,Textile,6.53
121131.BO,Shree Bhavya Fabrics,Textile,21.47
130521.BO,Virat Industries,Textile,614.85
131205.BO,Spright Agro,Textile,41.79
131234.BO,Scoobee Day Garments,Textile,111.49
130675.BO,York Exports,Textile,17.18
131223.BO,Anjani Synthetics,Textile,40.34
126851.BO,Arex Industries,Textile,45.24
131307.BO,RRIL,Textile,201.94
130231.BO,Subhash Silk Mills,Textile,25.46
131437.BO,Prakash Wool.&Syn,Textile,22.65
121151.BO,Dhanlaxmi Fabrics,Textile,44.79
CEENIKEXPO.NS,Ceenik Exports (I),Textile,90.53
130331.BO,Premco Global,Textile,129.2
131395.BO,Padam Cotton Yarns,Textile,22.61
131609.BO,KG Petrochem,Textile,81.45
131613.BO,Meyer Apparel,Textile,20.04
ELAND.NS,E-Land Apparel,Textile,56.58
219491.BO,Bhilwara Technl.Text,Textile,242.42
200128.BO,Gokak Textiles,Textile,37.57
131323.BO,Jayatma Industries,Textile,8.19
227915.BO,Kotia Enterprises,Textile,17.08
131456.BO,Minaxi Textiles,Textile,6.82
132090.BO,Atvo Enterprises,Textile,422.7
190060.BO,MK Exim (India),Textile,251
131744.BO,Gini Silk Mills,Textile,33.71
131952.BO,Riba Textiles,Textile,63.71
276661.BO,Garment Mantra Life,Textile,66.93
244824.BO,New Light Industries,Textile,12.61
114414.BO,Oxford Industries,Textile,10.57
114328.BO,Nachmo Knitex,Textile,0
112036.BO,Skybiotech Healthcar,Textile,23.75
119014.BO,Prashant India,Textile,6.41
123054.BO,Binayak Tex Process,Textile,137.71
114454.BO,Southern Latex,Textile,24.98
114460.BO,Oswal Yarns,Textile,6
114330.BO,One Global Service,Textile,1060.01
126488.BO,Bhudevi Infra. Proj.,Textile,43.21
123222.BO,SRM Energy,Textile,24.15
130219.BO,Nutricircle,Textile,299.7
131928.BO,Golden Carpets,Textile,6.85
130149.BO,KSL & Industries,Textile,0
126827.BO,Spice Islands Inds.,Textile,301.07
131887.BO,Tacent Projects,Textile,18.12
132015.BO,Gravity India,Textile,14.84
190035.BO,Tirupati Foam,Textile,51.94
245845.BO,Alan Scott Enter.,Textile,183.31
122292.BO,Candour Techtex,Textile,157.23
238268.BO,Aditri Industries,Textile,1.2
121036.BO,Source Industries,Textile,55.96
126554.BO,Salguti Industries,Textile,21.03
244863.BO,Parmeshwari SilkMill,Textile,94.47
126877.BO,Siddheswari Garments,Textile,6.17
114215.BO,Binny,Textile,314.59
JCT.NS,JCT,Textile,105.07
130151.BO,Vijay Textiles,Textile,6.57
SHREEKRPOL.NS,K-Lifestyle Inds.,Textile,19.43
132766.BO,Richa industries,Textile,3.87
295429.BO,Harish TextileEngine,Textile - Machinery,22.6
INDIANCARD.NS,Indian Card Clothing,Textile - Machinery,130.69
LCL.NS,Lohia Corp,Textile - Machinery,
122267.BO,Veejay Lakshmi Engg,Textile - Machinery,21.3
285556.BO,Meera Industries,Textile - Machinery,69.9
LMW.NS,LMW,Textile - Machinery,20056.26
104959.BO,Stovec Industries,Textile - Machinery,345.57
322113.BO,Lohia Corp,Textile - Machinery,6143.55
122042.BO,SM Energy Teknik,Textile - Machinery,0
106981.BO,Blue Chip Tex Inds.,Textile - Manmade  Fibres,23.94
126133.BO,Supertex Industries,Textile - Manmade  Fibres,6.69
INDORAMA.NS,Indo Rama Synthetic,Textile - Manmade  Fibres,1905.08
114322.BO,Kamadgiri Fashion,Textile - Manmade  Fibres,68.58
130795.BO,Suncity Synthetics,Textile - Manmade  Fibres,5.2
GANECOS.NS,Ganesha Ecosphere,Textile - Manmade  Fibres,2679.33
SARLAPOLY.NS,Sarla Perform. Fiber,Textile - Manmade  Fibres,796.62
PARASPETRO.NS,Paras Petrofils,Textile - Manmade  Fibres,71.52
SUNRAKSHAK.NS,Sunrakshakk Inds.,Textile - Manmade  Fibres,
114266.BO,Zenith Fibres,Textile - Manmade  Fibres,20.96
PASUPTAC.NS,Pasupati Acrylon,Textile - Manmade  Fibres,602.9
VARDHACRLC.NS,Vardhman Acrylics,Textile - Manmade  Fibres,350.31
DIVYADHAN.NS,Divyadhan Recycling,Textile - Manmade  Fibres,64.24
BANSWRAS.NS,Banswara Syntex,Textile - Manmade  Fibres,400.69
RAJRILTD.NS,Raj Rayon Industries,Textile - Manmade  Fibres,1228.39
242521.BO,Lakhotia Polyesters,Textile - Manmade  Fibres,60.68
224764.BO,Sunrakshakk Inds.,Textile - Manmade  Fibres,1145.85
112477.BO,Betex India,Textile - Manmade  Fibres,76.58
SHRERAJSYN.NS,Shree Rajasthan Syn.,Textile - Manmade  Fibres,38.7
114177.BO,Impera Worldwide,Textile - Manmade  Fibres,25.28
114318.BO,Jattashankar Inds.,Textile - Manmade  Fibres,242.61
MARALOVER.NS,Maral Overseas,Textile - Spinning,256.64
121080.BO,Pasari Spg Mills,Textile - Spinning,8.76
LAXMICOT.NS,Laxmi Cotspin,Textile - Spinning,23.54
SANATHAN.NS,Sanathan Textiles,Textile - Spinning,3850.51
CLCIND.NS,CLC Industries,Textile - Spinning,
109835.BO,Premier Synthetics,Textile - Spinning,6.65
MODTHREAD.NS,Modern Threads (I),Textile - Spinning,189.07
GTNTEX.NS,GTN Textiles,Textile - Spinning,9.5
GEMSPIN.NS,Gem Spinners,Textile - Spinning,29.15
103863.BO,Shree Manufacturing,Textile - Spinning,8.24
TRIDENT.NS,Trident,Textile - Spinning,12311.83
NITINSPIN.NS,Nitin Spinners,Textile - Spinning,3592.74
FILATEX.NS,Filatex India,Textile - Spinning,3451.22
GHCLTEXTIL.NS,GHCL Textiles,Textile - Spinning,1306.85
200280.BO,Kesoram Textile Mills,Textile - Spinning,0
208749.BO,Modi Spinning & Wvg. Mills Co. Ltd.,Textile - Spinning,0
200344.BO,The Ramaraju Surgica,Textile - Spinning,0
208197.BO,Garg Acrylics Ltd.,Textile - Spinning,0
213617.BO,Mukesh Udyog,Textile - Spinning,0
212364.BO,Aggarsain Spinners Limited,Textile - Spinning,0
214169.BO,Siddhartha Super Spg. Mills Limited,Textile - Spinning,0
213957.BO,Reliance Jute Mills International L,Textile - Spinning,0
214215.BO,Sri Kannapiran Mills Ltd,Textile - Spinning,0
237401.BO,Thanjavur Spg. Mill,Textile - Spinning,0
218584.BO,Sree Akkamamba Textiles,Textile - Spinning,0
223116.BO,Sree Satyanarayan,Textile - Spinning,0
243666.BO,Dumraon Textiles Ltd,Textile - Spinning,0
238925.BO,Sharman Woollen Mill,Textile - Spinning,0
244854.BO,The Palani Andavar,Textile - Spinning,0
239438.BO,Shree Bharani Spgs.,Textile - Spinning,0
243592.BO,Denish Knit,Textile - Spinning,0
245921.BO,Nandini Texcom (I),Textile - Spinning,0
245195.BO,Swastik Spintex,Textile - Spinning,0
254574.BO,Hada Textile Inds.,Textile - Spinning,0
245447.BO,Mahalakshmi Fibres,Textile - Spinning,0
247575.BO,Varindera Spinners,Textile - Spinning,0
268390.BO,The India Jute&Inds.,Textile - Spinning,0
SIDDHICOTS.NS,Siddhi Cotspin,Textile - Spinning,66.02
324150.BO,Shreedhar Spinners,Textile - Spinning,245.04
295998.BO,Mukesh Trends Life,Textile - Spinning,
275032.BO,Cosmic Industries,Textile - Spinning,0
NAHARSPING.NS,Nahar Spinning Mills,Textile - Spinning,1045.17
RELCHEMQ.NS,Reliance Chemotex,Textile - Spinning,88.06
PIONEEREMB.NS,Pioneer Embroideries,Textile - Spinning,65.82
AMBIKCO.NS,Ambika Cotton Mills,Textile - Spinning,938.38
SUTLEJTEX.NS,Sutlej Textiles&Inds,Textile - Spinning,669.9
DCM.NS,DCM,Textile - Spinning,143.84
NAGREEKEXP.NS,Nagreeka Exports,Textile - Spinning,75.31
SALONA.NS,Salona Cotspin,Textile - Spinning,142.06
GINNIFILA.NS,Ginni Filaments,Textile - Spinning,364.61
BASML.NS,Bannari Amman Spg.,Textile - Spinning,203.08
LAMBODHARA.NS,Lambodhara Textiles,Textile - Spinning,139.76
SHEKHAWATI.NS,Shekhawati Inds.,Textile - Spinning,53.5
SHIVATEX.NS,Shiva Texyarn,Textile - Spinning,237.04
PASHUPATI.NS,Pashupati Cotspin,Textile - Spinning,1293.34
NAHARINDUS.NS,Nahar Ind.Enterprise,Textile - Spinning,594.64
SUPERSPIN.NS,Super Spinning Mills,Textile - Spinning,38.23
DAMODARIND.NS,Damodar Industries,Textile - Spinning,66.29
282603.BO,Gujarat Hy-Spin,Textile - Spinning,15.44
121068.BO,Hisar Spinning Mills,Textile - Spinning,16.9
EUROTEXIND.NS,Eurotex Inds.&Export,Textile - Spinning,12.01
GTNIND.NS,GTN Industries,Textile - Spinning,47.32
102850.BO,Gaekwar Mills,Textile - Spinning,3.01
PASUPATSPG.NS,Pasupati Spg. & Wvg.,Textile - Spinning,31.09
PATSPINLTD.NS,Patspin India,Textile - Spinning,19.63
INDIANACRY.NS,Indian Acrylics,Textile - Spinning,80.92
114138.BO,Suryalata Spg. Mills,Textile - Spinning,175.74
114302.BO,Vippy Spinpro,Textile - Spinning,107.69
DEEPAKSPIN.NS,Deepak Spinners,Textile - Spinning,102.83
ADITYASPIN.NS,Aditya Spinners,Textile - Spinning,24.94
AMARJOTHI.NS,Amarjothi Spg. Mills,Textile - Spinning,108.63
121161.BO,Sri Lak.Sarasw. Text,Textile - Spinning,10.4
121054.BO,Kakatiya Textiles,Textile - Spinning,4.82
SUPER.NS,Super Sales India,Textile - Spinning,385.47
121137.BO,Eureka Industries,Textile - Spinning,5.76
114358.BO,Everlon Financials,Textile - Spinning,65.69
131503.BO,Maris Spinners,Textile - Spinning,33.49
123537.BO,APM Industries,Textile - Spinning,125.43
132140.BO,Mohite Industries,Textile - Spinning,56.08
CNOVAPETRO.NS,True Green BioEnergy,Textile - Spinning,736.1
219314.BO,Suryaamba Spg. Mills,Textile - Spinning,36.37
121234.BO,Sri Nachammai Cotton,Textile - Spinning,10.99
121244.BO,MKP Mobility,Textile - Spinning,50.23
121178.BO,Sri Ramakrishna Mill,Textile - Spinning,41.64
219608.BO,Indo Cotspin,Textile - Spinning,23.56
RAJPALAYAM.NS,Rajapalayam Mills,Textile - Spinning,733.28
130201.BO,Kallam Textiles,Textile - Spinning,11.88
270101.BO,Sheshadri Industries,Textile - Spinning,9.65
114113.BO,Adinath Textiles,Textile - Spinning,11.51
SURYVANSPG.NS,Suryavanshi Spg Mill,Textile - Spinning,8.44
121188.BO,United Textiles,Textile - Spinning,6.2
KANDAGIRI.NS,Kandagiri Spg Mills,Textile - Spinning,16.53
114400.BO,Garware Synthetics,Textile - Spinning,11.01
130443.BO,Kiran Syntex,Textile - Spinning,6.16
270100.BO,Aananda Lakshmi Spg.,Textile - Spinning,3.98
131499.BO,Sybly Industries,Textile - Spinning,1.06
130459.BO,Valson Industries,Textile - Spinning,32.56
130037.BO,Sparkle Gold Rock,Textile - Spinning,29.49
112233.BO,Jaybharat Textiles,Textile - Spinning,838.03
WINSOME.NS,Winsome Yarns,Textile - Spinning,0.03
PRECOT.NS,Precot,Textile - Spinning,837.66
RAJVIR.NS,Rajvir Industries,Textile - Spinning,3.09
GANGOTRI.NS,Gangotri Textile,Textile - Spinning,1.99
126179.BO,Ludlow Jute &Special,Textile - Weaving,365.75
130035.BO,Santosh Fine-Fab,Textile - Weaving,12.76
AICHAMP.NS,AI Champdany Inds.,Textile - Weaving,58.62
MANOMAY.NS,Manomay Tex India,Textile - Weaving,424.09
UNITEDPOLY.NS,United Polyfab Guj.,Textile - Weaving,956.16
MORARJEE.NS,Morarjee Textiles,Textile - Weaving,35.24
311911.BO,Mish Designs,Textile - Weaving,12.41
VGL.NS,Varvee Global,Textile - Weaving,274.7
JASCHIND.NS,Jasch Industries,Textile - Weaving,197.48
SIYSIL.NS,Siyaram Silk Mills,Textile - Weaving,2507.38
214491.BO,Winsome International Limited,Textile - Weaving,0
213177.BO,Ganges Manufacturing Co. Limited,Textile - Weaving,0
219576.BO,Ginni International,Textile - Weaving,0
255161.BO,Pilaniwala Textile,Textile - Weaving,0
245603.BO,Surana Metals,Textile - Weaving,0
290261.BO,Exclusive Fibers,Textile - Weaving,
267434.BO,Premjyot Fabrics,Textile - Weaving,0
243970.BO,Hooghly Mills Co,Textile - Weaving,0
275025.BO,Calcutta Jute MfgCo,Textile - Weaving,0
BSL.NS,BSL,Textile - Weaving,127.19
131304.BO,Nutech Global,Textile - Weaving,8.08
132825.BO,Jagjanani Textiles,Textile - Weaving,9.28
VTMLTD.NS,VTM,Textile - Weaving,564.39
KGDENIM.NS,KG Denim,Textile - Weaving,37.05
131411.BO,Tuni Textile Mills,Textile - Weaving,12.93
130705.BO,Anirit Ventures,Textile - Weaving,75.6
242447.BO,Mukta Agriculture,Trading,
121238.BO,Bharat Global Devel.,Trading,1608
130697.BO,Zenlabs Ethica,Trading,20.76
293058.BO,Roni Households,Trading,31.32
124458.BO,Indo Euro Indchem,Trading,8.19
294759.BO,Ambassador IntraHold,Trading,7.64
119031.BO,Shah Foods,Trading,936.91
103639.BO,Apollo Ingredients,Trading,71.72
303886.BO,Scarnose Internatl.,Trading,11.28
282927.BO,AMS Polymers,Trading,
ADANIENT.NS,Adani Enterprises,Trading,397723.7
REDINGTON.NS,Redington,Trading,29027.28
AEGISLOG.NS,Aegis Logistics,Trading,44584.02
STCINDIA.NS,State Trading Corpn.,Trading,691.68
CPPLUS.NS,Aditya Infotech,Trading,43825.58
LGHL.NS,Laxmi Goldorna House,Trading,878.72
322815.BO,Goldline Pharma.,Trading,37.59
AMJUMBO.NS,Parampara Dairy Del.,Trading,11.71
PURVFLEXI.NS,Purv Flexipack,Trading,96.1
KKVAPOW.NS,KKV Agro Powers,Trading,22.95
207656.BO,Aar Kay Steel Products Ltd.,Trading,0
207709.BO,Allied Photographics India,Trading,0
200169.BO,Binani Metals Limited,Trading,0
213280.BO,Hanuman Agro Industries Limited,Trading,0
212803.BO,Central India Industries Limited,Trading,0
208636.BO,MD Overseas Ltd.,Trading,0
212889.BO,Cuprum Bagrodia Ltd.,Trading,0
219476.BO,Haryana Coated Paper,Trading,0
219607.BO,Rishab Exports,Trading,0
213779.BO,Pioneer Polyfeb Limited,Trading,0
220058.BO,Pondicherry Spinners,Trading,0
222493.BO,Amrit Agro Inds.,Trading,0
220076.BO,Indiana Current Cont,Trading,0
220166.BO,Shri Amarsinhji Stat,Trading,0
ABMINTLLTD.NS,ABM International,Trading,52.55
223852.BO,Orient International,Trading,0
223945.BO,Ushita Trading,Trading,0
224974.BO,Hicks Thermometers,Trading,0
224812.BO,Bharat Nidhi,Trading,0
226461.BO,Automark Industries,Trading,0
BALAXI.NS,Balaxi Pharma.,Trading,140.06
JMA.NS,Jullundur Motor Agen,Trading,206.89
227547.BO,Presidency Exports,Trading,0
VAISHALI.NS,Vaishali Pharma,Trading,112.32
236737.BO,Commercial Motors,Trading,0
237285.BO,Reliance Infotek,Trading,0
236414.BO,Bawa Industries,Trading,0
236013.BO,AV Thomas Internat.,Trading,0
240200.BO,Premium Merchants,Trading,0
238670.BO,Sataytej Commercial,Trading,0
240038.BO,Neeraj Paper Agencie,Trading,0
SPCENET.NS,Spacenet Enterprises,Trading,193.6
241071.BO,Marvel Hi-Tech,Trading,0
243220.BO,Annapurna Projects,Trading,0
243582.BO,Deepa Trade,Trading,0
243606.BO,Dhaval Exports Ltd.,Trading,0
243675.BO,Eagle International,Trading,0
243852.BO,Globe (India),Trading,0
243965.BO,Hindusthan Tea,Trading,0
244340.BO,Magnum Commercial,Trading,0
244817.BO,Nawratan Arts,Trading,0
244195.BO,Karuna Impex Enter,Trading,0
PHOGLOBAL.NS,Phoenix Overseas,Trading,27.57
245060.BO,Satyam Trading Co,Trading,0
244972.BO,Regal Enterprises,Trading,0
244966.BO,Raw Jute Trading,Trading,0
244839.BO,Olive Commercial Co,Trading,0
245099.BO,Sheetal Exports,Trading,0
245194.BO,SWAL,Trading,0
245142.BO,Spangle Marketing,Trading,0
245385.BO,Kabra Steel Products,Trading,0
245117.BO,Siddharth Ormet,Trading,0
245182.BO,Sukaram Marketing,Trading,0
245398.BO,KD Commercials,Trading,0
245913.BO,Maxworth Indl. Serv,Trading,0
245850.BO,Bagaria Trading,Trading,0
245259.BO,Security Co,Trading,0
245940.BO,Sewa Mercantile Co,Trading,0
245387.BO,Kadambini Mercantile,Trading,0
246559.BO,ISG Traders,Trading,0
246610.BO,TI Pharma,Trading,0
245948.BO,Sophia Exports,Trading,0
246682.BO,Rajnish Enterprises,Trading,0
246598.BO,SB Overseas,Trading,0
246563.BO,Keval India,Trading,0
247441.BO,Smart Capital Serv.,Trading,0
247520.BO,TSS India,Trading,0
254285.BO,Amaravati Agro,Trading,0
251960.BO,Horizon Multi Proj.,Trading,0
252199.BO,Umang Commercial Co,Trading,0
247600.BO,Dev Kunj Trade Enter,Trading,0
247737.BO,Wartyhully Estates,Trading,0
255010.BO,Margo Trading Co,Trading,0
267460.BO,Shivlaxmi Exports,Trading,0
267293.BO,Ashoka Mercantile,Trading,0
268955.BO,Novex Commercial Ent,Trading,0
268233.BO,Glory Trade & Export,Trading,0
267978.BO,Chaman Exports,Trading,0
268088.BO,Do Max Steel,Trading,0
268882.BO,Nagendra Commercial,Trading,0
268685.BO,Madras Spinners,Trading,0
268542.BO,Kamal Impex,Trading,0
269022.BO,Parbati Holdings,Trading,0
268940.BO,Nitu Trading Co,Trading,0
268818.BO,Mridul Traders,Trading,0
269541.BO,VAM Commercial Co,Trading,0
275115.BO,BapuS Ship. (Jam),Trading,0
SHRENIK.NS,Shrenik,Trading,17.75
ZOTA.NS,Zota Health Care,Trading,3921.79
TEMBO.NS,Tembo Global Inds.,Trading,1370.88
275301.BO,Marktesh Trading,Trading,0
275395.BO,Raghav Commercial,Trading,0
CONTI.NS,Continental Seeds,Trading,15.48
287829.BO,Interact Leasing & F,Trading,0
AKG.NS,AKG Exim,Trading,30.47
MITTAL.NS,Mittal Life Style,Trading,35.52
SYNOPTICS.NS,Synoptics Techno.,Trading,41.85
SIDDHIKA.NS,Siddhika Coatings,Trading,139.03
VISAMAN.NS,Visaman Global Sales,Trading,130.6
SHUBHLAXMI.NS,Shubhlaxmi Jewel Art,Trading,19.62
NRL.NS,Nupur Recycle,Trading,876.62
VCL.NS,Vaxtex Cotfab,Trading,29.03
QVCEL.NS,QVC Exports,Trading,25.87
LEMERITE.NS,Le Merite Exports,Trading,261.98
FOCE.NS,Foce India,Trading,571.89
DYNAMIC.NS,Dynamic Services,Trading,344.07
KCK.NS,Kck Industries,Trading,97.63
GRETEX.NS,Gretex Industries,Trading,375.55
QMSMEDI.NS,QMS Medi Allied Ser.,Trading,307.41
SHIVAUM.NS,Shiv Aum Steels,Trading,609.37
APRAMEYA.NS,Aprameya Engineering,Trading,221.82
DENEERS.NS,DE Neers Tools,Trading,194.64
AGARWALFT.NS,Agarwal Float Glass,Trading,20.72
AGUL.NS,AG Universal,Trading,25.17
CELLPOINT.NS,Cell Point (India),Trading,30.46
REMUS.NS,Remus Pharmaceutical,Trading,1048.83
DENTALKART.NS,Vasa Denticity,Trading,714.55
SUNREST.NS,Sunrest Lifescience,Trading,33.47
CELLECOR.NS,Cellecor Gadgets,Trading,730.34
NEWJAISA.NS,Newjaisa Tech,Trading,63.5
MONOPHARMA.NS,Mono Pharmacare,Trading,15.81
ESCONET.NS,Esconet Technologies,Trading,314.86
LAMOSAIC.NS,Lamosaic India,Trading,62.91
SHANTHALA.NS,Shanthala FMCG Prod.,Trading,11.12
SAIFL.NS,Sameera Agro & Infra,Trading,28.58
ASPIRE.NS,Aspire & Innovative,Trading,20.11
POSITRON.NS,Positron Energy,Trading,136.81
GPECO.NS,GP Eco Solutions,Trading,544.45
SILKFLEX.NS,Silkflex Polymers(I),Trading,334.63
SLONE.NS,Slone Infosystems,Trading,98.53
KKJEWELS.NS,Kabra Jewels,Trading,102.75
DHARIWAL.NS,Dhariwalcorp,Trading,225.63
VIESL.NS,Vision Infra Equip.,Trading,976.55
VIJAYPD.NS,Vijaypd Ceutical,Trading,123.03
DIVINEHIRA.NS,Divine Hira Jeweller,Trading,428.4
PRIZOR.NS,Prizor Viztech,Trading,1295.98
HPTL.NS,HP Telecom India,Trading,392.89
AAKAAR.NS,Aakaar Medical Tech.,Trading,88.86
MEDISTEP.NS,Medistep Healthcare,Trading,32.54
ENCOMPAS.NS,Encompass Design,Trading,364.23
EPWINDIA.NS,EPW India,Trading,280.22
EXIMROUTES.NS,Exim Routes,Trading,200.83
208457.BO,JK Ansell,Trading,
241419.BO,Chartered Speed,Trading,
270096.BO,Greenvalue Agrofarms,Trading,
290154.BO,Cineom Broadcast,Trading,
283243.BO,Suwarnsparsh Gems,Trading,
289546.BO,PN Gadgil & Sons,Trading,
292998.BO,Balaji Solutions,Trading,
289057.BO,RR Industrial Corp.,Trading,
290882.BO,Caliber Mining & Log,Trading,3288.73
294257.BO,Imagine Marketing,Trading,
292987.BO,Aakarshit Ice & Cold,Trading,
294269.BO,Welpar Pharmbizz,Trading,
294423.BO,JSK Marketing,Trading,
295576.BO,Jiya Eco India,Trading,
296001.BO,Rainbow Crop Health,Trading,
295547.BO,Ramsons Food Product,Trading,
294469.BO,Pentech Metals,Trading,
316511.BO,Speciality Medicines,Trading,131.79
322372.BO,Marushika Technology,Trading,93.56
320629.BO,ARC Distributors (I),Trading,
320947.BO,Adon Agro Commoditie,Trading,191.04
322891.BO,Kwick Forensic Solut,Trading,354.39
322816.BO,Mopshop Distribution,Trading,65.56
322894.BO,Striders Impex,Trading,120.45
323978.BO,Aureate Tradde,Trading,50.92
GAJANAND.NS,Gajanand Internatl.,Trading,15.82
LLOYDSENT.NS,Lloyds Enterprises,Trading,11331.6
MMTC.NS,MMTC,Trading,9627
HONASA.NS,Honasa Consumer,Trading,15357.37
CELLO.NS,Cello World,Trading,7713.41
PREMIERENE.NS,Premier Energies,Trading,45485.94
288622.BO,UH Zaveri,Trading,27.34
287956.BO,Gautam Gems,Trading,14.29
CONFIPET.NS,Confidence Petroleum,Trading,2740.32
HCL-INSYS.NS,HCL Infosystems,Trading,332.5
OSWALAGRO.NS,Oswal Agro Mills,Trading,492.1
UNIENTER.NS,Uniphos Enterprises,Trading,648.1
112038.BO,TCC Concept,Trading,1047.99
AUSOMENT.NS,Ausom Enterprise,Trading,220.42
AEROENTER.NS,Aeroflex Enterprises,Trading,1604.78
PRUDMOULI.NS,Pruden Sugar Corpn.,Trading,52.41
NOVARTIND.NS,Novartis India,Trading,4065.83
OCCL.NS,AG Ventures,Trading,131.12
ANIKINDS.NS,Anik Industries,Trading,124.89
DVL.NS,Dhunseri Ventures,Trading,1015.89
SYMPHONY.NS,Symphony,Trading,3985.34
SGMART.NS,SG Mart,Trading,10394.75
BIOFILCHEM.NS,Biofil Chem & Pharma,Trading,52.08
SIGIND.NS,Signet Industries,Trading,207.15
KOTHARIPRO.NS,Kothari Products,Trading,402.24
SIL.NS,Standard Industries,Trading,126.02
FISCHER.NS,Fischer Medical,Trading,2518.06
AAREYDRUGS.NS,Aarey Drugs & Pharma,Trading,295.74
SAKUMA.NS,Sakuma Exports,Trading,253.97
MANAKSIA.NS,Manaksia,Trading,413.19
OPTIEMUS.NS,Optiemus Infracom,Trading,5133.18
IMPAL.NS,India MotorParts&Acc,Trading,1391.02
RPTECH.NS,Rashi Peripheral,Trading,5469.51
VINCOFE.NS,Vintage Coffee & Bev,Trading,2499.82
EXCEL.NS,Landsmill Green,Trading,88.87
HEXATRADEX.NS,Hexa Tradex,Trading,870.93
MUFTI.NS,Credo Brands Mktg,Trading,491.96
220066.BO,Polo Queen Indl.&Fin,Trading,290.76
SREEL.NS,Sreeleathers,Trading,614.81
MVGJL.NS,Manoj Vaibhav Gems,Trading,878.77
PDSL.NS,PDS,Trading,5071.36
LYPSAGEMS.NS,Aurus Gem Corp,Trading,14.27
ESSENTIA.NS,Integra Essentia,Trading,184.3
284203.BO,IFL Enterprises,Trading,42.33
VIKASLIFE.NS,Vikas Lifecare,Trading,240.36
274213.BO,UR Sugar Industries,Trading,17.22
287623.BO,Sharika Enterprises,Trading,80.62
CNL.NS,Creative Newtech,Trading,1825.28
DIGJAMLMTD.NS,Digjam,Trading,99.92
290394.BO,Add-Shop E-Retail,Trading,17.41
289644.BO,Rajnish Wellness,Trading,40.61
BCONCEPTS.NS,Brand Concepts,Trading,208.86
294518.BO,Anand Rayons,Trading,92.1
ASHOKAMET.NS,Ashoka Metcast,Trading,33.94
ANMOL.NS,Anmol India,Trading,57.37
289450.BO,PALM Jewels,Trading,15.5
KAMOPAINTS.NS,Kamdhenu Ventures,Trading,149.04
293443.BO,Northern Spirits,Trading,216.53
304660.BO,Achyut Healthcare,Trading,168.47
UMAEXPORTS.NS,Uma Exports,Trading,81.04
SRD.NS,Shankar Lal Rampal,Trading,251.58
296535.BO,RO Jewels,Trading,7.57
BMWVENTLTD.NS,BMW Ventures,Trading,480.05
JKIPL.NS,Jinkushal Industries,Trading,386.01
JSLL.NS,Jeena Sikho Lifecare,Trading,6417.65
ENTERO.NS,Entero Healthcare,Trading,7954.28
EBGNG.NS,GNG Electronics,Trading,6854.94
ORIENTTECH.NS,Orient Technologies,Trading,1091.97
323240.BO,Simandhar Impex,Trading,47.08
SSDL.NS,Saraswati Saree Dep.,Trading,224.49
ARISINFRA.NS,Arisinfra Solutions,Trading,1051.54
HINDWAREAP.NS,Hindware Home Innov.,Trading,1527.47
FABTECH.NS,Fabtech Technologies,Trading,667.65
277916.BO,Naksh Precious Metal,Trading,4.24
304331.BO,Fabino Enterprises,Trading,4.27
315321.BO,Amwill Health Care,Trading,86.02
273384.BO,Ganesha Ecoverse,Trading,61.51
291030.BO,Ranjeet Mechatronics,Trading,27
290089.BO,Innovative Ideals,Trading,24.65
226119.BO,Patrona Risk Solut.,Trading,10.81
286907.BO,Diggi Multitrade,Trading,13.4
288975.BO,Sun Retail,Trading,4.81
286967.BO,Aayush Art & Bullion,Trading,1941.12
270094.BO,Sirohia & Sons,Trading,6.69
274193.BO,Filtra Consultants,Trading,72.89
295672.BO,Goblin India,Trading,16.58
299001.BO,Shine Fashion (I),Trading,69.71
301975.BO,Getalong Enterprise,Trading,11.64
300407.BO,MRP Agro Ltd.,Trading,104.65
297853.BO,Rajesh Power Serv.,Trading,1408.9
301985.BO,Nanavati Ventures,Trading,38.43
303721.BO,Omnipotent Inds.,Trading,1.52
300011.BO,Afloat Enterprises,Trading,7.99
304773.BO,Safa Systems & Tech.,Trading,52.43
293410.BO,Jonjua Overseas,Trading,13.53
305699.BO,Pearl Green Clubs,Trading,30.75
305562.BO,Sunrise Effnt. Mkt.,Trading,74.67
307353.BO,Amanaya Ventures,Trading,5.53
306732.BO,Dipna Pharmachem,Trading,14.49
306038.BO,Veerkrupa Jewellers,Trading,6.29
306435.BO,Healthy Life Agritec,Trading,35.18
309047.BO,Macfos,Trading,1134.36
309333.BO,Vivaa Tradecom,Trading,51.19
309138.BO,Prospect Consumer,Trading,23.31
309719.BO,City Crops Agro,Trading,66.51
309373.BO,Jay Kailash Namkeen,Trading,35.37
310896.BO,Khazanchi Jewellers,Trading,1889.67
310301.BO,Citichem India,Trading,9.18
311789.BO,Shree Marutinandan,Trading,15.91
311719.BO,Royal Sense,Trading,54.76
311805.BO,Manoj Ceramic,Trading,120.41
312278.BO,Brisk Technovision,Trading,14.13
314829.BO,Aelea Commodities,Trading,326
315452.BO,Khyati Global Vent,Trading,30.08
313478.BO,Dolphin Kitchen Uten,Trading,11.19
315681.BO,Shiv Texchem,Trading,253.27
312433.BO,Piotex Industries,Trading,15.31
316996.BO,NAPS Global India,Trading,25.92
319810.BO,Chemkart India,Trading,224.44
316727.BO,Nanta Tech,Trading,166.5
318315.BO,Marc Loire Fashions,Trading,32.04
316349.BO,Ravelcare,Trading,77.47
320351.BO,True Colors,Trading,373.64
320174.BO,Monika Alcobev,Trading,344.7
316279.BO,Hamps Bio,Trading,22.56
322361.BO,Stanbik Agro,Trading,31.98
320398.BO,SK Minerals & Additi,Trading,564.88
321448.BO,SSMD Agrotech India,Trading,52.69
322727.BO,Luxury Time,Trading,52.01
310203.BO,Shoora Designs,Trading,31.72
286986.BO,Dhruv Wellness,Trading,4.83
225903.BO,Bothra Metals&Alloys,Trading,12.04
274283.BO,OP Chains,Trading,20.21
306622.BO,Naturo AgrotechIndia,Trading,4.68
294275.BO,Glaam Up Jwel,Trading,22.04
305402.BO,EVOQ Remedies,Trading,3.88
300013.BO,AA Plus Tradelink,Trading,29.92
301201.BO,Suumaya Corporation,Trading,2.5
291806.BO,Diksha Greens,Trading,0.92
305102.BO,Dhyaani Trdventur.,Trading,12.17
301276.BO,Artemis ADR Mktplace,Trading,60.86
280274.BO,Khemani Distributors,Trading,261.1
307145.BO,Reetech Internatl.,Trading,6.55
309443.BO,Bizotic Commercial,Trading,479.07
286149.BO,Gautam Exim,Trading,60.41
321184.BO,Aptus Pharma,Trading,549.57
311718.BO,Avax Apparels &Orna.,Trading,31.55
308919.BO,Patron Exim,Trading,4.57
SHUKRADIAM.NS,Shukra Jewellery,Trading,12.01
130757.BO,Shentracon Chemicals,Trading,58.58
123351.BO,Standard Shoe Sole,Trading,7.75
131743.BO,Hira Automobiles,Trading,53.14
121003.BO,Shiva Suitings,Trading,7.67
123712.BO,Panthaora,Trading,13.13
112063.BO,Wardwizard Health.,Trading,1.11
291293.BO,SM Gold,Trading,14.95
114440.BO,Blue Pearl Agriven.,Trading,516.39
274990.BO,A-1,Trading,233.68
278126.BO,Elitecon Intl.,Trading,1387.5
295121.BO,Parshva Enterprises,Trading,187.08
285042.BO,Starlineps Enter.,Trading,375.8
GOYALALUM.NS,Goyal Aluminiums,Trading,88.78
HARDWYN.NS,Hardwyn India,Trading,624.31
287222.BO,MRC Agrotech,Trading,84.58
SOMATEX.NS,Soma Textiles & Inds,Trading,298.02
124210.BO,Pentokey Organy (I),Trading,20.39
245507.BO,Variman Global Enter,Trading,105.15
SALORAINTL.NS,Salora International,Trading,22.68
112565.BO,Neelkanth,Trading,15.21
122235.BO,Minal Industries,Trading,102.67
280925.BO,Darshan Orna,Trading,21.71
113149.BO,Acrow India,Trading,50.24
APPLEIND.NS,Utique Enterprises,Trading,21.88
268021.BO,Consecutive Commodit,Trading,73.67
130689.BO,Krowniq,Trading,99.78
107970.BO,Paramount Cosmetics,Trading,19.66
131301.BO,Tusaldah,Trading,26.95
GLOBABOARD.NS,Metroglobal,Trading,167.92
101391.BO,WH Brady & Co,Trading,122.96
101477.BO,Muller & Phipps (I),Trading,13.12
102933.BO,Katare Spg Mills,Trading,28.5
103626.BO,Manglam Global Corp.,Trading,16.23
103772.BO,Modella Woollens,Trading,6.55
105523.BO,Maharashtra Corpn.,Trading,18.63
STANDRDBAT.NS,Standard Batteries,Trading,21.3
MIDINDIA.NS,Mid India Inds.,Trading,9.88
105685.BO,Taparia Tools,Trading,19.34
106530.BO,Kemp & Company,Trading,108.02
106134.BO,Gourmet Gateway Ind,Trading,184.63
MYSORPETRO.NS,Mysore PetroChemical,Trading,83.69
107609.BO,Olympic Oil Inds.,Trading,7.26
111401.BO,Munoth Communication,Trading,6.39
109945.BO,Thacker & Company,Trading,114.21
112165.BO,ABans Enterprises,Trading,194.32
AMFORGEIND.NS,Amforge Industries,Trading,8.09
109472.BO,Cravatex,Trading,85.15
112014.BO,Sobhagya Mercantile,Trading,1544.72
112443.BO,Ganon Products,Trading,7.13
112115.BO,Rose Merc.,Trading,48.88
NIYATILEAS.NS,Veerhealth Care,Trading,99.51
113422.BO,Bloom Industries,Trading,18.29
113713.BO,White Organic Agro,Trading,11.69
114060.BO,Newtrac Foods &Bever,Trading,7.64
GUJCOTEX.NS,Gujarat Cotex,Trading,26.3
114272.BO,Bhilwara Spinners,Trading,120.78
114312.BO,Jaihind Industries,Trading,33.83
114183.BO,Black Rose Inds.,Trading,576.4
119238.BO,Saptarishi Agro Inds,Trading,78.81
117077.BO,Ind Agiv Commerce,Trading,18.88
119483.BO,Tai Industries,Trading,14.38
RAMAVISION.NS,Rama Vision,Trading,186.68
121222.BO,Sanblue Corporation,Trading,14.13
119532.BO,Asian Tea & Exports,Trading,24.29
MADSUDIND.NS,Madhusudan Inds.,Trading,19.4
122289.BO,NMS Global,Trading,11.65
124444.BO,Evexia Lifecare,Trading,247.81
124522.BO,Laffans Petrochem,Trading,20.79
123652.BO,Kkalpana Plastick,Trading,28.64
124480.BO,Riddhi Siddhi Gluco,Trading,546.14
NETWORK.NS,Swiss Military Cons.,Trading,368.14
114378.BO,Yarn Syndicate,Trading,29.25
124661.BO,Welcure Drugs&Pharma,Trading,28.43
PRIYADYES.NS,Priya,Trading,6.56
124628.BO,Parker Agrochem Exp.,Trading,9.25
ASHOKALCO.NS,Aeonx Digital Techno,Trading,48.78
126211.BO,Suraj Industries,Trading,294.8
123782.BO,Mitshi India,Trading,12.86
126241.BO,Amrapali Industries,Trading,175.52
126473.BO,Elegant Flori. &Agro,Trading,11.69
123519.BO,Universal OfficeAuto,Trading,10.55
126477.BO,South Asian Enterp.,Trading,21.59
124675.BO,Kabsons Industries,Trading,36.64
130057.BO,Vivanza Biosciences,Trading,7
130207.BO,Brawn Biotech,Trading,6.81
126971.BO,Dhoot Industrial Fin,Trading,177.22
126075.BO,Rekvina Laboratories,Trading,59.84
126492.BO,Rishiroop,Trading,99.43
130185.BO,Surat Trade & Merc.,Trading,102.8
130213.BO,Fortune Internatl.,Trading,55.26
126525.BO,Worldwide Aluminium,Trading,5.92
130309.BO,Chandra Prabhu Intl.,Trading,29.9
130495.BO,Stratmont Industries,Trading,159.27
130525.BO,Rajnish Retail,Trading,33.7
130545.BO,Cosco India,Trading,76.15
130361.BO,Prabhhans Industries,Trading,23.68
130899.BO,Asia Pack,Trading,14.51
130187.BO,Atharv Enterprises,Trading,7.14
131262.BO,Equilateral Enterp.,Trading,10.7
131216.BO,Comfort Intech,Trading,198.68
131163.BO,Kemistar Corporation,Trading,58.67
131190.BO,Eforu Entertainment,Trading,74.67
131352.BO,Peeti Securities,Trading,7.5
131585.BO,Devine Impex,Trading,8.17
131178.BO,Hemang Resources,Trading,11.97
131156.BO,Alfavision Overseas,Trading,40.95
131402.BO,LWS Knitwear,Trading,26.09
131663.BO,Yuvraaj Hygiene Prod,Trading,89.48
131658.BO,Abate AS Industries,Trading,140.9
131592.BO,Genpharmasec,Trading,69.21
131752.BO,Biogen Pharmachem,Trading,29.49
PRITHVISOF.NS,Prithvi Exchange (I),Trading,84.56
131893.BO,Sawaca Enterprises,Trading,16.59
131667.BO,RR Metalmakers India,Trading,44.28
132154.BO,Johnson Pharmacare,Trading,25.85
131539.BO,Rishabh Digha Steel,Trading,18.76
132435.BO,Sanmit Infra,Trading,77.98
SICAGEN.NS,Sicagen India,Trading,230.62
217982.BO,Novelix Pharma,Trading,217.94
132070.BO,Gujjubhai Industries,Trading,207.74
SARTHAKIND.NS,Sarthak Industries,Trading,24.16
131991.BO,Amraworld Agrico,Trading,6.26
209802.BO,Simplex Papers,Trading,4.2
236159.BO,Amba Enterprises,Trading,148
206156.BO,Grandma Trdg.&Agency,Trading,8.75
225142.BO,The Yamuna Syndicate,Trading,851.74
227302.BO,Lesha Industries,Trading,21.34
243865.BO,Goldcoin Health Food,Trading,4.63
236398.BO,Grameva,Trading,43.17
242448.BO,Mystic Electronics,Trading,7
247518.BO,Panth Infinity,Trading,54.28
245380.BO,Annvrridhhi Ventures,Trading,38.9
267016.BO,Shivamshree Business,Trading,13.69
245098.BO,Cosmic Energy &Motor,Trading,10.53
247516.BO,Symbiox Inv.& Tradig,Trading,5.94
267548.BO,Triveni Enterprises,Trading,5.72
274098.BO,Chennai Ferrous Ind.,Trading,25.76
268348.BO,IGC Industries,Trading,7.08
267306.BO,Agribio Spirits,Trading,359.62
279655.BO,Shivansh Finserve,Trading,9.64
279353.BO,Tavexia Lifecare,Trading,39.13
279040.BO,Ecofinity Atomix,Trading,48.66
279899.BO,ACE Men Engg Works,Trading,151.1
278032.BO,Samsrita Labs,Trading,28.78
274299.BO,Tirupati Innovar,Trading,15.08
275503.BO,Fratelli Vineyards,Trading,560.79
280309.BO,CHD Chemicals,Trading,5.52
281391.BO,Dalmia Indl. Develop,Trading,18.36
279657.BO,Mishtann Foods,Trading,359.92
285855.BO,7NR Retail,Trading,19.58
283755.BO,Franklin Industries,Trading,24.68
284441.BO,Flora Corporation,Trading,5.96
279669.BO,Delta Industrial Res,Trading,5.66
284204.BO,Maximus Internatl.,Trading,200.52
280766.BO,Balgopal Commercial,Trading,455.66
298578.BO,Natural Biocon (I),Trading,9.23
285653.BO,Guru Krupa Gem & Jew,Trading,51.36
311916.BO,Shradha AI Tech.,Trading,143.85
119242.BO,Sarda Proteins,Trading,83.17
244915.BO,Positive Electronics,Trading,0
256105.BO,Golden Bull Research,Trading,0
VENLONPOLY.NS,Venlon Enterprises,Trading,22.36
123425.BO,Sunraj Diamond Exp.,Trading,6.75
124590.BO,Hemo Organic,Trading,6.55
236023.BO,Aayush Wellness,Trading,131.85
131671.BO,Karnawati Innovation,Trading,6.54
RAMAPETRO.NS,Rama Petrochemicals,Trading,18.1
TRANSCHEM.NS,Transchem,Trading,439.42
104378.BO,Nyssa Corporation,Trading,6.57
104346.BO,RRP Semiconductor,Trading,11409.08
106863.BO,Swadeshi Inds.&Leas.,Trading,174.18
104746.BO,RRP Electronics Ind.,Trading,82.12
106180.BO,Emergent Ind. Solu.,Trading,189.16
112297.BO,Shantai Industries,Trading,67.82
112099.BO,Eyantra Ventures,Trading,109.63
112229.BO,Veritas (India),Trading,433.52
112595.BO,KD Green Industries,Trading,512.02
112319.BO,Rajlaxmi Industries,Trading,0
112301.BO,Chambal Breweries,Trading,26.37
RAMGOPOLY.NS,Ramgopal Polytex,Trading,44.57
112355.BO,Anukaran Comml.Enter,Trading,0
HARIAEXPO.NS,Haria Exports,Trading,11.3
104392.BO,Krishna Ventures,Trading,54
112026.BO,Vega Jewellers,Trading,315.21
PAEL.NS,Aurique,Trading,2.12
112217.BO,Prism Medico &Pharma,Trading,40.69
113403.BO,PM Telelinks,Trading,14.93
114324.BO,Omnitex Industries,Trading,311.1
126439.BO,Ambitious Plasto Co,Trading,5.04
119174.BO,Ashiana Agro Inds.,Trading,5.2
126905.BO,Padmanabh Industries,Trading,5.07
124723.BO,Arvaya Healthcare,Trading,570.26
130561.BO,Radford Global,Trading,0
131099.BO,Centuple Global,Trading,19.53
130929.BO,RRP Defense,Trading,877.8
131067.BO,Contil India,Trading,30.8
123896.BO,AVI Products India,Trading,17.33
131365.BO,Naisargik Agritech,Trading,0
131413.BO,Kiran Print-Pack,Trading,14.51
131270.BO,Dazzel Confindive,Trading,0
130177.BO,VK Global Industries,Trading,9.3
119606.BO,Integrated Proteins,Trading,299.42
131797.BO,Scan Projects,Trading,9.17
131409.BO,Alchemist Corporatn.,Trading,17.3
131286.BO,Adhata Global,Trading,10.89
131685.BO,Frontline Fin. Serv.,Trading,15.31
131939.BO,Genus Comm Trade,Trading,0
131628.BO,Tejassvi Aaharam,Trading,378.05
131945.BO,Sunitee Chemicals,Trading,0
131693.BO,Yantra Natural Res,Trading,0
131557.BO,Amit Securities,Trading,29.68
130993.BO,Sarthak Global,Trading,10.83
131913.BO,Castora Agri Commod.,Trading,5.9
131962.BO,Shree Metalloys,Trading,20.66
132092.BO,Epuja Spiritech,Trading,11.31
206470.BO,Containerway Inter.,Trading,20.8
131944.BO,Lexoraa Industries,Trading,7.04
131496.BO,Omkar Overseas,Trading,5.34
255239.BO,Rotographics (India),Trading,365.87
238969.BO,Aerpace Industries,Trading,614.82
243041.BO,AVI Polymers,Trading,165.5
232770.BO,Svarnim Trade Udyog,Trading,2.78
209801.BO,Simplex Mills Co.,Trading,16.8
250129.BO,Yuranus Infrastruct.,Trading,20.91
267952.BO,Callista Industries,Trading,137.76
268435.BO,Medico Intercont.,Trading,26.27
274285.BO,Fraser and Co,Trading,7.09
280677.BO,Le Lavoir,Trading,32.01
277283.BO,Atma Industries,Trading,41
267111.BO,Pipan Oils,Trading,321.38
290843.BO,Ashnisha Industries,Trading,75.56
285016.BO,Danube Industries,Trading,50.23
243461.BO,Chandrima Mercantile,Trading,566.72
267241.BO,SMT Engineering,Trading,648.53
214444.BO,Wardwizard Foods&Bev,Trading,245.31
276821.BO,Mishka Exim,Trading,61.85
121167.BO,Maxgrow India,Trading,697.24
117393.BO,Reganto Enterprises,Trading,69.64
112359.BO,Sword-Edge Comml.,Trading,11.95
126568.BO,Longview Tea Co,Trading,4.44
115127.BO,Ramasigns Industries,Trading,2.77
131300.BO,Amit International,Trading,6.03
131867.BO,Unitech Internatl.,Trading,3.3
COMPINFO.NS,Compuage Infocom,Trading,9.35
FCONSUMER.NS,Future Consumer,Trading,43.93
280057.BO,Radhagobind Commrcl.,Trading,2.82
126773.BO,Press. Sensitive Sys,Trading,15.73
221644.BO,Keto Motors,Trading,2189.46
CEREBRAINT.NS,Cerebra Intgr. Tech.,Trading,30.12
245846.BO,Vasudhagama Enter.,Trading,3.95
JYOTISTRUC.NS,Jyoti Structures,Transmission Towers / Equipments,1196.05
MODERNMAL.NS,Modern Malleables,Transmission Towers / Equipments,524.25
NEUEON.NS,Neueon Corporation,Transmission Towers / Equipments,634.43
ANAWIL.NS,Anawil Wire And Eng.,Transmission Towers / Equipments,
281937.BO,Sterlite Electric,Transmission Towers / Equipments,
322589.BO,Anawil Wire And Eng.,Transmission Towers / Equipments,955.99
292837.BO,Neccon Power & Infra,Transmission Towers / Equipments,
THOMASCOOK.NS,Thomas Cook (India),Travel Services,5251.8
TSC.NS,TSC India,Travel Services,62.5
319456.BO,LGT Global Hospital,Travel Services,35.62
IXIGO.NS,Le Travenues Techno,Travel Services,7355.09
322377.BO,Helloji Holidays,Travel Services,43.89
306304.BO,Sailani Tours N Trvl,Travel Services,5.17
312704.BO,Naturewings Holidays,Travel Services,24.2
276881.BO,Growington Ventures,Travel Services,45.6
224856.BO,Yaan Enterprises,Travel Services,37.91
112277.BO,Autoriders Interntl.,Travel Services,102.89
IRCTC.NS,IRCTC,Travel Services,38084
CORDELIA.NS,Waterways Leisure,Travel Services,
TBOTEK.NS,TBO Tek,Travel Services,18339.39
221555.BO,Makemytrip (India),Travel Services,0
321092.BO,Waterways Leisure,Travel Services,7521.79
307543.BO,Seven Seaz Vacations,Travel Services,
WTICAB.NS,Wise Travel India,Travel Services,248
324087.BO,UHM Vacation,Travel Services,21.94
EASEMYTRIP.NS,Easy Trip Planners,Travel Services,2390.79
YATRA.NS,Yatra Online,Travel Services,1780.84
DREAMFOLKS.NS,Dreamfolks Services,Travel Services,356.54
315079.BO,Travels & Rentals,Travel Services,17.92
316021.BO,Mach Travel Solution,Travel Services,347.01
INTLTRAVHS.NS,Intl Travel House,Travel Services,227.56
132410.BO,Transcorp Intnatl.,Travel Services,81.6
109953.BO,Trade-Wings,Travel Services,153.75
126795.BO,Mahasagar Travels,Travel Services,4.95
NDTV.NS,New Delhi Television,TV Broadcasting & Software Production,837.95
INSPIRE.NS,Inspire Films,TV Broadcasting & Software Production,11.5
281812.BO,Diksat Transworld,TV Broadcasting & Software Production,219.46
ENIL.NS,Entertainment Netw.,TV Broadcasting & Software Production,489.34
121062.BO,Perfect-Octave Media,TV Broadcasting & Software Production,12.46
ORTEL.NS,Ortel Communications,TV Broadcasting & Software Production,6.27
RAJTV.NS,Raj TV Network,TV Broadcasting & Software Production,41.89
303324.BO,Sharpline Broadcast,TV Broadcasting & Software Production,27
109073.BO,HathwayBhawani Cable,TV Broadcasting & Software Production,8.93
BTML.NS,Bodhi TreeMultimedia,TV Broadcasting & Software Production,154.62
SUNTV.NS,Sun TV Network,TV Broadcasting & Software Production,18557.44
DEN.NS,Den Networks,TV Broadcasting & Software Production,1334.8
ZEEL.NS,Zee Entertainment,TV Broadcasting & Software Production,8799.32
EFACTOR.NS,E Factor Experiences,TV Broadcasting & Software Production,227.17
TVTODAY.NS,TV Today Network,TV Broadcasting & Software Production,662.02
PPSL.NS,Picturepost Studios,TV Broadcasting & Software Production,8.35
NETWORK18.NS,Network 18 Media Inv,TV Broadcasting & Software Production,4376.2
NDLVENTURE.NS,NDL Ventures,TV Broadcasting & Software Production,419.95
CREATIVEYE.NS,Creative Eye,TV Broadcasting & Software Production,12.42
RADIOCITY.NS,Music Broadcast,TV Broadcasting & Software Production,217.09
ZEEMEDIA.NS,Zee Media Corpn.,TV Broadcasting & Software Production,538.76
GTPL.NS,GTPL Hathway,TV Broadcasting & Software Production,659.82
DISHTV.NS,Dish TV India,TV Broadcasting & Software Production,473.2
TVVISION.NS,TV Vision,TV Broadcasting & Software Production,13.1
288240.BO,Crystal Business Sys,TV Broadcasting & Software Production,20.55
200108.BO,Sea TV Network,TV Broadcasting & Software Production,3.83
236734.BO,Colorchips New Media,TV Broadcasting & Software Production,18.92
131366.BO,Kohinoor Broadcast.,TV Broadcasting & Software Production,0
SITINET.NS,Siti Networks,TV Broadcasting & Software Production,25.29
PADMALAYAT.NS,Padmalaya Telefilms,TV Broadcasting & Software Production,7.17
236941.BO,Dolfin Rubbers,Tyres & Allied,173.27
CEATLTD.NS,Ceat,Tyres & Allied,13482.82
GOODYEAR.NS,Goodyear India,Tyres & Allied,1710.38
TOLINS.NS,Tolins Tyres,Tyres & Allied,363.4
VIAZ.NS,Viaz Tyres,Tyres & Allied,110.07
BALKRISIND.NS,Balkrishna Inds.,Tyres & Allied,44165.25
APOLLOTYRE.NS,Apollo Tyres,Tyres & Allied,27280.76
JKTYRE.NS,JK Tyres & Inds.,Tyres & Allied,10590.32
MRF.NS,MRF,Tyres & Allied,55111.53
ETML.NS,Emerald Tyre Mfrs.,Tyres & Allied,159.61
ITTL.NS,Innovative Tyre&Tube,Tyres & Allied,64.2
TVSSRICHAK.NS,TVS Srichakra,Tyres & Allied,4010.38
TIMEX.NS,Timex Group India,Watches & Accessories,
KDDL.NS,KDDL,Watches & Accessories,4810.25
SONAMLTD.NS,Sonam,Watches & Accessories,263.57
254808.BO,M&I Watches,Watches & Accessories,0
TIMEXWATCH.NS,Timex Group India,Watches & Accessories,6762.14
304681.BO,Alkosign,Wood & Wood Products,70.8
SYLVANPLY.NS,Sylvan Plyboard (I),Wood & Wood Products,107.63
GREENPLY.NS,Greenply Industries,Wood & Wood Products,3805.77
ORIRAIL.NS,Oriental Rail Infra,Wood & Wood Products,
PRITI.NS,Priti International,Wood & Wood Products,45.25
ADL.NS,Archidply Decor,Wood & Wood Products,40.08
126225.BO,Bloom Dekor,Wood & Wood Products,4.56
WESTERNBIO.NS,Ecoboard Industries,Wood & Wood Products,167.21
ARCHIDPLY.NS,Archidply Industries,Wood & Wood Products,208.36
116062.BO,National Plywood,Wood & Wood Products,6.28
CENTURYPLY.NS,Century Plyboards(I),Wood & Wood Products,16628.54
GREENPANEL.NS,Greenpanel Inds.,Wood & Wood Products,1941.44
131859.BO,Oriental Rail Infra,Wood & Wood Products,876.86
116003.BO,Duroply Industries,Wood & Wood Products,116.14
123888.BO,Megamont,Wood & Wood Products,516.98
317140.BO,Agricon Nutritech,,
321435.BO,Safex Chemicals,,
225871.BO,Hemani Industries,,
223850.BO,Indo Alusys Inds.,,0
322684.BO,Parijat Ind. (I),,
322802.BO,Shivchem Agro,,
322745.BO,Parmeshwar Recycling,,
236146.BO,Alpha Commercial Ent,,0
208318.BO,Hero Motors,,
224180.BO,Adithya Automotive,,
322737.BO,Arete 22,,
211851.BO,Milestone Gears,,
323064.BO,Trimoorty Foamtech,,
316483.BO,Metalman Auto,,
322867.BO,Kheria Autocomp,,
322771.BO,HGI Automotives,,
280102.BO,Greaves Electric,,
318525.BO,Raft Motors,,
314904.BO,RCRS Innovations,,
251801.BO,Aspri Spirits,,
290661.BO,Alcobrew Distillers,,
312332.BO,Resvera Wines,,
322806.BO,Oswal Cables,,
321515.BO,Orient Cables (I),,
312203.BO,Saketh Seven Star,,
320751.BO,Kanodia Cement,,
236750.BO,Coromandel Granites,,0
295039.BO,Varmora Granito,,
311474.BO,BBG Industries,,
318680.BO,Vyara Tiles,,
214099.BO,Saurashtra Chemicals,,0
237110.BO,Manish OrganicsIndia,,0
237719.BO,Indian Sulphacid Ind,,0
245953.BO,Tetrahedron,,0
269185.BO,Reliance Polycrete,,0
208984.BO,Prasol Chemicals,,
215379.BO,Dorf-Ketal Chemicals,,
231560.BO,Survival Tech,,
235377.BO,Shiva Pharmachem,,
304749.BO,Balaji Spec. Chem,,
277377.BO,Arbuda Agrochem.,,
317941.BO,Oan Industries,,
305733.BO,Gujarat Polysol Chem,,
322358.BO,Supreet Chemicals,,
317386.BO,Asha Resins,,
322738.BO,Shanti Inorganics,,0
318981.BO,Kamsons Polymers,,
318982.BO,Satol Chemicals,,
213314.BO,Himalaya Buildcon,,0
321970.BO,Silver Consumer Elec,,
224850.BO,Delta Colonizers,,0
241146.BO,Namo Sidhi Internatl,,0
243663.BO,Dudhoria Constructio,,0
245425.BO,Kwality Builders,,0
245625.BO,Tejpur Vanijya,,0
277824.BO,Runwal Developers,,
208093.BO,Eldeco Infrastructure & Properties,,
222184.BO,GeoSys India Infra,,
312279.BO,Viraunique Realtors,,
313252.BO,Reet Projects,,
298837.BO,Jaikumar Construct.,,
318628.BO,Neelkanth Realtors,,
317202.BO,Casagrand Prem Build,,
PKH.NS,PKH Ventures,,
317398.BO,Varindera Constructi,,
319454.BO,Pranav Constructions,,
322846.BO,Grand Housing,,
322844.BO,Runwal Developers,,
311306.BO,Yola Stays,,
308506.BO,San Trica Realtors,,
319975.BO,Runwal Enterprises,,
324045.BO,Veegaland Developers,,
321322.BO,Kasliwal Projects,,
220774.BO,Kent RO Systems,,
319968.BO,Cookwell Domest. App,,
237363.BO,Goga Foods,,0
237389.BO,Graintec India,,0
309944.BO,Kelson Foods,,
310640.BO,Dada Organics,,
310204.BO,Oliria Foods & Bev,,
311664.BO,Khanna Feed,,
312705.BO,Josh Bevertech,,
318424.BO,SuriFresh Extract,,
316366.BO,Peshwa Wheat,,
317467.BO,Sanjeevani Agrofoods,,
318453.BO,Neufresh Foods,,
322661.BO,DNV Food Products,,
322736.BO,Govindah Nutrition,,
322766.BO,Chamelidevi Flour,,
274057.BO,Ecom Express,,
324033.BO,Papadmalji Agro Food,,
223357.BO,Joyalukkas India,,
236212.BO,Ankit Gold,,
307228.BO,Kedarnath Industries,,
324035.BO,Deepa Jewellers,,
317339.BO,NR Gold,,
221453.BO,Topsun Energy,,
249210.BO,PMEA Solar Tech Sol.,,
252278.BO,Neolite ZKW Lighting,,
289832.BO,Inspros Engineers,,
289524.BO,Viney Corporation,,
313706.BO,Servokon Systems,,
316081.BO,Raviraj Process Cont,,
322855.BO,Raksan Transformers,,
322707.BO,Rotomag Enertec,,
323241.BO,MTE Structures,,
322742.BO,Himalayan Solar,,
223391.BO,Premier Industrial,,
291186.BO,Fourfront,,
304649.BO,Bharat FIH,,
208832.BO,Neilsoft,,
321436.BO,Allied Engineering,,
321288.BO,Rayzon Solar,,
322275.BO,UKB Electronics,,
207855.BO,Bhagat Industrial Corpn. Ltd.,,0
322814.BO,Datasol (Bangalore),,
323976.BO,Tonbo Imaging India,,
241033.BO,Zipper Trading Enter,,0
223893.BO,Corrtech Internation,,
251804.BO,ATS Techno,,
241378.BO,Corrtech Energy,,
273962.BO,Glass Wall Sys. (I),,
321789.BO,Steel Infra Solution,,
322762.BO,Lalbaba Engineering,,
319912.BO,Ardee Engineering,,
322989.BO,Ajwa Projects,,
315933.BO,Shivalik Engineering,,
236509.BO,Prabhu Structures,,0
292401.BO,Rite Water Solut(I),,
307667.BO,R & B Infra Project,,
312298.BO,Lorven International,,
298840.BO,Shri Swami Samarth,,
315201.BO,Simar Infrastructure,,
316082.BO,Park Smart Solutions,,
318681.BO,Archee Group,,
316966.BO,Regreen-Excel EPC,,
316020.BO,Locksworth Infra.,,
318671.BO,Enprocon Enterprise,,
319329.BO,LCC Projects,,
317348.BO,Integrum Energy,,
319833.BO,Grace Renewable Ener,,
317374.BO,Rahee Infratech,,
321967.BO,JJ PV Solar,,
320523.BO,Ravi Infrabuild Proj,,
319970.BO,Swastika Infra,,
319971.BO,Prozeal Green Energy,,
322023.BO,Natrinai Ventures,,
322658.BO,RKCPL,,
322683.BO,Deon Energy,,
322359.BO,Shivalaya Construct.,,
322734.BO,Vishal Nirmiti,,
322871.BO,Universal Cntct &Eng,,
322800.BO,Sai Urja Indo Ventu,,
322874.BO,Vectras Enprocon,,
322866.BO,Somaya Solar Solutio,,
322732.BO,Dhariwal Buildtech,,
322809.BO,Acme India Industrie,,
322856.BO,Sunkind India,,
322875.BO,MRC Infracon,,
324079.BO,Krishna Buildspace,,
219263.BO,Nav Bharat Refrigera,,0
238721.BO,SPM Engineers,,0
208331.BO,JK Files&Engineering,,
215252.BO,Advanced Sys-Tek,,
222647.BO,SFC Environmental,,
270892.BO,Shivganga Drillers,,
313384.BO,Shreyas Fabtech,,
313408.BO,Rays Power Infra,,
322659.BO,HD Fire Protect,,
319872.BO,Mehta Hitech Indust.,,
322686.BO,APPL Containers,,
321631.BO,Oswal Energies,,
322725.BO,Roopa Screen,,
322819.BO,Jain Int. Power,,
322710.BO,INDO-MIM,,
322873.BO,Maxwell Engg. Solut.,,
322892.BO,SJP Ultrasonics,,
324188.BO,Amazin Automation,,
324057.BO,Efficient Fire,,
243542.BO,Coimbatore Pion.Fert,,0
222691.BO,BSR Finance,,0
222726.BO,Baid Mercantile,,0
222756.BO,Gautam Resources,,0
223983.BO,Commitment Finance,,0
224961.BO,Freesia Invest&Trad.,,0
224969.BO,Hind Comtel Ltd.,,0
225037.BO,Mohta Fin. & Leasing,,0
225091.BO,Sharda Capsec Ltd.,,0
225140.BO,Usha Flowell,,0
225549.BO,Uttaranchal Finance,,0
227932.BO,Times Finvest&Commer,,0
233231.BO,SA Trafin,,0
236246.BO,Arihant Leasing&Hold,,0
237001.BO,Emerging Finl. Serv,,0
237338.BO,Giltedged Indl. Sec,,0
237693.BO,India Finance,,0
237793.BO,Investors India,,0
237303.BO,Gallant Fin. &Invest,,0
241061.BO,Maple Holdings,,0
240938.BO,Trigunatmika Trading,,0
242729.BO,Abha Property Proj.,,0
242726.BO,Aarsree Agra,,0
242742.BO,Adventz Invest &Hold,,0
242914.BO,Ajanta Commerce,,0
242784.BO,Adapt Investments,,0
242737.BO,Adarsh Commercial Co,,0
242917.BO,Ajay Investment Ent.,,0
242915.BO,Ajanta Mercantile,,0
242923.BO,Akhivi Tea Plantat.,,0
242941.BO,Allied Stock Invest.,,0
243047.BO,Baaz Trading & Inv.,,0
243062.BO,Banga Laxmi Steel,,0
243050.BO,Bacchhat Investment,,0
243090.BO,Bhagwati (India),,0
243093.BO,Bhaktwatsal Invest.,,0
243206.BO,Amulyanidhi (India),,0
243212.BO,Anima Investments,,0
243214.BO,Anjney Investments,,0
243213.BO,Anita Trading Co,,0
243229.BO,Apex Capital Markets,,0
243230.BO,Apex Holdings,,0
243252.BO,Arihant Chemicals,,0
243274.BO,Ashoka Commercials,,0
243285.BO,Associated General,,0
243286.BO,Associated Leasing,,0
243352.BO,BP Investments,,0
243362.BO,Bulls & Bears Port.,,0
243347.BO,Borosil Holdings,,0
243424.BO,Carbo Industrial Hol,,0
243467.BO,Checons Ltd.,,0
243498.BO,Classic Growers Ltd.,,0
243500.BO,Classique Trade,,0
243583.BO,Deep Commercials Ltd,,0
243586.BO,Deepraj Investments,,0
243594.BO,Deshapriya Estates,,0
243584.BO,Deeplok Financial,,0
243620.BO,Divine Leasing,,0
243621.BO,Divya Mercantile Ltd,,0
243731.BO,Exclusive Leasing,,0
243754.BO,Danta Vyapar Kendra,,0
243812.BO,Gagandeep Services,,0
243869.BO,Goldfields Lsg. Fin.,,0
243912.BO,Goldman Sec (WB),,0
243927.BO,Harak Chand Invest.,,0
243919.BO,Gwalior Sec. &Trader,,0
244015.BO,Indian Capital Corp.,,0
244071.BO,Jagadhatri Foods,,0
244032.BO,Industrial Fiscal,,0
244267.BO,Kshitish Trading Co,,0
244250.BO,Kinetic Investments,,0
244384.BO,Maurya Trading Co,,0
244377.BO,Sunshine Housecon,,0
244378.BO,Master Exch. & Fin.,,0
244318.BO,Little Rock Trade,,0
244832.BO,Nirvan Commercial Co,,0
244830.BO,Nippon Commercial Co,,0
245091.BO,SGS Investments,,0
245334.BO,Spartan Trade Hold.,,0
245359.BO,Jayant Sec. & Fin.,,0
245909.BO,Manjunatha Invest.,,0
246031.BO,Mriduhari Trade,,0
246548.BO,Continental Fiscal,,0
247771.BO,Zoom Leasing & Fin.,,0
267715.BO,A1 Century Trades,,0
269362.BO,Sita Bhagwat Invest,,0
IRBIT.NS,IRBIT,,0
210385.BO,Kinetic Capital,,0
228701.BO,EAAA India Alternat.,,
287443.BO,Belstar Microfinance,,
237047.BO,Shah Investors Home,,
220172.BO,Bajaj Leasing & Fin,,0
222308.BO,MP Inv. & Consult.,,0
222723.BO,Multiplus Resources,,0
241748.BO,Zora Traders,,0
242958.BO,Amravati Eximp,,0
243217.BO,Ankit Prachi Trading,,0
243442.BO,Centax (India) Ltd.,,0
243462.BO,Chariot Eximp Ltd.,,0
243478.BO,Chhajer Finance Ltd.,,0
243599.BO,DFL Finance Ltd.,,0
243808.BO,Fuji India,,0
243827.BO,Gemini Tradelinks,,0
243664.BO,Duke Commerce Ltd.,,0
243829.BO,Gems Commercial Co,,0
243882.BO,Goyal Achal Sampatti,,0
243936.BO,HavellS Finl. Serv.,,0
243945.BO,Heritage Housing Fin,,0
243934.BO,Harvatex Engineering,,0
243952.BO,Himalyan Finl. Serv.,,0
243958.BO,Hind Leasing And Fin,,0
244036.BO,Indian Glass & Elect,,0
244049.BO,International Res.,,0
244022.BO,Indo-Eco (India),,0
244056.BO,IRC Worldwide Courie,,0
244132.BO,Janki Securities,,0
244140.BO,Jayanti Commercial,,0
244141.BO,Jayant (India),,0
244255.BO,Konark (India) Ltd.,,0
244338.BO,Magadh Traders,,0
244322.BO,Lohia Investment,,0
244343.BO,Mahanagar Commercial,,0
244304.BO,Ledo Finl. Services,,0
244383.BO,Maurya Indl.Resource,,0
244406.BO,Merit Investment,,0
244468.BO,MSJ Colonishing,,0
244485.BO,NAK Securities,,0
244483.BO,Nahar Finl. & Inv,,0
244469.BO,Mudit Inv. & Trading,,0
244425.BO,Moderate Inv. & Comm,,0
244488.BO,Nandanvan Investment,,0
244506.BO,Navin Agro Inds.,,0
244497.BO,Narottam Invt.&Trdg,,0
244487.BO,Namokar Marketing,,0
244511.BO,Neelkantha Steels,,0
244558.BO,Omega Trade Enter.,,0
244770.BO,RCS Parivar Finance,,0
244764.BO,Ramraj Enterprises,,0
245058.BO,Satyam Projects,,0
245111.BO,Shri Amba Leasing,,0
245125.BO,Smark Global Finance,,0
245080.BO,ASK Finl. Service(WB,,0
245538.BO,Subhsree Patrochem,,0
248152.BO,Vikram Finl. Service,,0
248151.BO,Vikram Capital Mgmnt,,0
208317.BO,Hero FinCorp,,
215220.BO,Credila Financial,,
271709.BO,SK Finance,,
271608.BO,Asirvad Microfinance,,
273465.BO,Avanse Finl. Service,,
222751.BO,Vatican Commercial,,0
317340.BO,Neev Credit,,
292908.BO,Veritas Finance,,
316940.BO,Mitrata Inc Fin,,
224810.BO,Arihant,,0
243341.BO,Blue Print Sec.,,0
243543.BO,Colama Commercial,,0
225016.BO,Phoenix Real Time,,0
311418.BO,Shreni Shares,,
225139.BO,Uttranchal Leasing,,0
313251.BO,Gretex Share Broking,,
314023.BO,Ullu Digital,,
317082.BO,Omnistar Entertainme,,
322853.BO,Vision Time India,,
316843.BO,Insomnia Media&Conte,,
317376.BO,KRI Entertainment,,
322818.BO,Sobo Films Holding,,
240881.BO,SK Foils,,0
252217.BO,Vinir Engineering,,
244942.BO,Pur Opale Creations,,0
311498.BO,Balaji Piping Prod,,
274036.BO,Gold Plus Glass Ind.,,
217503.BO,Veeda Clinical Res.,,
218762.BO,Agilus Diagnostics,,
272827.BO,Paras Healthcare,,
296045.BO,Kids Clinic India,,
312287.BO,Genx Diagnostics,,
293860.BO,Healthvista India,,
219776.BO,Krishna Continental,,0
318615.BO,Dasra Healthcare,,
241212.BO,Pandyan Hotels,,0
322112.BO,Sakhiya Skin Clinic,,
243845.BO,GLD International,,0
210610.BO,Pride Hotels,,
304353.BO,SBS Food Courts,,
324042.BO,Taldar Hotels,,
324083.BO,Larisa Hotels,,
322719.BO,Hotel Polo Tower,,
243541.BO,Coimbatore Flavors,,0
320305.BO,Prestige Hospitality,,
236952.BO,Duroflex,,
322374.BO,SSG Furnishing Sol.,,
245140.BO,Space Computer & Sys,,0
323734.BO,Steamhouse India,,
200153.BO,Axsys Healthtech,,0
316246.BO,Wagons Learning,,
318674.BO,Bulls Eye Knowledge,,
200492.BO,Trident InfotechCorp,,0
209149.BO,Sai Info,,0
210774.BO,Sify Ltd,,0
321969.BO,Transline Technologi,,
224853.BO,BT TechNet,,0
225141.BO,Zoom Exports,,0
244970.BO,NEO Dynamics,,0
255550.BO,Synfosys Business,,0
212991.BO,EbixCash,,
242764.BO,Sphinx Worldbiz Ltd.,,
306914.BO,SSBA Innovations,,
311909.BO,Vdoit Technologies,,
315774.BO,Armee Infotech,,
312679.BO,Dove Soft,,
312582.BO,Opalforce Software,,
315810.BO,Indicosmic Infotech,,
317283.BO,Mouri Tech,,
316436.BO,Datamate Info Soluti,,
316823.BO,Wildnet Technologies,,
317491.BO,Senrysa Technologies,,
317392.BO,Netanalytiks Techno.,,
317384.BO,Advantal Technologie,,
317391.BO,Ospyn Technologies,,
317705.BO,Indus Net Techno,,
318524.BO,JKV Solutions,,
317922.BO,Datasoft Comp. Serv.,,
318547.BO,NewGen IT Techno.,,
319189.BO,Webtel Electrosoft,,
319982.BO,Prakhar Software Sol,,
319286.BO,EverestIMS Techno.,,
322660.BO,Logix Built Solution,,
322720.BO,Bonbloc Technologies,,
322769.BO,EPPS Infotech,,
323063.BO,Sify Infinit Spaces,,
322362.BO,Streebo Solutions,,
269326.BO,Shivam International,,0
244012.BO,Impex Services,,0
246586.BO,PSTS Heavy Lift,,0
208033.BO,CJ Darcl Logistics,,
282430.BO,Star Agriwarehousing,,
234981.BO,Pristine Logistics,,
316398.BO,Creativity At Best,,
319356.BO,Infraprime Log. Tech,,
318631.BO,TKW Supply Chain Int,,
319230.BO,Turtle Infratrade,,
322739.BO,Pooja Logistics,,
312308.BO,Eastern Supplychain,,
322851.BO,Apana Logistics,,
324010.BO,Yatayat Corporation,,
292997.BO,Sahajanand Medical,,
324046.BO,G Surgiwear,,
226603.BO,Duplex Industries,,0
313551.BO,Metal Care Alloys,,
317382.BO,Krishna Copper,,
214512.BO,Zenith Enterprises Limited,,0
313355.BO,Tamilnadu Coke,,
220078.BO,Acme Sthapati,,0
224811.BO,Anil Locks,,0
238221.BO,Kirloskar Computer,,0
238746.BO,Sagar Industries,,0
241158.BO,Negolice,,0
241182.BO,Okay Plus Internatl.,,0
243057.BO,Balaji-Biotech,,0
277930.BO,Wog Technologies,,
224281.BO,Jerai Fitness,,
207786.BO,Asset Reconstruction,,
280359.BO,SIS Cash Services,,
311791.BO,Kahali Craftistics,,
306487.BO,Deltatech Gaming,,
305566.BO,Navi Technologies,,
312333.BO,Karma Ecotech,,
236704.BO,Cherry Polypack,,0
312282.BO,Solar91 Cleantech,,
308813.BO,GTC Oilfield Ser,,
322595.BO,Medicap Healthcare,,
320552.BO,Twinkle Papers,,
207696.BO,Ajanta Offset & Packagings Ltd.,,0
321321.BO,Phytochem Remedies,,
225012.BO,Polymer Papers Ltd.,,0
322729.BO,Vama Wovenfab,,
236899.BO,Digvijay Services,,0
212983.BO,Earnest Healthcare Limited,,0
323400.BO,Udaan Paper Indust.,,
324085.BO,Craftech Paper Mills,,
321323.BO,Sillverton Indust.,,
243468.BO,Chemech Laboratories,,0
208651.BO,Macleods Pharma,,
225517.BO,Vivek PharmaChem,,
310039.BO,SPC Life Sciences,,
319653.BO,Allchem Lifescience,,
320995.BO,Maxwell Life Science,,
314378.BO,Spectrogen Pharma,,
317379.BO,Amster Labs,,
322418.BO,Cotec Healthcare,,
324152.BO,Rodec Pharma,,
322820.BO,Rednex Pharmaceutica,,
322765.BO,Virupaksha Organics,,
324108.BO,Hindustan Laboratori,,
244953.BO,Rajasthan Synthetic,,0
245198.BO,Synthetic Moulders,,0
245445.BO,Magnum Polymers,,0
208611.BO,Lamtuf,,
211557.BO,Ajay Poly,,
220681.BO,Manika Plastech,,
211916.BO,Radiant Innovative,,
226776.BO,SSF Plastics India,,
295294.BO,RLJ Polyfab,,
314250.BO,Rungta Greentech,,
318420.BO,Amtech Esters,,
314744.BO,Tandhan Polyplast,,
317336.BO,Kumar Arch Tech,,
320502.BO,Shakti Polytarp,,
321945.BO,BLS Polymers,,
322343.BO,Jagdamba Polymers,,
322643.BO,Injecto Polymers,,
226281.BO,Ind Eco Ventures,,0
322821.BO,Phychem Technologies,,0
220870.BO,Continuum Green Ener,,
223875.BO,Associated Pow. Stru,,
318314.BO,Continuum Green,,
323259.BO,SAEL Industries,,
270504.BO,Karamtara Engg.,,
314770.BO,Ever On Power,,
324043.BO,Submarine Pens,,
318546.BO,Jajoo Rashmi Refra.,,
317431.BO,Tenty,,
303724.BO,Wellness Forever,,
214900.BO,Arjun Jewellers,,
321349.BO,FCML Distributors,,
322612.BO,Purple Style Labs,,0
322064.BO,RSB Retail India,,
324029.BO,SS Retail,,
322870.BO,Navjeet India,,
240952.BO,Udayagiri Rubber Co,,0
224364.BO,Eureka Conveyor,,
239133.BO,Mahendra Shipping,,0
318901.BO,Home Zone Rubber Sol,,
322593.BO,Matangi Rubber,,
306251.BO,Amrut Dredg &Ship.,,
225606.BO,Agro Extracts Ltd.,,0
241052.BO,Malwa Vanaspati&Chem,,0
214106.BO,Scan Steels(Amalgama,,0
237377.BO,Goojar Mal Ganpat,,0
236098.BO,Akashna Global Steel,,0
241054.BO,Mani Commercial,,0
241169.BO,Niraj Jindal Ispat,,0
241123.BO,Karthik Inductions,,0
243059.BO,Ballabh Commercial,,0
244865.BO,Partap Steel Rolling,,0
245176.BO,Steel Strips Inds.,,0
245108.BO,Shree Sponge Steel,,0
317488.BO,Purohit Steel India,,
305137.BO,Hitech SAW,,
319831.BO,Elec Steel Processin,,
315200.BO,Shree Bala Ji Pigmen,,
318668.BO,A-One Steels India,,
321325.BO,German Green Steel,,
320027.BO,Sai Infinium,,
319930.BO,Bedi Steels,,
322718.BO,Bombay Coated & Spec,,
322848.BO,Sky Alloys and Power,,
323820.BO,Renny Strips,,
321536.BO,RP Multimetals,,
323744.BO,Jindal Supreme (Ind),,
225913.BO,Namburnadi Tea Co,,0
241790.BO,Panchura Estates,,0
245143.BO,SPBP Tea ( India ),,0
245923.BO,Non Such Tea Estate,,0
213792.BO,Polymatech Electron.,,
218596.BO,Sri Venkatesha Mills,,0
236084.BO,Ahmedabad Kaiser-I,,0
236209.BO,Anisa Carpets,,0
237203.BO,Fourenn Apparels,,0
237867.BO,Jawahar Mills,,0
237896.BO,Juggilal Kamlapat Ju,,0
239265.BO,Sri Balasubramania,,0
240954.BO,Ujjwal,,0
241124.BO,Mona Textiles,,0
243370.BO,Calcutta Silk Mfg.,,0
245114.BO,Shri Renuga Textiles,,0
231545.BO,BIBA Fashion,,
241265.BO,Raghuvir Exim,,
311825.BO,Grandmaa Int,,
315907.BO,Katex Exim,,
316730.BO,Goflex,,
317338.BO,Durgadevi Raiment,,
319382.BO,Vivekanand Cotspin,,
316364.BO,Scap Techno Fab,,
316871.BO,Panchatv Bharat,,
319461.BO,United Techfab,,
317470.BO,Max Supreme Textiles,,
319053.BO,Blueocean Ecotech,,
321351.BO,Milan Ginning Press,,
322893.BO,Vinod Texworld,,
322850.BO,Paramount Syntex,,
322868.BO,Ashutosh Fibre,,0
323796.BO,Sonaselection India,,
211226.BO,Lohia Corp,,
237874.BO,Jaypee Spintex,,0
304517.BO,Nandan Terry,,
308852.BO,S.A. Aanandan Mill,,
224203.BO,Sunrise Soaps & Chem,,0
237535.BO,Hind.Domestic Oil,,0
243079.BO,Believe Enterprises,,0
241253.BO,Omkar Industries,,0
244986.BO,Risorgimento Indl.,,0
266754.BO,International Steel,,0
224420.BO,Lava International,,
225722.BO,FabIndia,,
237569.BO,Hughes & Hughes Chem,,
281459.BO,Yash Impex,,
290652.BO,Airox Technologies,,
304125.BO,API Holdings,,
306486.BO,Stitched Textiles,,
307717.BO,Indexone Industries,,
308437.BO,Labdhi Commercials,,
306040.BO,Hunger Choice,,
308548.BO,Ebor Industries,,
309426.BO,Avax Soft Techno,,
307713.BO,Haru Worldwide,,
308580.BO,Vrindaa Advanced Mat,,
309599.BO,Onest,,
315926.BO,Tirshil Algocomm,,
314701.BO,Vasuki Global Ind,,
313297.BO,Nimstech Industries,,
311516.BO,Nuutjob,,
317342.BO,GNH India Pharma,,
313108.BO,Hometech Digital,,
311562.BO,Aanchal Intl.,,
316316.BO,Richesm Healthcare,,
318491.BO,Jinsuri Electromet,,
318223.BO,IMS Mercantiles,,
319381.BO,Eco Fuel Systems Ind,,
318492.BO,Axiom Gas Engineer.,,
319967.BO,Kanone Technologies,,
319990.BO,Oremet Alloys & Cast,,
320876.BO,Kalyani Aditya Min.,,
322447.BO,Shriram Food Industr,,
319437.BO,Meir Commodities Ind,,
322065.BO,Sri Priyanka Geo,,
322988.BO,Integris Medtech,,
237105.BO,Roneo Vickers India,,0
266626.BO,KK Ropeways,,0
323944.BO,Mother Agri Food,,
324082.BO,FX Multitech,,
323941.BO,Travelstack Tech,,
293799.BO,Oravel Stays,,
319357.BO,Neptune Holidays,,
324086.BO,Fly-Hi Maritime,,
310609.BO,Ish Travel & Tours,,
239510.BO,Etiam Emedia,,0
211579.BO,Asianet Satellite,,
322813.BO,VK Tyre India,,
219274.BO,Jessop & Co,,0
316467.BO,Xolopak India,,
315063.BO,Archit Nuwood Indus.,,
319253.BO,Saffron Spec. Papers,,
200402.BO,KIL Kotagiri Tea,,0
237364.BO,Gokul Rubber & Tea,,0
234501.BO,Sresta Natural Bio.,,
311517.BO,Grune Hafen,,
317920.BO,Paramesu Biotech,,
319196.BO,SeedWorks Intl.,,
309630.BO,Kumjai Farms,,
322687.BO,Farm Peace,,
310078.BO,Celtis Commodities,,
316484.BO,Quanto Agroworld,,
315082.BO,Vardaan Biotech,,
324195.BO,Advanta Enterprises,,
321820.BO,Sharp Agricom,,
322322.BO,Eldorado Agritech,,
307921.BO,Indiafirst Life Ins,,
311285.BO,Matrix Gas & Ren,,
322733.BO,Learnfluence Educati,,
318059.BO,Mittal Commerce,,
317393.BO,Skill Tree Consultin,,
305239.BO,Cogent E-Services,,
311024.BO,Ultra Rich Weddings,,
318438.BO,Mypulse.Io,,
318469.BO,Technowire Data Sci.,,
317383.BO,Multiplier AI,,
320810.BO,Fusion CX,,
319528.BO,Novavente,,
213550.BO,Marikar Motors Limited,,0
304207.BO,Droom Technology,,
310320.BO,Roopyaa Finbizz,,
317998.BO,Nutrikosh India,,
317665.BO,SMPP,,
317468.BO,Pind Hospitality,,
319285.BO,FFS Defence Engineer,,
307028.BO,Infurnia Holdings,,
321724.BO,Nityanand Udyog,,
315991.BO,Tulsian PMS,,
318422.BO,Nakshatra Asset Vent,,
323363.BO,Manipal Payment & Id,,
317205.BO,IKEDA,,
322360.BO,Century Business,,
322209.BO,Max Marketing,,
322849.BO,Liqvd Digital India,,
322860.BO,Beautex Commu.,,
219698.BO,WAPCOS,,
322768.BO,Segmental Infr. Devl,,
319981.BO,Tea Post,,
322685.BO,Aarvee Engg. Consult,,
321320.BO,Foodlink F&B Holding,,
321324.BO,Curefoods India,,
322741.BO,One Ikigaii Cluster,,
313707.BO,TrackPoint GPS,,
316182.BO,Rosmerta Digital Ser,,
314936.BO,Sara Solutions,,
321344.BO,Watrana Rentals,,
317921.BO,Inductus,,
317356.BO,BD Security,,
322368.BO,Access Point India,,
322763.BO,Mann Fleet Partners,,
321678.BO,Executive Centre,,
322722.BO,Elevate Campuses,,
323457.BO,Black Opal Consult.,,
321500.BO,Aggcon Equipments,,
323861.BO,NTL India,,
318579.BO,Earthood Services,,
322723.BO,Vishvaraj Environmen,,
322859.BO,Sureflo Techcon,,
219515.BO,BVG India,,
211659.BO,Course5 Intelligence,,
312537.BO,AITMC Ventures,,
312300.BO,Createroi Financial,,
314768.BO,Schnell Drone Techno,,
319227.BO,Innovatiview India,,
318060.BO,CIEL HR Services,,
322373.BO,Coreintegra Consult.,,
316280.BO,Franchiseindia.com,,
318014.BO,HCIN Network,,
322764.BO,Commtel Networks,,
319107.BO,Taiyo Feed Mill,,
322711.BO,Simran Agrovet,,
312972.BO,0,,0
